[
  {
    "label": "Bosanski",
    "id": "latin::bs",
    "inputIds": [
      "bs"
    ],
    "preload": true,
    "imEngineId": "latin",
    "dictFilePath": "dictionaries/bs.dict"
  },
  {
    "label": "Català",
    "id": "latin::ca",
    "inputIds": [
      "ca"
    ],
    "preload": true,
    "imEngineId": "latin",
    "dictFilePath": "dictionaries/ca.dict"
  },
  {
    "label": "Dansk",
    "id": "latin::da",
    "inputIds": [
      "da"
    ],
    "preload": true,
    "imEngineId": "latin",
    "dictFilePath": "dictionaries/da.dict"
  },
  {
    "label": "Deutsch",
    "id": "latin::de",
    "inputIds": [
      "de"
    ],
    "preload": true,
    "imEngineId": "latin",
    "dictFilePath": "dictionaries/de.dict"
  },
  {
    "label": "English",
    "id": "latin::en_us",
    "inputIds": [
      "en",
      "en-Colemak",
      "en-Dvorak",
      "en-Neo"
    ],
    "preload": true,
    "imEngineId": "latin",
    "dictFilePath": "dictionaries/en_us.dict"
  },
  {
    "label": "Español",
    "id": "latin::es",
    "inputIds": [
      "es",
      "es-Americas"
    ],
    "preload": true,
    "imEngineId": "latin",
    "dictFilePath": "dictionaries/es.dict"
  },
  {
    "label": "Français",
    "id": "latin::fr",
    "inputIds": [
      "fr",
      "fr-CA",
      "fr-CH",
      "fr-Dvorak-bepo"
    ],
    "preload": true,
    "imEngineId": "latin",
    "dictFilePath": "dictionaries/fr.dict"
  },
  {
    "label": "Gaeilge",
    "id": "latin::ga",
    "inputIds": [
      "ga"
    ],
    "preload": true,
    "imEngineId": "latin",
    "dictFilePath": "dictionaries/ga.dict"
  },
  {
    "label": "Gaelg",
    "id": "latin::gv",
    "inputIds": [
      "gv"
    ],
    "preload": true,
    "imEngineId": "latin",
    "dictFilePath": "dictionaries/gv.dict"
  },
  {
    "label": "Gàidhlig",
    "id": "latin::gd",
    "inputIds": [
      "gd"
    ],
    "preload": true,
    "imEngineId": "latin",
    "dictFilePath": "dictionaries/gd.dict"
  },
  {
    "label": "Hrvatski",
    "id": "latin::hr",
    "inputIds": [
      "hr"
    ],
    "preload": true,
    "imEngineId": "latin",
    "dictFilePath": "dictionaries/hr.dict"
  },
  {
    "label": "Italiano",
    "id": "latin::it",
    "inputIds": [
      "it"
    ],
    "preload": true,
    "imEngineId": "latin",
    "dictFilePath": "dictionaries/it.dict"
  },
  {
    "label": "Japanese - Kanji",
    "id": "jp-kanji",
    "inputIds": [
      "jp-kanji"
    ],
    "preload": true
  },
  {
    "label": "Lietuvių",
    "id": "latin::lt",
    "inputIds": [
      "lt"
    ],
    "preload": true,
    "imEngineId": "latin",
    "dictFilePath": "dictionaries/lt.dict"
  },
  {
    "label": "Magyar",
    "id": "latin::hu",
    "inputIds": [
      "hu"
    ],
    "preload": true,
    "imEngineId": "latin",
    "dictFilePath": "dictionaries/hu.dict"
  },
  {
    "label": "Nederlands",
    "id": "latin::nl",
    "inputIds": [
      "nl"
    ],
    "preload": true,
    "imEngineId": "latin",
    "dictFilePath": "dictionaries/nl.dict"
  },
  {
    "label": "Norsk",
    "id": "latin::nb",
    "inputIds": [
      "nb"
    ],
    "preload": true,
    "imEngineId": "latin",
    "dictFilePath": "dictionaries/nb.dict"
  },
  {
    "label": "Polski",
    "id": "latin::pl",
    "inputIds": [
      "pl"
    ],
    "preload": true,
    "imEngineId": "latin",
    "dictFilePath": "dictionaries/pl.dict"
  },
  {
    "label": "Português (do Brasil)",
    "id": "latin::pt_br",
    "inputIds": [
      "pt-BR"
    ],
    "preload": true,
    "imEngineId": "latin",
    "dictFilePath": "dictionaries/pt_br.dict"
  },
  {
    "label": "Pulaar-Fulfulde",
    "id": "ff",
    "inputIds": [
      "ff"
    ],
    "preload": true
  },
  {
    "label": "Pусский",
    "id": "latin::ru",
    "inputIds": [
      "ru"
    ],
    "preload": true,
    "imEngineId": "latin",
    "dictFilePath": "dictionaries/ru.dict"
  },
  {
    "label": "Română",
    "id": "latin::ro",
    "inputIds": [
      "ro"
    ],
    "preload": true,
    "imEngineId": "latin",
    "dictFilePath": "dictionaries/ro.dict"
  },
  {
    "label": "Slovenčina",
    "id": "latin::sk",
    "inputIds": [
      "sk"
    ],
    "preload": true,
    "imEngineId": "latin",
    "dictFilePath": "dictionaries/sk.dict"
  },
  {
    "label": "Srpski",
    "id": "latin::sr-Latn",
    "inputIds": [
      "sr-Latn"
    ],
    "preload": true,
    "imEngineId": "latin",
    "dictFilePath": "dictionaries/sr-Latn.dict"
  },
  {
    "label": "Svenska",
    "id": "latin::sv",
    "inputIds": [
      "sv"
    ],
    "preload": true,
    "imEngineId": "latin",
    "dictFilePath": "dictionaries/sv.dict"
  },
  {
    "label": "Tiếng Việt",
    "id": "vi-Typewriter",
    "inputIds": [
      "vi-Typewriter"
    ],
    "preload": true
  },
  {
    "label": "Tiếng Việt (QWERTY)",
    "id": "vi-Qwerty",
    "inputIds": [
      "vi-Qwerty"
    ],
    "preload": true
  },
  {
    "label": "Tiếng Việt (Telex)",
    "id": "vi-Telex",
    "inputIds": [
      "vi-Telex"
    ],
    "preload": true
  },
  {
    "label": "Türkçe",
    "id": "latin::tr",
    "inputIds": [
      "tr-F",
      "tr-Q"
    ],
    "preload": true,
    "imEngineId": "latin",
    "dictFilePath": "dictionaries/tr.dict"
  },
  {
    "label": "Česká",
    "id": "latin::cs",
    "inputIds": [
      "cs"
    ],
    "preload": true,
    "imEngineId": "latin",
    "dictFilePath": "dictionaries/cs.dict"
  },
  {
    "label": "Ελληνικό",
    "id": "latin::el",
    "inputIds": [
      "el"
    ],
    "preload": true,
    "imEngineId": "latin",
    "dictFilePath": "dictionaries/el.dict"
  },
  {
    "label": "Български",
    "id": "latin::bg",
    "inputIds": [
      "bg-BDS",
      "bg-Pho-Ban",
      "bg-Pho-Trad"
    ],
    "preload": true,
    "imEngineId": "latin",
    "dictFilePath": "dictionaries/bg.dict"
  },
  {
    "label": "Македонски",
    "id": "mk",
    "inputIds": [
      "mk"
    ],
    "preload": true
  },
  {
    "label": "Српски",
    "id": "latin::sr-Cyrl",
    "inputIds": [
      "sr-Cyrl"
    ],
    "preload": true,
    "imEngineId": "latin",
    "dictFilePath": "dictionaries/sr-Cyrl.dict"
  },
  {
    "label": "עִבְרִית",
    "id": "he",
    "inputIds": [
      "he"
    ],
    "preload": true
  },
  {
    "label": "العربية",
    "id": "ar",
    "inputIds": [
      "ar"
    ],
    "preload": true
  },
  {
    "label": "हिन्दी",
    "id": "hi",
    "inputIds": [
      "hi"
    ],
    "preload": true
  },
  {
    "label": "বাংলা - অভ্র",
    "id": "bn-Avro",
    "inputIds": [
      "bn-Avro"
    ],
    "preload": true
  },
  {
    "label": "বাংলা - প্রভাত",
    "id": "bn-Probhat",
    "inputIds": [
      "bn-Probhat"
    ],
    "preload": true
  },
  {
    "label": "தமிழ்",
    "id": "ta",
    "inputIds": [
      "ta"
    ],
    "preload": true
  },
  {
    "label": "རྫོང་ཁ",
    "id": "dz-BT",
    "inputIds": [
      "dz-BT"
    ],
    "preload": true
  },
  {
    "label": "မြန်မာ",
    "id": "my",
    "inputIds": [
      "my"
    ],
    "preload": true
  },
  {
    "label": "拼音",
    "id": "zh-Hans-Pinyin",
    "inputIds": [
      "zh-Hans-Pinyin"
    ],
    "preload": true
  },
  {
    "label": "注音",
    "id": "zh-Hant-Zhuyin",
    "inputIds": [
      "zh-Hant-Zhuyin"
    ],
    "preload": true
  },
  {
    "label": "한국어",
    "id": "ko",
    "inputIds": [
      "ko"
    ],
    "preload": true
  }
]