[{"$i":"back","$v":"رجوع"},{"$i":"save","$v":"حِفظ"},{"$i":"hide","$v":"إخفاء"},{"$i":"cancel","$v":"إلغاء"},{"$i":"confirm","$v":"تأكيد"},{"$i":"done","$v":"تم"},{"$i":"events","$v":"احداث"},{"$i":"edit","$v":"حرّر"},{"$i":"allday-events","$v":"جميع أحداث اليوم"},{"$i":"no-events","$v":"No Events"},{"$i":"show-today","$v":"اليوم"},{"$i":"show-month-view","$v":"شهر"},{"$i":"show-week-view","$v":"أسبوع"},{"$i":"show-day-view","$v":"يوم"},{"$i":"settings-show","$v":"الإعدادات"},{"$i":"settings-hide","$v":"أخفِ الإعدادات"},{"$i":"add-account","$v":"أضف حساباً"},{"$i":"new-event","$v":"إضافة حدث"},{"$i":"view-event-header","$v":"Event"},{"$i":"new-event-header","$v":"Add Event"},{"$i":"edit-event-header","$v":"Edit Event"},{"$i":"account-header","$v":"الحساب"},{"$i":"account-list-header","$v":"الحسابات"},{"$i":"advanced-settings-short","$v":"Settings"},{"$i":"advanced-settings-header","$v":"إعدادات التقويم"},{"$i":"advanced-settings-personalization","$v":"تخصيص"},{"$i":"advanced-settings-reminders","$v":"التذكيرات"},{"$i":"advanced-settings-add-account","$v":"Add Account"},{"$i":"field-user","placeholder":"إسم المستخدم"},{"$i":"field-password","placeholder":"كلمة السّر"},{"$i":"field-full-url","placeholder":"العنوان"},{"$i":"modify-account-setting-up","$v":"الرجاء الانتظار حتى يتم اعداد حسابك"},{"$i":"modify-account-unable-to-sync","$v":"غير قادر على التزامن"},{"$i":"modify-account-sign-in","$v":"تسجيل الدخول"},{"$i":"preset-caldav","$v":"CalDav"},{"$i":"preset-yahoo","$v":"Yahoo!"},{"$i":"preset-google","$v":"Google"},{"$i":"preset-local","$v":"تقويم دون متصل"},{"$i":"preset-mozilla","$v":"موزيلا زِمبرا"},{"$i":"calendar-local","$v":"تقويم دون متصل"},{"$i":"event-title","placeholder":"العنوان"},{"$i":"event-location","placeholder":"أين؟"},{"$i":"event-description","placeholder":"الملاحظات"},{"$i":"event-is-allday","$v":"جميع أحداث اليوم؟"},{"$i":"event-start-date","placeholder":"تاريخ البدء"},{"$i":"event-end-date","placeholder":"تاريخ الإنتهاء"},{"$i":"event-start-time","placeholder":"توقيت البدء"},{"$i":"event-end-time","placeholder":"توقيت الإنتهاء"},{"$i":"event-delete","$v":"حذف الحدث"},{"$i":"remove-account-data","$v":"حذف البيانات المحلية"},{"$i":"remove-account-dialog","$v":"حذف الحساب"},{"$i":"remove-account-dialog-details","$v":"حذف هذا الحساب يؤدي إلى حذف كل نسخك المحلية للتقويمات و الأحداث"},{"$i":"drawer-sync-button","$v":"Sync"},{"$i":"sync-frequency","$v":"مزامنة التقويم"},{"$i":"sync-frequency-15min","$v":"15 min"},{"$i":"sync-frequency-30min","$v":"30 min"},{"$i":"sync-frequency-manual","$v":"Manually"},{"$i":"one-day-duration","$v":[{"t":"idOrVar","v":"startDate"},"<br>from ",{"t":"idOrVar","v":"startTime"}," to ",{"t":"idOrVar","v":"endTime"}]},{"$i":"multiple-day-duration","$v":["From ",{"t":"idOrVar","v":"startTime"}," ",{"t":"idOrVar","v":"startDate"},"<br>to ",{"t":"idOrVar","v":"endTime"}," ",{"t":"idOrVar","v":"endDate"}]},{"$i":"one-all-day-duration","$v":["All day<br>",{"t":"idOrVar","v":"startDate"}]},{"$i":"multiple-all-day-duration","$v":["All day from ",{"t":"idOrVar","v":"startDate"},"<br>to ",{"t":"idOrVar","v":"endDate"}]},{"$i":"none","$v":"لا يوجد"},{"$i":"reminder","$v":"Reminder:"},{"$i":"remind-me","$v":"ذكّرني"},{"$i":"alarm-at-event-standard","$v":"في وقت الحدث"},{"$i":"alarm-at-event-allday","$v":"في يوم الحدث"},{"$i":"alarm-start-notice","$v":[{"t":"idOrVar","v":"title"}," يبدأ ",{"t":"idOrVar","v":"distance"}]},{"$i":"alarm-started-notice","$v":[{"t":"idOrVar","v":"title"}," بَدَأ ",{"t":"idOrVar","v":"distance"}]},{"$i":"minutes-before","$v":{"zero":"قبل 0 دقيقة","one":"قبل دقيقة واحدة","two":"قبل دقيقتين","few":["قبل ",{"t":"idOrVar","v":"value"}," دقائق"],"many":["قبل ",{"t":"idOrVar","v":"value"}," دقائق"],"other":["قبل ",{"t":"idOrVar","v":"value"}," دقائق"]},"$x":[{"t":"idOrVar","v":"plural"},"value"]},{"$i":"hours-before","$v":{"zero":"قبل 0 ساعة","one":"قبل ساعة واحدة","two":"قبل ساعتين","few":["قبل ",{"t":"idOrVar","v":"value"}," ساعات"],"many":["قبل ",{"t":"idOrVar","v":"value"}," ساعة"],"other":["قبل ",{"t":"idOrVar","v":"value"}," ساعات"]},"$x":[{"t":"idOrVar","v":"plural"},"value"]},{"$i":"days-before","$v":{"zero":"قبل 0 يوم","one":"قبل يوم واحد","two":"قبل يومين","few":["قبل ",{"t":"idOrVar","v":"value"}," أيام"],"many":["قبل ",{"t":"idOrVar","v":"value"}," يوم"],"other":["قبل ",{"t":"idOrVar","v":"value"}," يوم"]},"$x":[{"t":"idOrVar","v":"plural"},"value"]},{"$i":"weeks-before","$v":{"zero":"قبل 0 أسابيع","one":"قبل أسبوع واحد","two":"قبل أسبوعين","few":["قبل ",{"t":"idOrVar","v":"value"}," أسابيع"],"many":["قبل ",{"t":"idOrVar","v":"value"}," أسبوع"],"other":["قبل ",{"t":"idOrVar","v":"value"}," أسبوع"]},"$x":[{"t":"idOrVar","v":"plural"},"value"]},{"$i":"months-before","$v":{"zero":"قبل 0 شهر","one":"قبل شهر واحد","two":"قبل شهرين","few":["قبل ",{"t":"idOrVar","v":"value"}," أشهر"],"many":["قبل ",{"t":"idOrVar","v":"value"}," شهر"],"other":["قبل ",{"t":"idOrVar","v":"value"}," شهر"]},"$x":[{"t":"idOrVar","v":"plural"},"value"]},{"$i":"years-before","$v":{"zero":"قبل 0 سنة","one":"قبل سنة واحدة","two":"قبل سنتين","few":["قبل ",{"t":"idOrVar","v":"value"}," سنوات"],"many":["قبل ",{"t":"idOrVar","v":"value"}," سنة"],"other":["قبل ",{"t":"idOrVar","v":"value"}," سنة"]},"$x":[{"t":"idOrVar","v":"plural"},"value"]},{"$i":"minutes-after","$v":{"zero":"بعد 0 دقيقة","one":"بعد دقيقة واحدة","two":"بعد دقيقتين","few":["بعد ",{"t":"idOrVar","v":"value"}," دقائق"],"many":["بعد ",{"t":"idOrVar","v":"value"}," دقيقة"],"other":["بعد ",{"t":"idOrVar","v":"value"}," دقيقة"]},"$x":[{"t":"idOrVar","v":"plural"},"value"]},{"$i":"hours-after","$v":{"zero":"بعد 0 ساعة","one":"بعد ساعة واحدة","two":"بعد ساعتين","few":["بعد ",{"t":"idOrVar","v":"value"}," ساعات"],"many":["بعد ",{"t":"idOrVar","v":"value"}," ساعة"],"other":["بعد ",{"t":"idOrVar","v":"value"}," ساعة"]},"$x":[{"t":"idOrVar","v":"plural"},"value"]},{"$i":"days-after","$v":{"zero":"بعد 0 يوم","one":"بعد يوم واحد","two":"بعد يومين","few":["بعد ",{"t":"idOrVar","v":"value"}," أيام"],"many":["بعد ",{"t":"idOrVar","v":"value"}," يوم"],"other":["بعد ",{"t":"idOrVar","v":"value"}," يوم"]},"$x":[{"t":"idOrVar","v":"plural"},"value"]},{"$i":"weeks-after","$v":{"zero":"بعد 0 أسبوع","one":"بعد أسبوع واحد","two":"بعد أسبوعين","few":["بعد ",{"t":"idOrVar","v":"value"}," أسابيع"],"many":["بعد ",{"t":"idOrVar","v":"value"}," أسبوع"],"other":["بعد ",{"t":"idOrVar","v":"value"}," أسبوع"]},"$x":[{"t":"idOrVar","v":"plural"},"value"]},{"$i":"months-after","$v":{"zero":"بعد 0 شهر","one":"بعد شهر واحد","two":"بعد شهرين","few":["بعد ",{"t":"idOrVar","v":"value"}," أشهر"],"many":["بعد ",{"t":"idOrVar","v":"value"}," شهر"],"other":["بعد ",{"t":"idOrVar","v":"value"}," شهر"]},"$x":[{"t":"idOrVar","v":"plural"},"value"]},{"$i":"years-after","$v":{"zero":"بعد 0 سنة","one":"بعد سنة واحدة","two":"بعد سنتين","few":["بعد ",{"t":"idOrVar","v":"value"}," سنوات"],"many":["بعد ",{"t":"idOrVar","v":"value"}," سنة"],"other":["بعد ",{"t":"idOrVar","v":"value"}," سنة"]},"$x":[{"t":"idOrVar","v":"plural"},"value"]},{"$i":"hour-format12","$v":"%I %p"},{"$i":"hour-format24","$v":"%H"},{"$i":"week-hour-format12","$v":"%I %p"},{"$i":"week-hour-format24","$v":"%H"},{"$i":"hour-allday","$v":"طول اليوم"},{"$i":"week-day","$v":"%a %e"},{"$i":"current-time12","$v":"%I:%M"},{"$i":"current-time24","$v":"%H:%M"},{"$i":"multi-month-view-header-format","$v":"%b %Y"},{"$i":"day-view-header-format","$v":"%b %e, %A"},{"$i":"months-day-view-header-format","$v":"%A, %b %e"},{"$i":"longDateFormat","$v":"%A, %B %d, %Y"},{"$i":"error-start-date-after-end-date","$v":"The event cannot end before its start date"},{"$i":"error-start-time-after-end-time","$v":"The event cannot end before its start time"},{"$i":"error-unauthenticated","$v":"اسم المستخدم أو كلمة السِّر غير صحيحة"},{"$i":"error-internal-server-error","$v":"خطأ في الخادم. تحقق من تسجيل دخولك وحاول مرة أخرى."},{"$i":"error-default","$v":"هنالك خطأ. حاول مرة أخرى."},{"$i":"error-offline","$v":"لا يوجد اتصال. تحقق من اعدادت الشبكة وحاول مرة أخرى."},{"$i":"error-account-exist","$v":"هذا الحساب موجود مسبقاً."},{"$i":"notification-error-sync-title","$v":"خطأ في تزامن التقويم"},{"$i":"notification-error-sync-description","$v":"انقر لمزيد من المعلومات"},{"$i":"weekday-0-single-char","$v":"S","ariaLabel":"Sunday"},{"$i":"weekday-1-single-char","$v":"M","ariaLabel":"Monday"},{"$i":"weekday-2-single-char","$v":"T","ariaLabel":"Tuesday"},{"$i":"weekday-3-single-char","$v":"W","ariaLabel":"Wednesday"},{"$i":"weekday-4-single-char","$v":"T","ariaLabel":"Thursday"},{"$i":"weekday-5-single-char","$v":"F","ariaLabel":"Friday"},{"$i":"weekday-6-single-char","$v":"S","ariaLabel":"Saturday"},{"$i":"busy","$v":{"one":[{"t":"idOrVar","v":"n"}," event"],"two":[{"t":"idOrVar","v":"n"}," events"],"few":[{"t":"idOrVar","v":"n"}," events"],"many":[{"t":"idOrVar","v":"n"}," events"],"other":[{"t":"idOrVar","v":"n"}," events"]},"$x":[{"t":"idOrVar","v":"plural"},"n"]},{"$i":"present","ariaLabel":"Today"},{"$i":"past-other-month","$v":"Other month"},{"$i":"future-other-month","$v":"Other month"},{"$i":"icon-calendar-alarm","ariaLabel":"Has alarm"},{"$i":"calendars","ariaLabel":"Calendars"},{"$i":"multi-day-new-event-link","ariaLabel":"Add event"},{"$i":"title","ariaLabel":"Title"},{"$i":"location","ariaLabel":"Location"},{"$i":"duration","ariaLabel":"Duration"},{"$i":"calendar","ariaLabel":"Calendar"},{"$i":"alarms","ariaLabel":"Alarms"},{"$i":"description","ariaLabel":"Description"},{"$i":"start-date","ariaLabel":"Start date"},{"$i":"start-time","ariaLabel":"Start time"},{"$i":"end-date","ariaLabel":"End date"},{"$i":"end-time","ariaLabel":"End time"},{"$i":"during-progress-loading","ariaValueText":"Loading"},{"$i":"all-day","ariaLabel":"All day"},{"$i":"create-event","ariaLabel":"Create event"},{"$i":"create-all-day-event","ariaLabel":"Create all day event"},{"$i":"event-one-day-duration","ariaLabel":["from ",{"t":"idOrVar","v":"startTime"}," to ",{"t":"idOrVar","v":"endTime"}]},{"$i":"week-event-one-day-duration","ariaLabel":[{"t":"idOrVar","v":"startDate"}," from ",{"t":"idOrVar","v":"startTime"}," to ",{"t":"idOrVar","v":"endTime"}]},{"$i":"event-multiple-day-duration","ariaLabel":["From ",{"t":"idOrVar","v":"startTime"}," ",{"t":"idOrVar","v":"startDate"}," to ",{"t":"idOrVar","v":"endTime"}," ",{"t":"idOrVar","v":"endDate"}]},{"$i":"weekday-0-long","$v":"الأحد"},{"$i":"weekday-1-long","$v":"الإثنين"},{"$i":"weekday-2-long","$v":"الثلاثاء"},{"$i":"weekday-3-long","$v":"الأربعاء"},{"$i":"weekday-4-long","$v":"الخميس"},{"$i":"weekday-5-long","$v":"الجمعة"},{"$i":"weekday-6-long","$v":"السبت"},{"$i":"weekday-0-short","$v":"أحد"},{"$i":"weekday-1-short","$v":"إثنين"},{"$i":"weekday-2-short","$v":"ثلاثاء"},{"$i":"weekday-3-short","$v":"أربعاء"},{"$i":"weekday-4-short","$v":"خميس"},{"$i":"weekday-5-short","$v":"جمعة"},{"$i":"weekday-6-short","$v":"سبت"},{"$i":"month-0-long","$v":"يناير"},{"$i":"month-1-long","$v":"فبراير"},{"$i":"month-2-long","$v":"مارس"},{"$i":"month-3-long","$v":"أبريل"},{"$i":"month-4-long","$v":"مايو"},{"$i":"month-5-long","$v":"يونيو"},{"$i":"month-6-long","$v":"يوليو"},{"$i":"month-7-long","$v":"أغسطس"},{"$i":"month-8-long","$v":"سبتمبر"},{"$i":"month-9-long","$v":"أكتوبر"},{"$i":"month-10-long","$v":"نوفمبر"},{"$i":"month-11-long","$v":"ديسمبر"},{"$i":"month-0-genitive","$v":"يناير"},{"$i":"month-1-genitive","$v":"فبراير"},{"$i":"month-2-genitive","$v":"مارس"},{"$i":"month-3-genitive","$v":"أبريل"},{"$i":"month-4-genitive","$v":"مايو"},{"$i":"month-5-genitive","$v":"يونيو"},{"$i":"month-6-genitive","$v":"يوليو"},{"$i":"month-7-genitive","$v":"أغسطس"},{"$i":"month-8-genitive","$v":"سبتمبر"},{"$i":"month-9-genitive","$v":"أكتوبر"},{"$i":"month-10-genitive","$v":"نوفمبر"},{"$i":"month-11-genitive","$v":"ديسمبر"},{"$i":"month-0-short","$v":"يناير"},{"$i":"month-1-short","$v":"فبراير"},{"$i":"month-2-short","$v":"مارس"},{"$i":"month-3-short","$v":"ابريل"},{"$i":"month-4-short","$v":"مايو"},{"$i":"month-5-short","$v":"يونيو"},{"$i":"month-6-short","$v":"يوليو"},{"$i":"month-7-short","$v":"أغسطس"},{"$i":"month-8-short","$v":"سبتمبر"},{"$i":"month-9-short","$v":"أكتوبر"},{"$i":"month-10-short","$v":"نوفمبر"},{"$i":"month-11-short","$v":"ديسمبر"},{"$i":"minutes-ago-long","$v":{"zero":"الآن","one":"منذ دقيقة","two":["منذ ",{"t":"idOrVar","v":"value"}," دقائق"],"few":["منذ ",{"t":"idOrVar","v":"value"}," دقائق"],"many":["منذ ",{"t":"idOrVar","v":"value"}," دقائق"],"other":["منذ ",{"t":"idOrVar","v":"value"}," دقائق"]},"$x":[{"t":"idOrVar","v":"plural"},"value"]},{"$i":"hours-ago-long","$v":{"zero":"الآن","one":"قبل ساعة واحدة","two":"منذ ساعتين","few":["قبل ",{"t":"idOrVar","v":"value"}," ساعات"],"many":["قبل ",{"t":"idOrVar","v":"value"}," ساعة"],"other":["قبل ",{"t":"idOrVar","v":"value"}," ساعة"]},"$x":[{"t":"idOrVar","v":"plural"},"value"]},{"$i":"days-ago-long","$v":{"zero":"اليوم","one":"الأمس","two":"قبل يومين","few":["قبل ",{"t":"idOrVar","v":"value"}," أيام"],"many":["قبل ",{"t":"idOrVar","v":"value"}," يوم"],"other":["قبل ",{"t":"idOrVar","v":"value"}," يوم"]},"$x":[{"t":"idOrVar","v":"plural"},"value"]},{"$i":"weeks-ago-long","$v":{"zero":"هذا الأسبوع","one":"الأسبوع الماضي","two":["منذ ",{"t":"idOrVar","v":"value"}," أسابيع"],"few":["منذ ",{"t":"idOrVar","v":"value"}," أسابيع"],"many":["منذ ",{"t":"idOrVar","v":"value"}," أسابيع"],"other":["منذ ",{"t":"idOrVar","v":"value"}," أسابيع"]},"$x":[{"t":"idOrVar","v":"plural"},"value"]},{"$i":"months-ago-long","$v":{"zero":"هذا الشهر","one":"الشهر الماضي","two":["منذ ",{"t":"idOrVar","v":"value"}," أشهر"],"few":["منذ ",{"t":"idOrVar","v":"value"}," أشهر"],"many":["منذ ",{"t":"idOrVar","v":"value"}," أشهر"],"other":["منذ ",{"t":"idOrVar","v":"value"}," أشهر"]},"$x":[{"t":"idOrVar","v":"plural"},"value"]},{"$i":"years-ago-long","$v":{"zero":"هذه السنة","one":"السنة الماضية","two":"منذ سنتين","few":["منذ ",{"t":"idOrVar","v":"value"}," سنوات"],"many":["منذ ",{"t":"idOrVar","v":"value"}," سنة"],"other":["منذ ",{"t":"idOrVar","v":"value"}," سنة"]},"$x":[{"t":"idOrVar","v":"plural"},"value"]},{"$i":"minutes-until-long","$v":{"zero":"الآن","one":"خلال دقيقة","two":"خلال دقيقتين","few":["خلال ",{"t":"idOrVar","v":"value"}," دقائق"],"many":["خلال ",{"t":"idOrVar","v":"value"}," دقيقة"],"other":["خلال ",{"t":"idOrVar","v":"value"}," دقيقة"]},"$x":[{"t":"idOrVar","v":"plural"},"value"]},{"$i":"hours-until-long","$v":{"zero":"الآن","one":"خلال ساعة","two":"خلال ساعتين","few":["خلال ",{"t":"idOrVar","v":"value"}," ساعات"],"many":["خلال ",{"t":"idOrVar","v":"value"}," ساعة"],"other":["خلال ",{"t":"idOrVar","v":"value"}," ساعة"]},"$x":[{"t":"idOrVar","v":"plural"},"value"]},{"$i":"days-until-long","$v":{"zero":"اليوم","one":"غداً","two":"خلال يومين","few":["خلال ",{"t":"idOrVar","v":"value"}," أيام"],"many":["خلال ",{"t":"idOrVar","v":"value"}," يوم"],"other":["خلال ",{"t":"idOrVar","v":"value"}," يوم"]},"$x":[{"t":"idOrVar","v":"plural"},"value"]},{"$i":"weeks-until-long","$v":{"zero":"هذا الأسبوع","one":"الأسبوع القادم","two":"خلال اسبوعين","few":["خلال ",{"t":"idOrVar","v":"value"}," أسابيع"],"many":["خلال ",{"t":"idOrVar","v":"value"}," أسبوع"],"other":["خلال ",{"t":"idOrVar","v":"value"}," أسبوع"]},"$x":[{"t":"idOrVar","v":"plural"},"value"]},{"$i":"months-until-long","$v":{"zero":"هذا الشهر","one":"الشهر القادم","two":"خلال شهرين","few":["خلال ",{"t":"idOrVar","v":"value"}," أشهر"],"many":["خلال ",{"t":"idOrVar","v":"value"}," شهر"],"other":["خلال ",{"t":"idOrVar","v":"value"}," شهر"]},"$x":[{"t":"idOrVar","v":"plural"},"value"]},{"$i":"years-until-long","$v":{"zero":"هذه السنة","one":"السنة القادمة","two":"خلال سنتين","few":["خلال ",{"t":"idOrVar","v":"value"}," سنوات"],"many":["خلال ",{"t":"idOrVar","v":"value"}," سنة"],"other":["خلال ",{"t":"idOrVar","v":"value"}," سنة"]},"$x":[{"t":"idOrVar","v":"plural"},"value"]},{"$i":"minutes-ago-short","$v":{"zero":"الآن","other":["منذ ",{"t":"idOrVar","v":"value"}," دقيقة"]},"$x":[{"t":"idOrVar","v":"plural"},"value"]},{"$i":"hours-ago-short","$v":{"zero":"الآن","other":["منذ ",{"t":"idOrVar","v":"value"}," س"]},"$x":[{"t":"idOrVar","v":"plural"},"value"]},{"$i":"days-ago-short","$v":{"zero":"اليوم","other":["منذ ",{"t":"idOrVar","v":"value"}," ي"]},"$x":[{"t":"idOrVar","v":"plural"},"value"]},{"$i":"minutes-until-short","$v":{"zero":"الآن","other":["خلال ",{"t":"idOrVar","v":"value"}," د"]},"$x":[{"t":"idOrVar","v":"plural"},"value"]},{"$i":"hours-until-short","$v":{"zero":"الآن","other":["خلال ",{"t":"idOrVar","v":"value"}," س"]},"$x":[{"t":"idOrVar","v":"plural"},"value"]},{"$i":"days-until-short","$v":{"zero":"اليوم","other":["خلال ",{"t":"idOrVar","v":"value"}," ي"]},"$x":[{"t":"idOrVar","v":"plural"},"value"]},{"$i":"incorrectDate","$v":"(تاريخ غير صحيح)"},{"$i":"dateTimeFormat_%c","$v":"%a %b %e %Y %I:%M:%S %p"},{"$i":"dateTimeFormat_%x","$v":"%m/%d/%Y"},{"$i":"dateTimeFormat_%X","$v":"%I:%M:%S %p"},{"$i":"shortTimeFormat","$v":"%I:%M %p"},{"$i":"shortTimeFormat12","$v":"%I:%M %p"},{"$i":"shortTimeFormat24","$v":"%H:%M"},{"$i":"shortDateTimeFormat","$v":"%x %I:%M %p"},{"$i":"weekStartsOnMonday","$v":"0"},{"$i":"time_am","$v":"ص"},{"$i":"time_pm","$v":"م"}]