[{"$i":"back","$v":"Retour"},{"$i":"save","$v":"Enregistrer"},{"$i":"hide","$v":"Masquer"},{"$i":"cancel","$v":"Annuler"},{"$i":"confirm","$v":"Confirmer"},{"$i":"done","$v":"Fini"},{"$i":"events","$v":"Évènements"},{"$i":"edit","$v":"Modifier"},{"$i":"allday-events","$v":"Évènements sur jours entiers"},{"$i":"no-events","$v":"No Events"},{"$i":"show-today","$v":"Aujourd’hui"},{"$i":"show-month-view","$v":"Mois"},{"$i":"show-week-view","$v":"Semaine"},{"$i":"show-day-view","$v":"Jour"},{"$i":"settings-show","$v":"Paramètres"},{"$i":"settings-hide","$v":"Masquer les paramètres"},{"$i":"add-account","$v":"Ajouter un compte"},{"$i":"new-event","$v":"Ajouter un évènement"},{"$i":"view-event-header","$v":"Event"},{"$i":"new-event-header","$v":"Add Event"},{"$i":"edit-event-header","$v":"Edit Event"},{"$i":"account-header","$v":"Compte"},{"$i":"account-list-header","$v":"Comptes"},{"$i":"advanced-settings-short","$v":"Settings"},{"$i":"advanced-settings-header","$v":"Paramètres agenda"},{"$i":"advanced-settings-personalization","$v":"Personnalisation"},{"$i":"advanced-settings-reminders","$v":"Rappels"},{"$i":"advanced-settings-add-account","$v":"Add Account"},{"$i":"field-user","placeholder":"Utilisateur"},{"$i":"field-password","placeholder":"Mot de passe"},{"$i":"field-full-url","placeholder":"Adresse URL"},{"$i":"modify-account-setting-up","$v":"Veuillez patienter pendant la configuration de votre compte"},{"$i":"modify-account-unable-to-sync","$v":"Synchronisation impossible"},{"$i":"modify-account-sign-in","$v":"Se connecter"},{"$i":"preset-caldav","$v":"CalDav"},{"$i":"preset-yahoo","$v":"Yahoo!"},{"$i":"preset-google","$v":"Google"},{"$i":"preset-local","$v":"Agenda hors-ligne"},{"$i":"preset-mozilla","$v":"Mozilla Zimbra"},{"$i":"calendar-local","$v":"Agenda hors-ligne"},{"$i":"event-title","placeholder":"Titre"},{"$i":"event-location","placeholder":"Où ?"},{"$i":"event-description","placeholder":"Notes"},{"$i":"event-is-allday","$v":"Évènement sur toute la journée ?"},{"$i":"event-start-date","placeholder":"Date de début"},{"$i":"event-end-date","placeholder":"Date de fin"},{"$i":"event-start-time","placeholder":"Heure de début"},{"$i":"event-end-time","placeholder":"Heure de fin"},{"$i":"event-delete","$v":"Supprimer l’évènement"},{"$i":"remove-account-data","$v":"Supprimer les données locales"},{"$i":"remove-account-dialog","$v":"Supprimer le compte"},{"$i":"remove-account-dialog-details","$v":"Supprimer ce compte supprimera également votre copie locale des agendas et évènements associés."},{"$i":"drawer-sync-button","$v":"Sync"},{"$i":"sync-frequency","$v":"Synchronisation de l’agenda"},{"$i":"sync-frequency-15min","$v":"15 min"},{"$i":"sync-frequency-30min","$v":"30 min"},{"$i":"sync-frequency-manual","$v":"Manually"},{"$i":"one-day-duration","$v":[{"t":"idOrVar","v":"startDate"},"<br>from ",{"t":"idOrVar","v":"startTime"}," to ",{"t":"idOrVar","v":"endTime"}]},{"$i":"multiple-day-duration","$v":["From ",{"t":"idOrVar","v":"startTime"}," ",{"t":"idOrVar","v":"startDate"},"<br>to ",{"t":"idOrVar","v":"endTime"}," ",{"t":"idOrVar","v":"endDate"}]},{"$i":"one-all-day-duration","$v":["All day<br>",{"t":"idOrVar","v":"startDate"}]},{"$i":"multiple-all-day-duration","$v":["All day from ",{"t":"idOrVar","v":"startDate"},"<br>to ",{"t":"idOrVar","v":"endDate"}]},{"$i":"none","$v":"Jamais"},{"$i":"reminder","$v":"Reminder:"},{"$i":"remind-me","$v":"Me le rappeler"},{"$i":"alarm-at-event-standard","$v":"Lors de l’évènement"},{"$i":"alarm-at-event-allday","$v":"Le jour de l’évènement"},{"$i":"alarm-start-notice","$v":[{"t":"idOrVar","v":"title"}," débutera ",{"t":"idOrVar","v":"distance"}]},{"$i":"alarm-started-notice","$v":[{"t":"idOrVar","v":"title"}," a débuté ",{"t":"idOrVar","v":"distance"}]},{"$i":"minutes-before","$v":{"zero":"0 minutes avant","one":"1 minute avant","two":[{"t":"idOrVar","v":"value"}," minutes avant"],"few":[{"t":"idOrVar","v":"value"}," minutes avant"],"many":[{"t":"idOrVar","v":"value"}," minutes avant"],"other":[{"t":"idOrVar","v":"value"}," minutes avant"]},"$x":[{"t":"idOrVar","v":"plural"},"value"]},{"$i":"hours-before","$v":{"zero":"0 heures avant","one":"1 heure avant","two":[{"t":"idOrVar","v":"value"}," heures avant"],"few":[{"t":"idOrVar","v":"value"}," heures avant"],"many":[{"t":"idOrVar","v":"value"}," heures avant"],"other":[{"t":"idOrVar","v":"value"}," heures avant"]},"$x":[{"t":"idOrVar","v":"plural"},"value"]},{"$i":"days-before","$v":{"zero":"0 jours avant","one":"1 jour avant","two":[{"t":"idOrVar","v":"value"}," jours avant"],"few":[{"t":"idOrVar","v":"value"}," jours avant"],"many":[{"t":"idOrVar","v":"value"}," jours avant"],"other":[{"t":"idOrVar","v":"value"}," jours avant"]},"$x":[{"t":"idOrVar","v":"plural"},"value"]},{"$i":"weeks-before","$v":{"zero":"0 semaines avant","one":"1 semaine avant","two":[{"t":"idOrVar","v":"value"}," semaines avant"],"few":[{"t":"idOrVar","v":"value"}," semaines avant"],"many":[{"t":"idOrVar","v":"value"}," semaines avant"],"other":[{"t":"idOrVar","v":"value"}," semaines avant"]},"$x":[{"t":"idOrVar","v":"plural"},"value"]},{"$i":"months-before","$v":{"zero":"0 mois avant","one":"1 mois avant","two":[{"t":"idOrVar","v":"value"}," mois avant"],"few":[{"t":"idOrVar","v":"value"}," mois avant"],"many":[{"t":"idOrVar","v":"value"}," mois avant"],"other":[{"t":"idOrVar","v":"value"}," mois avant"]},"$x":[{"t":"idOrVar","v":"plural"},"value"]},{"$i":"years-before","$v":{"zero":"0 ans avant","one":"1 an avant","two":[{"t":"idOrVar","v":"value"}," ans avant"],"few":[{"t":"idOrVar","v":"value"}," ans avant"],"many":[{"t":"idOrVar","v":"value"}," ans avant"],"other":[{"t":"idOrVar","v":"value"}," ans avant"]},"$x":[{"t":"idOrVar","v":"plural"},"value"]},{"$i":"minutes-after","$v":{"zero":"0 minutes après","one":"1 minute après","two":[{"t":"idOrVar","v":"value"}," minutes après"],"few":[{"t":"idOrVar","v":"value"}," minutes après"],"many":[{"t":"idOrVar","v":"value"}," minutes après"],"other":[{"t":"idOrVar","v":"value"}," minutes après"]},"$x":[{"t":"idOrVar","v":"plural"},"value"]},{"$i":"hours-after","$v":{"zero":"0 heures après","one":"1 heure après","two":[{"t":"idOrVar","v":"value"}," heures après"],"few":[{"t":"idOrVar","v":"value"}," heures après"],"many":[{"t":"idOrVar","v":"value"}," heures après"],"other":[{"t":"idOrVar","v":"value"}," heures après"]},"$x":[{"t":"idOrVar","v":"plural"},"value"]},{"$i":"days-after","$v":{"zero":"0 jours après","one":"1 jour après","two":[{"t":"idOrVar","v":"value"}," jours après"],"few":[{"t":"idOrVar","v":"value"}," jours après"],"many":[{"t":"idOrVar","v":"value"}," jours après"],"other":[{"t":"idOrVar","v":"value"}," jours après"]},"$x":[{"t":"idOrVar","v":"plural"},"value"]},{"$i":"weeks-after","$v":{"zero":"0 semaines après","one":"1 semaine après","two":[{"t":"idOrVar","v":"value"}," semaines après"],"few":[{"t":"idOrVar","v":"value"}," semaines après"],"many":[{"t":"idOrVar","v":"value"}," semaines après"],"other":[{"t":"idOrVar","v":"value"}," semaines après"]},"$x":[{"t":"idOrVar","v":"plural"},"value"]},{"$i":"months-after","$v":{"zero":"0 mois après","one":"1 mois après","two":[{"t":"idOrVar","v":"value"}," mois après"],"few":[{"t":"idOrVar","v":"value"}," mois après"],"many":[{"t":"idOrVar","v":"value"}," mois après"],"other":[{"t":"idOrVar","v":"value"}," mois après"]},"$x":[{"t":"idOrVar","v":"plural"},"value"]},{"$i":"years-after","$v":{"zero":"0 ans après","one":"1 an après","two":[{"t":"idOrVar","v":"value"}," ans après"],"few":[{"t":"idOrVar","v":"value"}," ans après"],"many":[{"t":"idOrVar","v":"value"}," ans après"],"other":[{"t":"idOrVar","v":"value"}," ans après"]},"$x":[{"t":"idOrVar","v":"plural"},"value"]},{"$i":"hour-format12","$v":"%I %p"},{"$i":"hour-format24","$v":"%H"},{"$i":"week-hour-format12","$v":"%I %p"},{"$i":"week-hour-format24","$v":"%H"},{"$i":"hour-allday","$v":"Journée"},{"$i":"week-day","$v":"%a %e"},{"$i":"current-time12","$v":"%I:%M"},{"$i":"current-time24","$v":"%H:%M"},{"$i":"multi-month-view-header-format","$v":"%b %Y"},{"$i":"day-view-header-format","$v":"%A %e %Eb"},{"$i":"months-day-view-header-format","$v":"%A, %b %e"},{"$i":"longDateFormat","$v":"%A, %B %d, %Y"},{"$i":"error-start-date-after-end-date","$v":"The event cannot end before its start date"},{"$i":"error-start-time-after-end-time","$v":"The event cannot end before its start time"},{"$i":"error-unauthenticated","$v":"Mauvais nom d’utilisateur et/ou mot de passe"},{"$i":"error-internal-server-error","$v":"Erreur du serveur. Vérifiez votre nom d’utilisateur et réessayez."},{"$i":"error-default","$v":"Une erreur s’est produite. Veuillez réessayer plus tard."},{"$i":"error-offline","$v":"Aucune connexion. Vérifiez la configuration réseau et réessayez."},{"$i":"error-account-exist","$v":"Ce compte existe déjà."},{"$i":"notification-error-sync-title","$v":"Erreur synchronisation agenda"},{"$i":"notification-error-sync-description","$v":"Appuyer pour plus d’informations"},{"$i":"weekday-0-single-char","$v":"S","ariaLabel":"Sunday"},{"$i":"weekday-1-single-char","$v":"M","ariaLabel":"Monday"},{"$i":"weekday-2-single-char","$v":"T","ariaLabel":"Tuesday"},{"$i":"weekday-3-single-char","$v":"W","ariaLabel":"Wednesday"},{"$i":"weekday-4-single-char","$v":"T","ariaLabel":"Thursday"},{"$i":"weekday-5-single-char","$v":"F","ariaLabel":"Friday"},{"$i":"weekday-6-single-char","$v":"S","ariaLabel":"Saturday"},{"$i":"busy","$v":{"one":[{"t":"idOrVar","v":"n"}," event"],"two":[{"t":"idOrVar","v":"n"}," events"],"few":[{"t":"idOrVar","v":"n"}," events"],"many":[{"t":"idOrVar","v":"n"}," events"],"other":[{"t":"idOrVar","v":"n"}," events"]},"$x":[{"t":"idOrVar","v":"plural"},"n"]},{"$i":"present","ariaLabel":"Today"},{"$i":"past-other-month","$v":"Other month"},{"$i":"future-other-month","$v":"Other month"},{"$i":"icon-calendar-alarm","ariaLabel":"Has alarm"},{"$i":"calendars","ariaLabel":"Calendars"},{"$i":"multi-day-new-event-link","ariaLabel":"Add event"},{"$i":"title","ariaLabel":"Title"},{"$i":"location","ariaLabel":"Location"},{"$i":"duration","ariaLabel":"Duration"},{"$i":"calendar","ariaLabel":"Calendar"},{"$i":"alarms","ariaLabel":"Alarms"},{"$i":"description","ariaLabel":"Description"},{"$i":"start-date","ariaLabel":"Start date"},{"$i":"start-time","ariaLabel":"Start time"},{"$i":"end-date","ariaLabel":"End date"},{"$i":"end-time","ariaLabel":"End time"},{"$i":"during-progress-loading","ariaValueText":"Loading"},{"$i":"all-day","ariaLabel":"All day"},{"$i":"create-event","ariaLabel":"Create event"},{"$i":"create-all-day-event","ariaLabel":"Create all day event"},{"$i":"event-one-day-duration","ariaLabel":["from ",{"t":"idOrVar","v":"startTime"}," to ",{"t":"idOrVar","v":"endTime"}]},{"$i":"week-event-one-day-duration","ariaLabel":[{"t":"idOrVar","v":"startDate"}," from ",{"t":"idOrVar","v":"startTime"}," to ",{"t":"idOrVar","v":"endTime"}]},{"$i":"event-multiple-day-duration","ariaLabel":["From ",{"t":"idOrVar","v":"startTime"}," ",{"t":"idOrVar","v":"startDate"}," to ",{"t":"idOrVar","v":"endTime"}," ",{"t":"idOrVar","v":"endDate"}]},{"$i":"weekday-0-long","$v":"Dimanche"},{"$i":"weekday-1-long","$v":"Lundi"},{"$i":"weekday-2-long","$v":"Mardi"},{"$i":"weekday-3-long","$v":"Mercredi"},{"$i":"weekday-4-long","$v":"Jeudi"},{"$i":"weekday-5-long","$v":"Vendredi"},{"$i":"weekday-6-long","$v":"Samedi"},{"$i":"weekday-0-short","$v":"dim"},{"$i":"weekday-1-short","$v":"lun"},{"$i":"weekday-2-short","$v":"mar"},{"$i":"weekday-3-short","$v":"mer"},{"$i":"weekday-4-short","$v":"jeu"},{"$i":"weekday-5-short","$v":"ven"},{"$i":"weekday-6-short","$v":"sam"},{"$i":"month-0-long","$v":"Janvier"},{"$i":"month-1-long","$v":"Février"},{"$i":"month-2-long","$v":"Mars"},{"$i":"month-3-long","$v":"Avril"},{"$i":"month-4-long","$v":"Mai"},{"$i":"month-5-long","$v":"Juin"},{"$i":"month-6-long","$v":"Juillet"},{"$i":"month-7-long","$v":"Août"},{"$i":"month-8-long","$v":"Septembre"},{"$i":"month-9-long","$v":"Octobre"},{"$i":"month-10-long","$v":"Novembre"},{"$i":"month-11-long","$v":"Décembre"},{"$i":"month-0-genitive","$v":"janvier"},{"$i":"month-1-genitive","$v":"février"},{"$i":"month-2-genitive","$v":"mars"},{"$i":"month-3-genitive","$v":"avril"},{"$i":"month-4-genitive","$v":"mai"},{"$i":"month-5-genitive","$v":"juin"},{"$i":"month-6-genitive","$v":"juillet"},{"$i":"month-7-genitive","$v":"août"},{"$i":"month-8-genitive","$v":"septembre"},{"$i":"month-9-genitive","$v":"octobre"},{"$i":"month-10-genitive","$v":"novembre"},{"$i":"month-11-genitive","$v":"décembre"},{"$i":"month-0-short","$v":"jan."},{"$i":"month-1-short","$v":"fév."},{"$i":"month-2-short","$v":"mars"},{"$i":"month-3-short","$v":"avr."},{"$i":"month-4-short","$v":"mai"},{"$i":"month-5-short","$v":"juin"},{"$i":"month-6-short","$v":"juil."},{"$i":"month-7-short","$v":"août"},{"$i":"month-8-short","$v":"sep."},{"$i":"month-9-short","$v":"oct."},{"$i":"month-10-short","$v":"nov."},{"$i":"month-11-short","$v":"déc."},{"$i":"minutes-ago-long","$v":{"zero":"à l’instant","one":["il y a ",{"t":"idOrVar","v":"value"}," minute"],"two":["il y a ",{"t":"idOrVar","v":"value"}," minutes"],"few":["il y a ",{"t":"idOrVar","v":"value"}," minutes"],"many":["il y a ",{"t":"idOrVar","v":"value"}," minutes"],"other":["il y a ",{"t":"idOrVar","v":"value"}," minutes"]},"$x":[{"t":"idOrVar","v":"plural"},"value"]},{"$i":"hours-ago-long","$v":{"zero":"à l’instant","one":["il y a ",{"t":"idOrVar","v":"value"}," heure"],"two":["il y a ",{"t":"idOrVar","v":"value"}," heures"],"few":["il y a ",{"t":"idOrVar","v":"value"}," heures"],"many":["il y a ",{"t":"idOrVar","v":"value"}," heures"],"other":["il y a ",{"t":"idOrVar","v":"value"}," heures"]},"$x":[{"t":"idOrVar","v":"plural"},"value"]},{"$i":"days-ago-long","$v":{"zero":"aujourd’hui","one":"hier","two":["il y a ",{"t":"idOrVar","v":"value"}," jours"],"few":["il y a ",{"t":"idOrVar","v":"value"}," jours"],"many":["il y a ",{"t":"idOrVar","v":"value"}," jours"],"other":["il y a ",{"t":"idOrVar","v":"value"}," jours"]},"$x":[{"t":"idOrVar","v":"plural"},"value"]},{"$i":"weeks-ago-long","$v":{"zero":"cette semaine","one":"la semaine dernière","two":["il y a ",{"t":"idOrVar","v":"value"}," semaines"],"few":["il y a ",{"t":"idOrVar","v":"value"}," semaines"],"many":["il y a ",{"t":"idOrVar","v":"value"}," semaines"],"other":["il y a ",{"t":"idOrVar","v":"value"}," semaines"]},"$x":[{"t":"idOrVar","v":"plural"},"value"]},{"$i":"months-ago-long","$v":{"zero":"ce mois-ci","one":"le mois dernier","two":["il y a ",{"t":"idOrVar","v":"value"}," mois"],"few":["il y a ",{"t":"idOrVar","v":"value"}," mois"],"many":["il y a ",{"t":"idOrVar","v":"value"}," mois"],"other":["il y a ",{"t":"idOrVar","v":"value"}," mois"]},"$x":[{"t":"idOrVar","v":"plural"},"value"]},{"$i":"years-ago-long","$v":{"zero":"cette année","one":"l’année dernière","two":["il y a ",{"t":"idOrVar","v":"value"}," ans"],"few":["il y a ",{"t":"idOrVar","v":"value"}," ans"],"many":["il y a ",{"t":"idOrVar","v":"value"}," ans"],"other":["il y a ",{"t":"idOrVar","v":"value"}," ans"]},"$x":[{"t":"idOrVar","v":"plural"},"value"]},{"$i":"minutes-until-long","$v":{"zero":"maintenant","one":["dans ",{"t":"idOrVar","v":"value"}," minute"],"two":["dans ",{"t":"idOrVar","v":"value"}," minutes"],"few":["dans ",{"t":"idOrVar","v":"value"}," minutes"],"many":["dans ",{"t":"idOrVar","v":"value"}," minutes"],"other":["dans ",{"t":"idOrVar","v":"value"}," minutes"]},"$x":[{"t":"idOrVar","v":"plural"},"value"]},{"$i":"hours-until-long","$v":{"zero":"maintenant","one":["dans ",{"t":"idOrVar","v":"value"}," heure"],"two":["dans ",{"t":"idOrVar","v":"value"}," heures"],"few":["dans ",{"t":"idOrVar","v":"value"}," heures"],"many":["dans ",{"t":"idOrVar","v":"value"}," heures"],"other":["dans ",{"t":"idOrVar","v":"value"}," heures"]},"$x":[{"t":"idOrVar","v":"plural"},"value"]},{"$i":"days-until-long","$v":{"zero":"aujourd’hui","one":"demain","two":["dans ",{"t":"idOrVar","v":"value"}," jours"],"few":["dans ",{"t":"idOrVar","v":"value"}," jours"],"many":["dans ",{"t":"idOrVar","v":"value"}," jours"],"other":["dans ",{"t":"idOrVar","v":"value"}," jours"]},"$x":[{"t":"idOrVar","v":"plural"},"value"]},{"$i":"weeks-until-long","$v":{"zero":"cette semaine","one":"la semaine prochaine","two":["dans ",{"t":"idOrVar","v":"value"}," semaines"],"few":["dans ",{"t":"idOrVar","v":"value"}," semaines"],"many":["dans ",{"t":"idOrVar","v":"value"}," semaines"],"other":["dans ",{"t":"idOrVar","v":"value"}," semaines"]},"$x":[{"t":"idOrVar","v":"plural"},"value"]},{"$i":"months-until-long","$v":{"zero":"ce mois-ci","one":"le mois prochain","two":["dans ",{"t":"idOrVar","v":"value"}," mois"],"few":["dans ",{"t":"idOrVar","v":"value"}," mois"],"many":["dans ",{"t":"idOrVar","v":"value"}," mois"],"other":["dans ",{"t":"idOrVar","v":"value"}," mois"]},"$x":[{"t":"idOrVar","v":"plural"},"value"]},{"$i":"years-until-long","$v":{"zero":"cette année","one":"l’année prochaine","two":["dans ",{"t":"idOrVar","v":"value"}," ans"],"few":["dans ",{"t":"idOrVar","v":"value"}," ans"],"many":["dans ",{"t":"idOrVar","v":"value"}," ans"],"other":["dans ",{"t":"idOrVar","v":"value"}," ans"]},"$x":[{"t":"idOrVar","v":"plural"},"value"]},{"$i":"minutes-ago-short","$v":{"zero":"à l’instant","other":["il y a ",{"t":"idOrVar","v":"value"}," min"]},"$x":[{"t":"idOrVar","v":"plural"},"value"]},{"$i":"hours-ago-short","$v":{"zero":"à l’instant","other":["il y a ",{"t":"idOrVar","v":"value"},"h"]},"$x":[{"t":"idOrVar","v":"plural"},"value"]},{"$i":"days-ago-short","$v":{"zero":"aujourd’hui","other":["il y a ",{"t":"idOrVar","v":"value"},"j"]},"$x":[{"t":"idOrVar","v":"plural"},"value"]},{"$i":"minutes-until-short","$v":{"zero":"maintenant","other":["dans ",{"t":"idOrVar","v":"value"},"m"]},"$x":[{"t":"idOrVar","v":"plural"},"value"]},{"$i":"hours-until-short","$v":{"zero":"maintenant","other":["dans ",{"t":"idOrVar","v":"value"},"h"]},"$x":[{"t":"idOrVar","v":"plural"},"value"]},{"$i":"days-until-short","$v":{"zero":"aujourd’hui","other":["dans ",{"t":"idOrVar","v":"value"},"j"]},"$x":[{"t":"idOrVar","v":"plural"},"value"]},{"$i":"incorrectDate","$v":"(date incorrecte)"},{"$i":"dateTimeFormat_%c","$v":"%a %e %b %Y %H:%M:%S"},{"$i":"dateTimeFormat_%x","$v":"%d/%m/%Y"},{"$i":"dateTimeFormat_%X","$v":"%H:%M:%S"},{"$i":"shortTimeFormat","$v":"%H:%M"},{"$i":"shortTimeFormat12","$v":"%I:%M %p"},{"$i":"shortTimeFormat24","$v":"%H:%M"},{"$i":"shortDateTimeFormat","$v":"%x %H:%M"},{"$i":"weekStartsOnMonday","$v":"1"},{"$i":"time_am","$v":"AM"},{"$i":"time_pm","$v":"PM"}]