[{"$i":"stopped_download_title","$v":"لقد توقف التنزيل"},{"$i":"stopped_download_message","$v":"لقد توقف التنزيل, حاول مرة اخرى ؟"},{"$i":"stopped_download_left_button","$v":"ألغِ"},{"$i":"stopped_download_right_button","$v":"أعِد المحاولة"},{"$i":"failed_download_title","$v":"فشل التنزيل"},{"$i":"failed_download_message","$v":["فشل تنزيل ",{"t":"idOrVar","v":"name"},". هل تريد إعادة المحاولة مرة أخرى؟"]},{"$i":"failed_download_left_button","$v":"ألغِ"},{"$i":"failed_download_right_button","$v":"أعِد المحاولة"},{"$i":"stop_download_title","$v":"أوقف التنزيل"},{"$i":"stop_download_message","$v":"هل أنت متأكد أنك تريد إيقاف التنزيل؟"},{"$i":"stop_download_left_button","$v":"لا"},{"$i":"stop_download_right_button","$v":"نعم"},{"$i":"delete_download_title","$v":"احذف"},{"$i":"delete_download_message","$v":["حذف ",{"t":"idOrVar","v":"name"},"؟"]},{"$i":"delete_download_left_button","$v":"ألغِ"},{"$i":"delete_download_right_button","$v":"حذف"},{"$i":"delete_all_download_title","$v":"احذف"},{"$i":"delete_all_download_left_button","$v":"ألغِ"},{"$i":"delete_all_download_right_button","$v":"احذف"},{"$i":"delete_all_download_message","$v":{"zero":"حذف أي ملفات؟","one":"حذف ملف واحد؟","two":"حذف ملفين؟","few":["حذف ",{"t":"idOrVar","v":"number"}," ملفات؟"],"many":["حذف ",{"t":"idOrVar","v":"number"}," ملف؟"],"other":["حذف ",{"t":"idOrVar","v":"number"}," ملف؟"]},"$x":[{"t":"idOrVar","v":"plural"},"number"]},{"$i":"unsupported_file_type_download_title","$v":"تعذر فتح"},{"$i":"unsupported_file_type_download_message","$v":["لا يوجد برنامج يمكنه فتح ",{"t":"idOrVar","v":"name"},". هل تريد حفظ الملف أم حذفه؟"]},{"$i":"unsupported_file_type_download_left_button","$v":"إبقاء الملف"},{"$i":"unsupported_file_type_download_right_button","$v":"احذف"},{"$i":"file_not_found_download_title","$v":"الملف غير موجود"},{"$i":"file_not_found_download_message","$v":"الملف غير موجود على الجهاز"},{"$i":"file_not_found_download_right_button","$v":"موافق"},{"$i":"unmounted_sdcard_2_download_title","$v":"بطاقة الذاكرة مستخدمة"},{"$i":"unmounted_sdcard_2_download_message","$v":"قم بفصل الهاتف"},{"$i":"unmounted_sdcard_2_download_right_button","$v":"موافق"},{"$i":"no_provider_download_title","$v":"غير قادر على مشاركة"},{"$i":"no_provider_download_message","$v":"لم يتم العثور على مزود"},{"$i":"no_provider_download_right_button","$v":"موافق"},{"$i":"no_memory_download_title","$v":"بطاقة الذاكرة ممتلئة"},{"$i":"no_memory_download_message","$v":"لايوجد مساحة كافية على بطاقة الذاكرة لحفظ التحميل. الرجاء حذف بعض الملفات قبل إعادة التحميل."},{"$i":"no_memory_download_right_button","$v":"موافق"},{"$i":"no_sdcard_found_2_download_title","$v":"بطاقة الذاكرة غير موجودة"},{"$i":"no_sdcard_found_2_download_message","$v":"ادخل بطاقة الذاكرة أو حدد موقع الوسائط الافتراضي في الإعدادات"},{"$i":"no_sdcard_found_2_download_right_button","$v":"موافق"},{"$i":"file_open_error_download_title","$v":"غير قابل للفتح"},{"$i":"file_open_error_download_message","$v":["هناك مشكلة في فتح ",{"t":"idOrVar","v":"name"},". هل تريد حفظ الملف أم حذفه؟"]},{"$i":"file_open_error_download_left_button","$v":"الإحتفاظ بالملف"},{"$i":"file_open_error_download_right_button","$v":"احذف"},{"$i":"restart_download_error","$v":"حدث خطأ عند إعادة بدأ التنزيل. من فضلك أعد التنزيل مرة أخرى."},{"$i":"no-downloads","$v":"لا يوجد تنزيلات"},{"$i":"byteUnit-B","$v":"بايت"},{"$i":"byteUnit-KB","$v":"كيلو بايت"},{"$i":"byteUnit-MB","$v":"ميجا بايت"},{"$i":"byteUnit-GB","$v":"جيجا بايت"},{"$i":"byteUnit-TB","$v":"تيرا بايت"},{"$i":"fileSize","$v":[{"t":"idOrVar","v":"size"}," ",{"t":"idOrVar","v":"unit"}]},{"$i":"percentage","$v":[{"t":"idOrVar","v":"percentage"}," %"]},{"$i":"partialResult","$v":[{"t":"idOrVar","v":"partial"}," من ",{"t":"idOrVar","v":"total"}]},{"$i":"summary","$v":[{"t":"idOrVar","v":"date"}," - ",{"t":"idOrVar","v":"status"}]},{"$i":"download-stopped","$v":"متوقف"},{"$i":"download-failed","$v":"فشل التنزيل"},{"$i":"open_downloaded_file","$v":"افتح"},{"$i":"share_downloaded_file","$v":"مُشاركة"},{"$i":"wallpaper_downloaded_file","$v":"تعيين كخلفية"},{"$i":"ringtone_downloaded_file","$v":"تعيين كنغمة رنين"},{"$i":"cancel_downloaded_file","$v":"ألغِ"},{"$i":"brandShortName","$v":"Firefox OS"},{"$i":"browserBrandShortName","$v":"Firefox"},{"$i":"browserBrandFullName","$v":"Mozilla Firefox"},{"$i":"ringtoneBrandName","$v":"Firefox"},{"$i":"ringtoneSectionBrandName","$v":"Firefox"},{"$i":"weekday-0-long","$v":"الأحد"},{"$i":"weekday-1-long","$v":"الإثنين"},{"$i":"weekday-2-long","$v":"الثلاثاء"},{"$i":"weekday-3-long","$v":"الأربعاء"},{"$i":"weekday-4-long","$v":"الخميس"},{"$i":"weekday-5-long","$v":"الجمعة"},{"$i":"weekday-6-long","$v":"السبت"},{"$i":"weekday-0-short","$v":"أحد"},{"$i":"weekday-1-short","$v":"إثنين"},{"$i":"weekday-2-short","$v":"ثلاثاء"},{"$i":"weekday-3-short","$v":"أربعاء"},{"$i":"weekday-4-short","$v":"خميس"},{"$i":"weekday-5-short","$v":"جمعة"},{"$i":"weekday-6-short","$v":"سبت"},{"$i":"month-0-long","$v":"يناير"},{"$i":"month-1-long","$v":"فبراير"},{"$i":"month-2-long","$v":"مارس"},{"$i":"month-3-long","$v":"أبريل"},{"$i":"month-4-long","$v":"مايو"},{"$i":"month-5-long","$v":"يونيو"},{"$i":"month-6-long","$v":"يوليو"},{"$i":"month-7-long","$v":"أغسطس"},{"$i":"month-8-long","$v":"سبتمبر"},{"$i":"month-9-long","$v":"أكتوبر"},{"$i":"month-10-long","$v":"نوفمبر"},{"$i":"month-11-long","$v":"ديسمبر"},{"$i":"month-0-genitive","$v":"يناير"},{"$i":"month-1-genitive","$v":"فبراير"},{"$i":"month-2-genitive","$v":"مارس"},{"$i":"month-3-genitive","$v":"أبريل"},{"$i":"month-4-genitive","$v":"مايو"},{"$i":"month-5-genitive","$v":"يونيو"},{"$i":"month-6-genitive","$v":"يوليو"},{"$i":"month-7-genitive","$v":"أغسطس"},{"$i":"month-8-genitive","$v":"سبتمبر"},{"$i":"month-9-genitive","$v":"أكتوبر"},{"$i":"month-10-genitive","$v":"نوفمبر"},{"$i":"month-11-genitive","$v":"ديسمبر"},{"$i":"month-0-short","$v":"يناير"},{"$i":"month-1-short","$v":"فبراير"},{"$i":"month-2-short","$v":"مارس"},{"$i":"month-3-short","$v":"ابريل"},{"$i":"month-4-short","$v":"مايو"},{"$i":"month-5-short","$v":"يونيو"},{"$i":"month-6-short","$v":"يوليو"},{"$i":"month-7-short","$v":"أغسطس"},{"$i":"month-8-short","$v":"سبتمبر"},{"$i":"month-9-short","$v":"أكتوبر"},{"$i":"month-10-short","$v":"نوفمبر"},{"$i":"month-11-short","$v":"ديسمبر"},{"$i":"minutes-ago-long","$v":{"zero":"الآن","one":"منذ دقيقة","two":["منذ ",{"t":"idOrVar","v":"value"}," دقائق"],"few":["منذ ",{"t":"idOrVar","v":"value"}," دقائق"],"many":["منذ ",{"t":"idOrVar","v":"value"}," دقائق"],"other":["منذ ",{"t":"idOrVar","v":"value"}," دقائق"]},"$x":[{"t":"idOrVar","v":"plural"},"value"]},{"$i":"hours-ago-long","$v":{"zero":"الآن","one":"قبل ساعة واحدة","two":"منذ ساعتين","few":["قبل ",{"t":"idOrVar","v":"value"}," ساعات"],"many":["قبل ",{"t":"idOrVar","v":"value"}," ساعة"],"other":["قبل ",{"t":"idOrVar","v":"value"}," ساعة"]},"$x":[{"t":"idOrVar","v":"plural"},"value"]},{"$i":"days-ago-long","$v":{"zero":"اليوم","one":"الأمس","two":"قبل يومين","few":["قبل ",{"t":"idOrVar","v":"value"}," أيام"],"many":["قبل ",{"t":"idOrVar","v":"value"}," يوم"],"other":["قبل ",{"t":"idOrVar","v":"value"}," يوم"]},"$x":[{"t":"idOrVar","v":"plural"},"value"]},{"$i":"weeks-ago-long","$v":{"zero":"هذا الأسبوع","one":"الأسبوع الماضي","two":["منذ ",{"t":"idOrVar","v":"value"}," أسابيع"],"few":["منذ ",{"t":"idOrVar","v":"value"}," أسابيع"],"many":["منذ ",{"t":"idOrVar","v":"value"}," أسابيع"],"other":["منذ ",{"t":"idOrVar","v":"value"}," أسابيع"]},"$x":[{"t":"idOrVar","v":"plural"},"value"]},{"$i":"months-ago-long","$v":{"zero":"هذا الشهر","one":"الشهر الماضي","two":["منذ ",{"t":"idOrVar","v":"value"}," أشهر"],"few":["منذ ",{"t":"idOrVar","v":"value"}," أشهر"],"many":["منذ ",{"t":"idOrVar","v":"value"}," أشهر"],"other":["منذ ",{"t":"idOrVar","v":"value"}," أشهر"]},"$x":[{"t":"idOrVar","v":"plural"},"value"]},{"$i":"years-ago-long","$v":{"zero":"هذه السنة","one":"السنة الماضية","two":"منذ سنتين","few":["منذ ",{"t":"idOrVar","v":"value"}," سنوات"],"many":["منذ ",{"t":"idOrVar","v":"value"}," سنة"],"other":["منذ ",{"t":"idOrVar","v":"value"}," سنة"]},"$x":[{"t":"idOrVar","v":"plural"},"value"]},{"$i":"minutes-until-long","$v":{"zero":"الآن","one":"خلال دقيقة","two":"خلال دقيقتين","few":["خلال ",{"t":"idOrVar","v":"value"}," دقائق"],"many":["خلال ",{"t":"idOrVar","v":"value"}," دقيقة"],"other":["خلال ",{"t":"idOrVar","v":"value"}," دقيقة"]},"$x":[{"t":"idOrVar","v":"plural"},"value"]},{"$i":"hours-until-long","$v":{"zero":"الآن","one":"خلال ساعة","two":"خلال ساعتين","few":["خلال ",{"t":"idOrVar","v":"value"}," ساعات"],"many":["خلال ",{"t":"idOrVar","v":"value"}," ساعة"],"other":["خلال ",{"t":"idOrVar","v":"value"}," ساعة"]},"$x":[{"t":"idOrVar","v":"plural"},"value"]},{"$i":"days-until-long","$v":{"zero":"اليوم","one":"غداً","two":"خلال يومين","few":["خلال ",{"t":"idOrVar","v":"value"}," أيام"],"many":["خلال ",{"t":"idOrVar","v":"value"}," يوم"],"other":["خلال ",{"t":"idOrVar","v":"value"}," يوم"]},"$x":[{"t":"idOrVar","v":"plural"},"value"]},{"$i":"weeks-until-long","$v":{"zero":"هذا الأسبوع","one":"الأسبوع القادم","two":"خلال اسبوعين","few":["خلال ",{"t":"idOrVar","v":"value"}," أسابيع"],"many":["خلال ",{"t":"idOrVar","v":"value"}," أسبوع"],"other":["خلال ",{"t":"idOrVar","v":"value"}," أسبوع"]},"$x":[{"t":"idOrVar","v":"plural"},"value"]},{"$i":"months-until-long","$v":{"zero":"هذا الشهر","one":"الشهر القادم","two":"خلال شهرين","few":["خلال ",{"t":"idOrVar","v":"value"}," أشهر"],"many":["خلال ",{"t":"idOrVar","v":"value"}," شهر"],"other":["خلال ",{"t":"idOrVar","v":"value"}," شهر"]},"$x":[{"t":"idOrVar","v":"plural"},"value"]},{"$i":"years-until-long","$v":{"zero":"هذه السنة","one":"السنة القادمة","two":"خلال سنتين","few":["خلال ",{"t":"idOrVar","v":"value"}," سنوات"],"many":["خلال ",{"t":"idOrVar","v":"value"}," سنة"],"other":["خلال ",{"t":"idOrVar","v":"value"}," سنة"]},"$x":[{"t":"idOrVar","v":"plural"},"value"]},{"$i":"minutes-ago-short","$v":{"zero":"الآن","other":["منذ ",{"t":"idOrVar","v":"value"}," دقيقة"]},"$x":[{"t":"idOrVar","v":"plural"},"value"]},{"$i":"hours-ago-short","$v":{"zero":"الآن","other":["منذ ",{"t":"idOrVar","v":"value"}," س"]},"$x":[{"t":"idOrVar","v":"plural"},"value"]},{"$i":"days-ago-short","$v":{"zero":"اليوم","other":["منذ ",{"t":"idOrVar","v":"value"}," ي"]},"$x":[{"t":"idOrVar","v":"plural"},"value"]},{"$i":"minutes-until-short","$v":{"zero":"الآن","other":["خلال ",{"t":"idOrVar","v":"value"}," د"]},"$x":[{"t":"idOrVar","v":"plural"},"value"]},{"$i":"hours-until-short","$v":{"zero":"الآن","other":["خلال ",{"t":"idOrVar","v":"value"}," س"]},"$x":[{"t":"idOrVar","v":"plural"},"value"]},{"$i":"days-until-short","$v":{"zero":"اليوم","other":["خلال ",{"t":"idOrVar","v":"value"}," ي"]},"$x":[{"t":"idOrVar","v":"plural"},"value"]},{"$i":"incorrectDate","$v":"(تاريخ غير صحيح)"},{"$i":"dateTimeFormat_%c","$v":"%a %b %e %Y %I:%M:%S %p"},{"$i":"dateTimeFormat_%x","$v":"%m/%d/%Y"},{"$i":"dateTimeFormat_%X","$v":"%I:%M:%S %p"},{"$i":"shortTimeFormat","$v":"%I:%M %p"},{"$i":"shortTimeFormat12","$v":"%I:%M %p"},{"$i":"shortTimeFormat24","$v":"%H:%M"},{"$i":"shortDateTimeFormat","$v":"%x %I:%M %p"},{"$i":"weekStartsOnMonday","$v":"0"},{"$i":"time_am","$v":"ص"},{"$i":"time_pm","$v":"م"},{"$i":"title-app","$v":"App Permission"},{"$i":"title-web","$v":"Website Permission"},{"$i":"title-cam","$v":"Select Camera"},{"$i":"perm-alarms","$v":"Schedule Alarms"},{"$i":"perm-audio-capture","$v":"ميكروفون"},{"$i":"perm-audio-capture-appRequest","$v":["هل تريد السماح لـ ",{"t":"idOrVar","v":"app"}," باستخدام الميكروفون؟"]},{"$i":"perm-audio-capture-webRequest","$v":["هل تريد السماح لـ ",{"t":"idOrVar","v":"site"}," باستخدام الميكروفون؟"]},{"$i":"perm-audio-channel-content","$v":"Play Sounds"},{"$i":"perm-audio-channel-notification","$v":"Play Notification Sounds"},{"$i":"perm-audio-channel-ringer","$v":"Play Ringtone Sounds"},{"$i":"perm-background-sensors","$v":"Access Sensor Data"},{"$i":"perm-bluetooth","$v":"Bluetooth"},{"$i":"perm-browser","$v":"Inspect Web Pages"},{"$i":"perm-camera","$v":"Cameras"},{"$i":"perm-camera-selector-appRequest","$v":["Select a camera for ",{"t":"idOrVar","v":"app"},"."]},{"$i":"perm-camera-selector-webRequest","$v":["Select a camera for ",{"t":"idOrVar","v":"site"},"."]},{"$i":"perm-cellbroadcast","$v":"Cell Broadcasts"},{"$i":"perm-contacts","$v":"جهات الاتصال"},{"$i":"perm-contacts-appRequest","$v":[{"t":"idOrVar","v":"app"}," يريد الوصول الى قائمة جهات اتصالك."]},{"$i":"perm-contacts-webRequest","$v":[{"t":"idOrVar","v":"site"}," يريد الوصول الى قائمة جهات اتصالك."]},{"$i":"perm-desktop-notification","$v":"التنبيهات"},{"$i":"perm-desktop-notification-appRequest","$v":[{"t":"idOrVar","v":"app"}," يريد ان يُظهر تنبيهات."]},{"$i":"perm-desktop-notification-webRequest","$v":[{"t":"idOrVar","v":"site"}," يريد ان يُظهر تنبيهات."]},{"$i":"perm-device-storage-apps","$v":"Apps Storage"},{"$i":"perm-device-storage-music","$v":"سعة الصوتيات"},{"$i":"perm-device-storage-music-appRequest","$v":[{"t":"idOrVar","v":"app"}," يريد الوصول الى صوتياتك."]},{"$i":"perm-device-storage-music-webRequest","$v":[{"t":"idOrVar","v":"site"}," يريد الوصول الى صوتياتك."]},{"$i":"perm-device-storage-pictures","$v":"سعة الصور"},{"$i":"perm-device-storage-pictures-appRequest","$v":[{"t":"idOrVar","v":"app"}," يريد الوصول الى صورك."]},{"$i":"perm-device-storage-pictures-webRequest","$v":[{"t":"idOrVar","v":"site"}," يريد الوصول الى صورك."]},{"$i":"perm-device-storage-sdcard","$v":"سعة بطاقة الذاكرة"},{"$i":"perm-device-storage-sdcard-appRequest","$v":[{"t":"idOrVar","v":"app"},"  يريد الوصول الى بطاقة الذاكرة."]},{"$i":"perm-device-storage-sdcard-webRequest","$v":[{"t":"idOrVar","v":"site"}," يريد الوصول الى بطاقة الذاكرة."]},{"$i":"perm-device-storage-videos","$v":"سعة الفيديو"},{"$i":"perm-device-storage-videos-appRequest","$v":[{"t":"idOrVar","v":"app"}," يريد الوصول الى فيديوهاتك."]},{"$i":"perm-device-storage-videos-webRequest","$v":[{"t":"idOrVar","v":"site"}," يريد الوصول الى فيديوهاتك."]},{"$i":"perm-embed-apps","$v":"Embed Apps"},{"$i":"perm-fmradio","$v":"راديو FM"},{"$i":"perm-fmradio-appRequest","$v":[{"t":"idOrVar","v":"app"},"  يريد ان يستخدم الراديو."]},{"$i":"perm-fmradio-webRequest","$v":[{"t":"idOrVar","v":"site"}," يريد ان يستخدم الراديو."]},{"$i":"perm-geolocation","$v":"تحديد الموقع الجغرافي"},{"$i":"perm-geolocation-appRequest","$v":[{"t":"idOrVar","v":"app"}," يريد أن يعرف موقعك."]},{"$i":"perm-geolocation-more-info","$v":[{"t":"idOrVar","v":"brandShortName"}," يستخدم بيانات من شبكات موبايل وواي فاي وجي بي اس قريبة منك لتحديد موقعك تقريبيا. يتم إرسال هذه البيانات لموزيلا وغيرها من مقدمي الخدمات ليتم استخدامها في تحسين قواعد البيانات الجغرافيّة. قد يتم تخزين هذه البيانات على جهازك وقد يتم تجميع هذه البيانات حتى إن لم تشغيل أي تطبيق."]},{"$i":"perm-geolocation-webRequest","$v":[{"t":"idOrVar","v":"site"}," يريد أن يعرف موقعك."]},{"$i":"perm-idle","$v":"See Idle Status"},{"$i":"perm-indexedDB-chrome-settings","$v":"Privileged IndexedDB"},{"$i":"perm-indexedDB-unlimited","$v":"Unlimited IndexedDB Storage"},{"$i":"perm-input-manage","$v":"Manage Keyboards"},{"$i":"perm-input","$v":"Act as a Keyboard"},{"$i":"perm-media-capture","$v":"الكاميرا والميكروفون"},{"$i":"perm-media-capture-appRequest","$v":["هل تريد السماح ل ",{"t":"idOrVar","v":"app"}," باستخدام الكاميرا والميكروفون؟"]},{"$i":"perm-media-capture-webRequest","$v":["هل تريد السماح ل ",{"t":"idOrVar","v":"site"}," باستخدام الكاميرا والميكروفون؟"]},{"$i":"perm-mobileconnection","$v":"Mobile Connection"},{"$i":"perm-mobileid","$v":"Mobile Identity"},{"$i":"perm-network-events","$v":"Network Events"},{"$i":"perm-open-remote-window","$v":"Start an App"},{"$i":"perm-permissions","$v":"Modify Apps Permissions"},{"$i":"perm-power","$v":"Power Settings"},{"$i":"perm-settings","$v":"Modify Settings"},{"$i":"perm-systemXHR","$v":"Cross-Origin Requests"},{"$i":"perm-telephony","$v":"Telephony"},{"$i":"perm-video-capture","$v":"الكاميرا"},{"$i":"perm-video-capture-appRequest","$v":["هل تريد السماح لـ ",{"t":"idOrVar","v":"app"}," باستخدام الكاميرا؟"]},{"$i":"perm-video-capture-webRequest","$v":["هل تريد السماح لـ ",{"t":"idOrVar","v":"site"}," باستخدام الكاميرا؟"]},{"$i":"perm-voicemail","$v":"Control Voicemail"},{"$i":"perm-webapps-manage","$v":"Install Webapps"},{"$i":"perm-wifi-manage","$v":"Manage Wi-Fi"},{"$i":"perm-attention","$v":"Open Overlay Popups"},{"$i":"perm-audio-channel-alarm","$v":"Play Alarm Sounds"},{"$i":"perm-audio-channel-normal","$v":"Play Sounds"},{"$i":"perm-audio-channel-publicnotification","$v":"Play public notification sounds"},{"$i":"perm-audio-channel-telephony","$v":"Play Telephony Sounds"},{"$i":"perm-backgroundservice","$v":"Act as a Background Service"},{"$i":"perm-device-storage-crashes","$v":"Crash Data Storage"},{"$i":"perm-downloads","$v":"Access Downloads"},{"$i":"perm-embed-widgets","$v":"Embed Widgets"},{"$i":"perm-feature-detection","$v":"Feature Detection"},{"$i":"perm-firefox-accounts","$v":"Firefox Accounts"},{"$i":"perm-mobilenetwork","$v":"Mobile Network"},{"$i":"perm-moz-attention","$v":"Open Overlay Popups (moz)"},{"$i":"perm-moz-audio-channel-ringer","$v":"Play Ringtone Sounds (moz)"},{"$i":"perm-moz-audio-channel-telephony","$v":"Play Telephony Sounds (moz)"},{"$i":"perm-moz-firefox-accounts","$v":"Firefox Accounts (moz)"},{"$i":"perm-networkstats-manage","$v":"Control Usage Stats"},{"$i":"perm-nfc","$v":"NFC"},{"$i":"perm-nfc-hci-events","$v":"NFC HCI Events"},{"$i":"perm-nfc-manager","$v":"Manage NFC"},{"$i":"perm-phonenumberservice","$v":"Phone Number Service"},{"$i":"perm-push","$v":"Push API"},{"$i":"perm-resourcestats-manage","$v":"Resource Stats"},{"$i":"perm-sms","$v":"Send and Read SMS"},{"$i":"perm-speaker-control","$v":"Control Volume"},{"$i":"perm-storage","$v":"Access Storage"},{"$i":"perm-tcp-socket","$v":"TCP Sockets"},{"$i":"perm-test-permission","$v":"Test Permission"},{"$i":"perm-time","$v":"Set Date and Time"},{"$i":"perm-udp-socket","$v":"UDP Sockets"},{"$i":"perm-wappush","$v":"WAP Push"},{"$i":"tz-region","$v":"المنطقة"},{"$i":"tz-city","$v":"المدينة"},{"$i":"tzRegion-Africa","$v":"أفريقيا"},{"$i":"tzRegion-America","$v":"أمريكا"},{"$i":"tzRegion-Antarctica","$v":"أنتاركتيكا"},{"$i":"tzRegion-Asia","$v":"أسيا"},{"$i":"tzRegion-Atlantic","$v":"المحيط الاطلسي"},{"$i":"tzRegion-Australia","$v":"استراليا"},{"$i":"tzRegion-Europe","$v":"أوروبا"},{"$i":"tzRegion-Indian","$v":"المحيط الهندي"},{"$i":"tzRegion-Pacific","$v":"المحيط الهادي"},{"$i":"ringtone-none","$v":"None"},{"$i":"ringer_bubble","$v":"Bubble"},{"$i":"ringer_chimer","$v":"Chimer"},{"$i":"ringer_cunning","$v":"Cunning"},{"$i":"ringer_dulco","$v":"Dulco"},{"$i":"ringer_firefox2","$v":[{"t":"idOrVar","v":"ringtoneBrandName"}]},{"$i":"ringer_garden","$v":"Garden"},{"$i":"ringer_marbled","$v":"Marbled"},{"$i":"ringer_opti","$v":"Opti"},{"$i":"ringer_pecko","$v":"Pecko"},{"$i":"ringer_pingy","$v":"Pingy"},{"$i":"ringer_poppop","$v":"Pop Pop"},{"$i":"ringer_sata","$v":"Sata"},{"$i":"ringer_simple","$v":"Clean"},{"$i":"ringer_standard1","$v":"Classic"},{"$i":"ringer_standard2","$v":"Classic Fast"},{"$i":"ringer_stutter","$v":"Stutter"},{"$i":"ringer_symmetry","$v":"Symmetry"},{"$i":"ringer_tailwind","$v":"Tail Wind"},{"$i":"ringer_thoughtful","$v":"Thoughtful"},{"$i":"ringer_wit","$v":"Wit"},{"$i":"ringer_zen","$v":"Zen"},{"$i":"notifier_bells","$v":"Bells"},{"$i":"notifier_bloom","$v":"Bloom"},{"$i":"notifier_chime","$v":"Chime"},{"$i":"notifier_clicka","$v":"Clicka"},{"$i":"notifier_digi","$v":"Digi"},{"$i":"notifier_dropplet","$v":"Dropplet"},{"$i":"notifier_firefox2","$v":[{"t":"idOrVar","v":"ringtoneBrandName"}]},{"$i":"notifier_hello","$v":"Hello"},{"$i":"notifier_lowmarble","$v":"Low Marble"},{"$i":"notifier_ping","$v":"Ping"},{"$i":"notifier_plickle","$v":"Plickle"},{"$i":"notifier_pocko","$v":"Pocko"},{"$i":"notifier_quado","$v":"Quado"},{"$i":"notifier_red","$v":"Red"},{"$i":"notifier_sato","$v":"Sato"},{"$i":"notifier_swipo","$v":"Swipo"},{"$i":"notifier_trickleup","$v":"Trickle Up"},{"$i":"notifier_trink","$v":"Trink"},{"$i":"notifier_verse","$v":"Verse"},{"$i":"settings","$v":"الاعدادات"},{"$i":"advancedSettings","$v":"اعدادات متقدمة"},{"$i":"default","$v":"الافتراضي"},{"$i":"enabled","$v":"مُفعّل"},{"$i":"enable","$v":"Enable"},{"$i":"disabled","$v":"معطّل"},{"$i":"error","$v":"خطأ"},{"$i":"ok","$v":"موافق"},{"$i":"yes","$v":"موافق"},{"$i":"no","$v":"لا"},{"$i":"reset","$v":"إعادة تعيين"},{"$i":"cancel","$v":"إلغاء"},{"$i":"close","$v":"إغلاق"},{"$i":"back","$v":"رجوع"},{"$i":"continue","$v":"متابعة"},{"$i":"skip","$v":"Skip"},{"$i":"pair","$v":"إقتران"},{"$i":"add","$v":"Add"},{"$i":"done","$v":"تم"},{"$i":"set","$v":"ضبط"},{"$i":"notNow","$v":"ليس الآن"},{"$i":"turnOn","$v":"فعِّل"},{"$i":"selectASIMCard","$v":"إختر بطاقة الـ SIM"},{"$i":"sim1","$v":"SIM 1"},{"$i":"sim2","$v":"SIM 2"},{"$i":"unavailable","$v":"غير متاح"},{"$i":"confirmation","$v":"Confirmation"},{"$i":"simSettingsWithIndex","$v":["SIM ",{"t":"idOrVar","v":"index"}," Settings"]},{"$i":"networkAndConnectivity","$v":"الشبكات و الإتصال"},{"$i":"airplaneMode","$v":"وضع الطيران"},{"$i":"geolocation","$v":"تحديد الموقع الجغرافي"},{"$i":"wifi","$v":"Wi-Fi"},{"$i":"wifi-header","$v":[{"t":"idOrVar","v":"wifi"}]},{"$i":"wifi-disabled","$v":"قم تشغيل الـ Wi-Fi لرؤية الشبكات المتاحة"},{"$i":"availableNetworks","$v":"الشبكات المتاحة"},{"$i":"knownNetworks","$v":"الشبكات المعروفة"},{"$i":"hiddenNetworks","$v":"الشبكات المخفية"},{"$i":"scanning","$v":"جارِ البحث ..."},{"$i":"scanNetworks","$v":"البحث مرة أخرى"},{"$i":"fullStatus-initializing","$v":"جارِ التحميل ..."},{"$i":"fullStatus-connecting","$v":["جارِ الاتصال ب ",{"t":"idOrVar","v":"ssid"}," …"]},{"$i":"fullStatus-associated","$v":"جارِ الحصول علي عنوان IP ..."},{"$i":"fullStatus-connected","$v":["تم الاتصال ب ",{"t":"idOrVar","v":"ssid"},"."]},{"$i":"fullStatus-connectingfailed","$v":"فشل الإتصال"},{"$i":"fullStatus-disconnected","$v":"غير متصل"},{"$i":"shortStatus-connecting","$v":"جارِ الاتصال ..."},{"$i":"shortStatus-associated","$v":"جارِ الحصول على عنوان IP ..."},{"$i":"shortStatus-connected","$v":"متصل"},{"$i":"shortStatus-connectingfailed","$v":"فشل الاتصال ."},{"$i":"shortStatus-disconnected","$v":"غير متصل ."},{"$i":"manageNetworks","$v":"إدارة الشبكات"},{"$i":"wifi-bad-credentials-title","$v":"Failed connecting to Wi-Fi"},{"$i":"wifi-bad-credentials-confirm","$v":["Unable to connect to ",{"t":"idOrVar","v":"ssid"},", authentication failed due to bad credentials. Please re-enter the network password."]},{"$i":"manageNetworks-header","$v":[{"t":"idOrVar","v":"manageNetworks"}]},{"$i":"manageCertificates","$v":"إدارة الشهادات"},{"$i":"manageCert","$v":"إدارة الشهادات"},{"$i":"joinHiddenNetwork","$v":"الإتصال بشبكة مخفية"},{"$i":"securedBy","$v":["الشبكة مؤمنة بـ ",{"t":"idOrVar","v":"capabilities"}]},{"$i":"security","$v":"الأمان"},{"$i":"securityNone","$v":"لا يوجد"},{"$i":"securityOpen","$v":"فتح"},{"$i":"notInRange","$v":"Not in range"},{"$i":"ipAddress","$v":"عنوان IP"},{"$i":"linkSpeed","$v":"سرعة الاتصال"},{"$i":"linkSpeedMbs","$v":[{"t":"idOrVar","v":"linkSpeed"}," ميجابت/ثانية"]},{"$i":"signalStrength","$v":"قوة الإشارة"},{"$i":"signalLevel0","$v":"ضعيف جداً"},{"$i":"signalLevel1","$v":"ضعيف"},{"$i":"signalLevel2","$v":"متوسط"},{"$i":"signalLevel3","$v":"جيد"},{"$i":"signalLevel4","$v":"جيد جداً"},{"$i":"forget","$v":"نسيان"},{"$i":"forgetNetwork-dialog","$v":"نسيان الشبكة؟"},{"$i":"forgetNetwork-confirmation","$v":"تأكيد"},{"$i":"authentication","$v":"المصادقة"},{"$i":"authentication-header","$v":[{"t":"idOrVar","v":"authentication"}]},{"$i":"eap","$v":"طريقة EAP"},{"$i":"auth-phase2","$v":"المرحلة الثانية للمصادقة"},{"$i":"server-certificate","$v":"شهادة الخادم"},{"$i":"import-certificate-msg","$v":"إشعار: إذا كنت في حاجة لاستيراد شهادات جديدة، يرجى الرجوع إلى \"إدارة الشهادات\"."},{"$i":"identity","$v":"المعرف"},{"$i":"password","$v":"كلمة السِّر"},{"$i":"showPassword","$v":"إظهار كلمة السر"},{"$i":"networkNotification","$v":"تنبيهات الشبكة"},{"$i":"networkNotification-expl","$v":"إعلامي عند العثور على شبكة مفتوحة"},{"$i":"macAddress","$v":"عنوان MAC"},{"$i":"deviceInfo_software","$v":[{"t":"idOrVar","v":"brandShortName"}," ",{"t":"idOrVar","v":"os"}]},{"$i":"macUnavailable","$v":"غير متوفّر"},{"$i":"noNetworksFound","$v":"لم يتم العثور على شبكات"},{"$i":"noKnownNetworks","$v":"لم يتم العثور على شبكات معروفة"},{"$i":"edit","$v":"حرّر"},{"$i":"certificateList","$v":"قائمة الشهادات"},{"$i":"noCertificate","$v":"لايوجد شهادات مستوردة"},{"$i":"deleteCertificate","$v":"احذف الشهادة"},{"$i":"importCertificate","$v":"إستورد الشهادة"},{"$i":"selectCertificateFile","$v":"إختر ملف الشهادة"},{"$i":"enterCertificateNickname","$v":"أدخل الإسم المستعار للشهادة"},{"$i":"nickname","$v":"الإسم المستعار"},{"$i":"enter-certificate-name-msg","$v":"يمكنك تغيير الإسم المستعار أو الاحتفاظ بالاسم الافتراضي."},{"$i":"certificate-deletion-failed","$v":"فشل حذف الشهادة"},{"$i":"certificate-deletion-failed-description","$v":"قد يكون هذا بسبب مشكلة التخزين، على سبيل المثال."},{"$i":"certificate-import-failed","$v":"فشل في استيراد الشهادة"},{"$i":"certificate-import-failed-description","$v":"قد يكون هذا بسبب وجود ملف شهادة تالفة، على سبيل المثال."},{"$i":"wpsMessage","$v":"إتصِّل ب WPS"},{"$i":"wpsMessage-header","$v":[{"t":"idOrVar","v":"wpsMessage"}]},{"$i":"fullStatus-wps-inprogress","$v":"جارِ الاعداد المحمي..."},{"$i":"fullStatus-wps-canceled","$v":"تم إلغاء الاعداد المحمي."},{"$i":"fullStatus-wps-timedout","$v":"انتهت مهلة الاعداد المحمي."},{"$i":"fullStatus-wps-failed-error","$v":["WPS failed [",{"t":"idOrVar","v":"error"},"]"]},{"$i":"fullStatus-wps-overlapped","$v":"تم العثور على نقطة اتصال إعداد محمي أخرى."},{"$i":"wpsDescription2","$v":"خيارات الواي فاي الآلية"},{"$i":"wpsMethodSelection","$v":"حدد طريقة الاعداد المحمي"},{"$i":"wpsPbcLabel","$v":"الإتصال عن طريق الزر"},{"$i":"wpsMyPinLabel","$v":"اتصال PIN الخاص بي"},{"$i":"wpsApPinLabel","$v":"اتصال بAP PIN "},{"$i":"wpsPinDescription","$v":"كود PIN يتكون من 4 إلى 8 أرقام"},{"$i":"wpsPinInput","$v":["أدخل ",{"t":"idOrVar","v":"pin"}," للجهاز الأخر"]},{"$i":"wpsPinAps","$v":"تحديد الجهاز المقابل"},{"$i":"wpsAnyAp","$v":"أي"},{"$i":"wpsCancelMessage","$v":"ألغِ الإعداد المحمي"},{"$i":"wpsCancelFailedMessageError","$v":["Failed to cancel WPS [",{"t":"idOrVar","v":"error"},"]"]},{"$i":"callSettings","$v":"اعدادات الاتصال"},{"$i":"callSettings-header","$v":[{"t":"idOrVar","v":"callSettings"}]},{"$i":"callSettingsQuery","$v":"جارِ الحصول على معلومات الشبكة..."},{"$i":"callSettingsQueryError","$v":"خطأ في الاستعلام"},{"$i":"voiceMail","$v":"البريد الصوتي"},{"$i":"voiceMail-header","$v":[{"t":"idOrVar","v":"voiceMail"}]},{"$i":"voiceMail-number","$v":"رقم البريد الصوتي"},{"$i":"voiceMail-number-notSet","$v":"غير محدد"},{"$i":"voicePrivacyMode","$v":"وضع خصوصية الصوت"},{"$i":"callWaiting","$v":"خدمة انتظار المكالمات"},{"$i":"confirmCallWaitingTitle","$v":"غير قادر على تأكيد اعدادات مكالمات الانتظار"},{"$i":"confirmCallWaitingDesc","$v":"لم يتمكن هذا الجهاز من الاتصال مع المزود، حاول بتغير الاعدادات مرة اخرى."},{"$i":"callForwarding","$v":"تحويل المكالمات"},{"$i":"callForwarding-header","$v":[{"t":"idOrVar","v":"callForwarding"}]},{"$i":"callForwardingForward","$v":"حوِّل"},{"$i":"callForwardingUnconditional","$v":"التحويل دائما"},{"$i":"callForwardingUnconditionalShort","$v":"دائما"},{"$i":"callForwardingMobileBusy","$v":"التحويل عندما يكون الخط مشغولاً"},{"$i":"callForwardingMobileBusyShort","$v":"عندما يكون مشغول"},{"$i":"callForwardingNoReply","$v":"التحويل عند عدم الرد"},{"$i":"callForwardingNoReplyShort","$v":"عندما لا يوجد رد"},{"$i":"callForwardingNotReachable","$v":"حوِّل عندما لا يمكن الاتصال"},{"$i":"callForwardingNotReachableShort","$v":"عندما لا يمكن الاتصال"},{"$i":"callForwardingForwardingVoiceToNumber","$v":["Voice calls to ",{"t":"idOrVar","v":"number"}]},{"$i":"callForwardingNotForwarding","$v":"معطّل"},{"$i":"callForwardingConfirmTitle","$v":"رسالة تأكيد تحويل المكالمات."},{"$i":"cf-alwaysUseThisNumber","$v":"استخدم هذا الرقم دائما"},{"$i":"cf-numberWhenUnreachable","$v":"الرقم عندما يكون خارج الخدمة"},{"$i":"cf-numberWhenUnanswered","$v":"الرقم عند عدم الرد"},{"$i":"cf-numberWhenBusy","$v":"الرقم عندما يكون الخط مشغولاً"},{"$i":"callForwardingInvalidNumberError","$v":"رقم الهاتف غير صحيح"},{"$i":"callForwardingSetSuccess","$v":"تمت المهمه بنجاح"},{"$i":"callForwardingSetForbidden","$v":"لا يدعم مزود الخدمه هذه العملية."},{"$i":"callForwardingSetError","$v":"خطأ في اعدادات الاتصال."},{"$i":"callerId","$v":"رقم المتصل"},{"$i":"callerId-default","$v":"شبكة إفتراضية"},{"$i":"callerId-hide","$v":"إخفاء الرقم"},{"$i":"callerId-show","$v":"أظهر الرقم"},{"$i":"fdn","$v":"أرقام الاتصال بأرقام محددة"},{"$i":"fdnSettings","$v":"أرقام الاتصال الثابت"},{"$i":"fdnSettings-header","$v":[{"t":"idOrVar","v":"fdnSettings"}]},{"$i":"fdn-authorizedNumbers","$v":"الأرقام المصرح بها"},{"$i":"fdn-authorizedNumbers-header","$v":[{"t":"idOrVar","v":"fdn-authorizedNumbers"}]},{"$i":"fdn-authorizedNumbers-desc","$v":"قائمة الأرقام التي يمكن الإتصال بها"},{"$i":"fdn-explanation1","$v":"تقييد الأرقام التي يمكن الاتصال بها من هذا الهاتف."},{"$i":"fdn-explanation2","$v":"(أرقام الطوارئ ستكون دائما قابلة للإتصال)"},{"$i":"fdnEnable","$v":"فعِّل FDN"},{"$i":"fdnDisable","$v":"عطِّل FDN"},{"$i":"fdnReset","$v":"إعادة تعيين PIN2"},{"$i":"fdnAttemptMsg3","$v":{"one":"لديك محاولة واحدة متبقية لإدخال الرمز الصحيح قبل اغلاق بطاقة SIM.","two":"لديك محاولتان متبقيتان لإدخال الرمز الصحيح قبل اغلاق بطاقة SIM.","few":["لديك ",{"t":"idOrVar","v":"n"}," محاولات متبقية لإدخال الرمز الصحيح قبل اغلاق بطاقة SIM."],"many":["لديك ",{"t":"idOrVar","v":"n"},"محاولة متبقية لادخال الكود الصحيح قبل اغلاق بطاقة SIM."],"other":["لديك ",{"t":"idOrVar","v":"n"}," محاولة متبقية لإدخال الرمز الصحيح قبل اغلاق بطاقة SIM."]},"$x":[{"t":"idOrVar","v":"plural"},"n"]},{"$i":"fdnLastChanceMsg","$v":"هذه آخر فرصة لك لإدخال رقم التعريف الشخصي الصحيح PIN2. خلاف ذلك، يجب عليك إدخال مفتاح إلغاء التأمين الشخصي (PUK2) لإستخدام هذه الشريحة SIM."},{"$i":"fdnErrorMsg","$v":"رمز PIN2 غير صحيح."},{"$i":"fdn-enabled-warning","$v":"تم تعطيل تحويل المكالمات بواسطة FDN."},{"$i":"fdnContact-name","$v":"الإسم"},{"$i":"fdnContact-number","$v":"رقم"},{"$i":"fdnContact-submit","$v":"أرسل"},{"$i":"fdnAction-add","$v":"إضافة جهة إتصال"},{"$i":"fdnAction-call","$v":"اتصل"},{"$i":"fdnAction-edit","$v":"حرر جهة الإتصال"},{"$i":"fdnAction-edit-header","$v":"حرر جهة الإتصال"},{"$i":"fdnAction-delete","$v":"احذف جهة إتصال"},{"$i":"fdnNoFDNFreeRecord","$v":"Maximum FDN reached. You cannot add more numbers."},{"$i":"messagingSettings","$v":"إعدادات الرسائل"},{"$i":"messagingSettings-header","$v":[{"t":"idOrVar","v":"messagingSettings"}]},{"$i":"message-confirmation","$v":"تأكيد الرسائل"},{"$i":"message-delivery-reports","$v":"تقارير الإستلام"},{"$i":"message-delivery-reports-details","$v":"طلب إشعار على توصيل كل رسالة"},{"$i":"message-read-reports","$v":"اقرأ التقارير"},{"$i":"message-read-reports-details","$v":"طلب تقرير قراءة لكل رسالة مرسلة"},{"$i":"mmsTitle","$v":"رسالة متعددة الوسائط (MMS)"},{"$i":"auto-retrieve","$v":"إسترداد تلقائي"},{"$i":"auto-retrieve-details","$v":"إسترداد الرسائل تلقائيا"},{"$i":"manual-retrieve","$v":"معطّل"},{"$i":"auto-roaming-retrieve","$v":"مشغل مع خدمة التجوال"},{"$i":"auto-no-roaming-retrieve","$v":"مشغل دون خدمة التجوال"},{"$i":"autoConfigure","$v":"إعداد تلقائي"},{"$i":"wapPushMessages","$v":"WAP دفع الرسائل"},{"$i":"wapPush","$v":"الدفع WAP"},{"$i":"cellBroadcastMessages","$v":"رسائل الإذاعة المحمولة"},{"$i":"cellBroadcast","$v":"الإذاعة المحمولة"},{"$i":"emergencyAlert","$v":"Emergency Alert"},{"$i":"messagingInformation","$v":"Information"},{"$i":"messaging-SMSC","$v":"Service Center"},{"$i":"messaging-sim-settings","$v":["SIM ",{"t":"idOrVar","v":"index"}," Settings"]},{"$i":"unknown-SMSC","$v":"Info not available"},{"$i":"cellularAndData","$v":"البيانات الخليوية"},{"$i":"cellularAndData-header","$v":[{"t":"idOrVar","v":"cellularAndData"}]},{"$i":"dataNetwork","$v":"موفر الخدمة"},{"$i":"dataConnectivity","$v":"بيانات"},{"$i":"dataConnection","$v":"إتصال البيانات"},{"$i":"dataRoaming","$v":"تجوال البيانات"},{"$i":"networkOperator","$v":"مُشغَِل الشبكة"},{"$i":"networkOperator-header","$v":[{"t":"idOrVar","v":"networkOperator"}]},{"$i":"availableOperators","$v":"مُشغلوا الشبكات في المنطقة"},{"$i":"preferredNetworkTypeAlertTitle","$v":"نوع الشبكة المفضل"},{"$i":"preferredNetworkTypeAlertErrorMessage","$v":"لا يمكن تعيين نوع الشبكة"},{"$i":"operator-networkType","$v":"نوع الشبكة"},{"$i":"operator-networkType-auto","$v":"تلقائي"},{"$i":"operator-networkType-prefer3G","$v":"تفضيل 3G"},{"$i":"operator-networkType-2G","$v":"2G فقط"},{"$i":"operator-networkType-3G","$v":"3G فقط"},{"$i":"operator-networkType-GSM","$v":"GSM"},{"$i":"operator-networkType-WCDMA","$v":"WCDMA"},{"$i":"operator-networkType-CDMA","$v":"CDMA"},{"$i":"operator-networkType-EVDO","$v":"EVDO"},{"$i":"operator-networkType-LTE","$v":"LTE"},{"$i":"operator-networkType-preferWCDMA","$v":"يفضل WCDMA"},{"$i":"operator-networkType-auto-2G-3G","$v":"تلقائي (2G/3G)"},{"$i":"operator-networkType-auto-CDMA-EVDO","$v":"تلقائي (CDMA/EVDO)"},{"$i":"operator-networkType-auto-WCDMA-GSM","$v":"تلقائي (WCDMA/GSM)"},{"$i":"operator-networkType-auto-LTE-WCDMA-GSM","$v":"تلقائي (LTE/WCDMA/GSM)"},{"$i":"operator-networkType-auto-LTE-CDMA-EVDO","$v":"تلقائي (LTE/CDMA/EVDO)"},{"$i":"operator-networkType-auto-WCDMA-GSM-CDMA-EVDO","$v":"تلقائي (WCDMA/GSM/CDMA/EVDO)"},{"$i":"operator-autoSelect","$v":"إختيار تلقائي"},{"$i":"operator-networkSelect-auto","$v":"تلقائي"},{"$i":"operator-networkSelect-manual","$v":"يدوي"},{"$i":"operator-turnAutoSelectOff","$v":"قم بتعطيل الإختيار التلقائي لعرض الشبكات المتاحة"},{"$i":"operator-status-connecting","$v":"جارِ الاتصال ..."},{"$i":"operator-status-connectingfailed","$v":"فشل الإتصال"},{"$i":"operator-status-connected","$v":"متصل"},{"$i":"operator-roamingPreference","$v":"اعدادات التجوال"},{"$i":"operator-roamingPreference-home","$v":"الرئيسية"},{"$i":"operator-roamingPreference-any","$v":"أي"},{"$i":"operator-roamingPreference-affiliated","$v":"التابعة"},{"$i":"apn","$v":"APN"},{"$i":"apnSettings","$v":"إعدادات APN"},{"$i":"apnSettings-header","$v":[{"t":"idOrVar","v":"apnSettings"}]},{"$i":"dataSettings","$v":"اعدادات البيانات"},{"$i":"dataSettings-header","$v":[{"t":"idOrVar","v":"dataSettings"}]},{"$i":"suplSettings","$v":"اعدادات GPS"},{"$i":"suplSettings-header","$v":[{"t":"idOrVar","v":"suplSettings"}]},{"$i":"messageSettings","$v":"إعدادات الرسائل"},{"$i":"messageSettings-header","$v":[{"t":"idOrVar","v":"messageSettings"}]},{"$i":"dunSettings","$v":"إعدادات مشاركة الإنترنت"},{"$i":"dunSettings-header","$v":[{"t":"idOrVar","v":"dunSettings"}]},{"$i":"imsSettings","$v":"إعدادات IMS"},{"$i":"imsSettings-header2","$v":[{"t":"idOrVar","v":"imsSettings"}]},{"$i":"apn-editor-header","$v":"APN Editor"},{"$i":"mmsport","$v":"منفذ MMS"},{"$i":"mmsproxy","$v":"MMS بروكسي"},{"$i":"mmsc","$v":"MMSC"},{"$i":"httpProxyHost","$v":"مضيف بروكسي HTTP "},{"$i":"httpProxyPort","$v":"منفذ بروكسي HTTP "},{"$i":"custom","$v":"(إعدادات مخصصة)"},{"$i":"apn-authType","$v":"المصادقة"},{"$i":"apn-authType-notDefined","$v":"غير معرف"},{"$i":"apn-authType-none","$v":"لا شيء"},{"$i":"apn-authType-pap","$v":"PAP"},{"$i":"apn-authType-chap","$v":"CHAP"},{"$i":"apn-authType-papOrChap","$v":"PAP أو CHAP"},{"$i":"apn-protocol","$v":"البرتوكول"},{"$i":"apn-roaming-protocol","$v":"بروتوكول التجوال"},{"$i":"apn-protocol-notDefined","$v":"غير معرف"},{"$i":"apn-protocol-ip","$v":"IPv4"},{"$i":"apn-protocol-ipv6","$v":"IPv6"},{"$i":"apn-protocol-ipv4v6","$v":"IPv4/IPv6"},{"$i":"apn-type","$v":"APN Type"},{"$i":"dataConnection-warning-head","$v":"هل تريد تفعيل اتصال البيانات؟"},{"$i":"dataConnection-warning-message","$v":"ستقوم التطبيقات بشكل تلقائي بتنزيل بيانات من وصلة البيانات عند الحاجة. ربما سيترتب عليها رسوم اضافية."},{"$i":"dataRoaming-warning-head","$v":"هل تريد تفعيل خدمة التجوال؟"},{"$i":"dataRoaming-warning-message","$v":"اعتمادا على اتفاقية الخدمة الخاصة بك، قد تطبق رسوم إضافية للبيانات عندما تكون في منطقة التجوال."},{"$i":"change-apn-warning-message1","$v":"Depending on your service agreement, changing your APN setting may result in extra charges when roaming. Do you want to proceed?"},{"$i":"reset-apn-warning-title","$v":"Reset to Default"},{"$i":"reset-apn-warning-message","$v":"This resets the settings to default values. This cannot be undone."},{"$i":"state-unknown","$v":"حالة مجهولة"},{"$i":"state-available","$v":"متوفّر"},{"$i":"state-connected","$v":"مُتصِّل"},{"$i":"state-current","$v":"مُتصِّل"},{"$i":"state-forbidden","$v":"ممنوع"},{"$i":"delete-apn-confirm","$v":"Delete this APN?"},{"$i":"delete-apn","$v":"Delete"},{"$i":"add-apn","$v":"Add New APN"},{"$i":"reset-apn","$v":"Reset to Default"},{"$i":"apnSettings-reset","$v":"APN settings reset"},{"$i":"bluetooth","$v":"بلوتوث"},{"$i":"bluetooth-header","$v":[{"t":"idOrVar","v":"bluetooth"}]},{"$i":"bluetooth-enable-msg","$v":"قم بتشغيل البلوتوث لعرض الأجهزة في المنطقة."},{"$i":"bluetooth-paired-devices","$v":"اﻷجهزة المقترنة"},{"$i":"bluetooth-devices-in-area","$v":"أجهزة في المنطقة"},{"$i":"bluetooth-visible-to-all","$v":"إظهار للكل"},{"$i":"bluetooth-name-maxlength-alert","$v":["اسم هاتفك قد تجاوز ال ",{"t":"idOrVar","v":"length"}," من الأحرف. الرجاء حاول مرة أخرى."]},{"$i":"bluetooth-address","$v":"عنوان البلوتوث"},{"$i":"bluetooth-address-unavailable","$v":"غير متوفر"},{"$i":"bt-status-nopaired","$v":"لا توجد أجهزة مقترنة"},{"$i":"bt-status-turnoff","$v":"مغلق"},{"$i":"bt-status-paired","$v":{"zero":[{"t":"idOrVar","v":"name"}],"one":[{"t":"idOrVar","v":"name"},", +",{"t":"idOrVar","v":"n"}," المزيد"],"two":[{"t":"idOrVar","v":"name"},", +",{"t":"idOrVar","v":"n"}," المزيد"],"few":[{"t":"idOrVar","v":"name"},", +",{"t":"idOrVar","v":"n"}," المزيد"],"many":[{"t":"idOrVar","v":"name"},", +",{"t":"idOrVar","v":"n"}," المزيد"],"other":[{"t":"idOrVar","v":"name"},", +",{"t":"idOrVar","v":"n"}," المزيد"]},"$x":[{"t":"idOrVar","v":"plural"},"n"]},{"$i":"device-status-tap-connect","$v":"إضغط للإتصال"},{"$i":"device-status-pairing","$v":"جارِ الإقتران مع الجهاز..."},{"$i":"device-status-waiting","$v":"انتظار جهات اتصال أخرى..."},{"$i":"device-status-paired","$v":"مقترن"},{"$i":"device-status-connecting","$v":"جارِ الإتصال..."},{"$i":"device-status-connected","$v":"متصل"},{"$i":"device-status-connected-media","$v":"متصل بالوسائط"},{"$i":"device-option-unpair","$v":"غير مقترن"},{"$i":"device-option-confirm","$v":"أكّد"},{"$i":"device-option-unpair-confirmation","$v":"التأكيد"},{"$i":"device-option-unpair-device","$v":"أجهزة غير مقترنة"},{"$i":"device-option-connect","$v":"إتصِّل"},{"$i":"device-option-disconnect","$v":"فَصِل"},{"$i":"search-for-device","$v":"جاري البحث عن أجهزة..."},{"$i":"search-device","$v":"إبحث عن أجهزة"},{"$i":"rename-device","$v":"أعِد تسمية جهازي"},{"$i":"unnamed-device","$v":"جهاز مجهول"},{"$i":"change-phone-name-desc","$v":"تغيير اسم جهازك كما يظهر على الكمبيوتر"},{"$i":"bluetooth-new-name","$v":"اسم جديد"},{"$i":"error-pair-title","$v":"غير قادر على إقران الأجهزة"},{"$i":"error-pair-pincode","$v":"غير قادر على الإقران مع الجهاز. تحقق من أن رقم التعريف الشخصي صحيح."},{"$i":"error-pair-toofast","$v":"غير قادر على الإقتران مع الجهاز. إستخدمت طلبات كثيرة جداً."},{"$i":"error-connect-title","$v":"فشل الإتصال بين الجهازين"},{"$i":"error-connect-msg","$v":"تحقق من أن الجهاز الذي تحاول الإتصال به ما يزال ضمن النطاق وله بلوتوث قيد التشغيل."},{"$i":"unpair-title","$v":"قطع الإقران مع جهاز متصل ؟"},{"$i":"unpair-msg","$v":"أنت متصل حاليا بهذا الجهاز. قطع الإقران سيقطع الإتصال به أيضا."},{"$i":"nfc","$v":"NFC"},{"$i":"SSIDCannotBeEmpty","$v":"لا يمكن ال SSID أن يكون فارغ"},{"$i":"internetSharing","$v":"مشاركة الإنترنت"},{"$i":"internetSharing-header","$v":[{"t":"idOrVar","v":"internetSharing"}]},{"$i":"internetSharing-usb","$v":"USB"},{"$i":"internetSharing-wifi","$v":"Wi-Fi"},{"$i":"wifi-hotspot","$v":"Wi-Fi Hotspot"},{"$i":"wifi-name","$v":"الإسم"},{"$i":"wifi-password","$v":"كلمة السِّر"},{"$i":"wifi-security","$v":"الحماية"},{"$i":"usb-tethering","$v":"ربط USB"},{"$i":"hotspotSettings","$v":"إعدادات HotSpot "},{"$i":"wifi-auth-username","$v":"إسم المستخدم"},{"$i":"wifi-auth-password","$v":"كلمة السّر"},{"$i":"wifi-join-username","$v":"إسم المستخدم"},{"$i":"wifi-join-password","$v":"كلمة السّر"},{"$i":"hotspotSettings-header","$v":[{"t":"idOrVar","v":"hotspotSettings"}]},{"$i":"ssid-name","$v":"اسم الشبكة"},{"$i":"hotspot-open","$v":"فتح"},{"$i":"hotspot-wpa-psk","$v":"WPA (TKIP)"},{"$i":"hotspot-wpa2-psk","$v":"WPA2 (AES)"},{"$i":"hotspot-password-desc","$v":"كلمة السر يجب أن تكون على الأقل 8 أحرف"},{"$i":"personalization","$v":"التخصيص "},{"$i":"sound","$v":"الصوت"},{"$i":"sound-header","$v":[{"t":"idOrVar","v":"sound"}]},{"$i":"volume","$v":"جهارة الصوت"},{"$i":"tones","$v":"نغمات"},{"$i":"touch-tones","$v":"نغمات اللمس مسموعة"},{"$i":"touch-tone-short","$v":"قصير"},{"$i":"touch-tone-long","$v":"طويل"},{"$i":"select-tone","$v":"إختَر نغمة"},{"$i":"ringtones","$v":"Ringtones"},{"$i":"alerts","$v":"تنبيهات"},{"$i":"manage-tones","$v":"Manage Tones"},{"$i":"other-sounds","$v":"أصوات أخرى"},{"$i":"unlock-screen","$v":"فكّ قفل الشاشة"},{"$i":"camera","$v":"Camera"},{"$i":"sent-message","$v":"الرسالة المرسلة"},{"$i":"alarm-sound","$v":"المنبه"},{"$i":"ringtone-and-notification-sound","$v":"Ringtones & Notifications"},{"$i":"media-sound","$v":"Media"},{"$i":"saving-tone","$v":"Saving…"},{"$i":"no-ringtone-app","$v":"We were unable to find a ringtone app to manage ringtones!"},{"$i":"display","$v":"الشاشة"},{"$i":"display-header","$v":[{"t":"idOrVar","v":"display"}]},{"$i":"brightness","$v":"سطوع"},{"$i":"brightness-autoAdjust","$v":"ضبط تلقائي"},{"$i":"lockScreen","$v":"أقفل الشاشة"},{"$i":"wallpaper","$v":"خلفيات الشاشة"},{"$i":"screen-timeout","$v":"مهلة الشاشة"},{"$i":"one-minute","$v":"دقيقة واحدة"},{"$i":"two-minutes","$v":"دقيقتين"},{"$i":"five-minutes","$v":"خمس دقائق"},{"$i":"ten-minutes","$v":"عشر دقائق"},{"$i":"never","$v":"أبدا"},{"$i":"lock-orientation","$v":"اتجاه القفل"},{"$i":"navigation","$v":"Navigation"},{"$i":"navigation-header","$v":[{"t":"idOrVar","v":"navigation"}]},{"$i":"edge-swipe-navigation","$v":"Edge Swipe Navigation"},{"$i":"edge-swipe-navigation-enable-msg","$v":"Drag from the left or right edge of the screen to jump between apps."},{"$i":"notifications","$v":"تنبيهات"},{"$i":"notifications-header","$v":[{"t":"idOrVar","v":"notifications"}]},{"$i":"lockscreen-notifications","$v":"عَرض على الشاشة المقفلة"},{"$i":"notifications-resend","$v":"Show after reboot"},{"$i":"dateAndTime","$v":"التاريخ والوقت"},{"$i":"dateAndTime-header","$v":[{"t":"idOrVar","v":"dateAndTime"}]},{"$i":"setTimeAutomatically","$v":"جعلها تلقائياً"},{"$i":"setTimeManually","$v":"جعلها يدوياً"},{"$i":"timezoneMessage","$v":"منطقة زمنية"},{"$i":"dateMessage","$v":"التاريخ"},{"$i":"timeMessage","$v":"الوقت"},{"$i":"selectTimezoneContinent","$v":"إختَر قارَّة"},{"$i":"selectTimezone","$v":"إختَر منطقة زمنية"},{"$i":"time-format","$v":"Format"},{"$i":"time-format-time","$v":"Time Format"},{"$i":"hour-12","$v":"12-hour"},{"$i":"hour-24","$v":"24-hour"},{"$i":"languageAndRegion","$v":"اللغة والمنطقة"},{"$i":"language","$v":"اللغة"},{"$i":"language-header","$v":[{"t":"idOrVar","v":"language"}]},{"$i":"region","$v":"المنطقة"},{"$i":"sample-format","$v":"تنسيق بسيط"},{"$i":"longDateFormat","$v":"%A, %B %d, %Y"},{"$i":"simManager","$v":"مدير SIM"},{"$i":"simManager-header","$v":[{"t":"idOrVar","v":"simManager"}]},{"$i":"simSettings","$v":"SIM Settings"},{"$i":"sim-manager-outgoing-calls","$v":"مكالمات صادرة"},{"$i":"sim-manager-outgoing-call-desc","$v":"سيتم إرسال دعوات من"},{"$i":"sim-manager-outgoing-messages","$v":"الرسائل الصادرة"},{"$i":"sim-manager-outgoing-messages-desc","$v":"SMS سترسل من"},{"$i":"sim-manager-outgoing-data","$v":"البيانات"},{"$i":"sim-manager-outgoing-data-description","$v":"Data service network and Marketplace payments"},{"$i":"sim-manager-always-ask","$v":"أسأل دائما"},{"$i":"sim-pin-locked","$v":"SIM PIN أغلق"},{"$i":"no-operator","$v":"لا يوجد مُشغِّل"},{"$i":"cant-disable-simcard-alert","$v":"على الأقل بطاقة SIM واحدة يجب أن تكون مفعلة"},{"$i":"disable-simcard-confirm","$v":["SIM ",{"t":"idOrVar","v":"desableCardIndex"}," لا يستطيع إستقبال أي رسالة . المكالمات الواردة و الرسائل الواردة المثبتة ل SIM ",{"t":"idOrVar","v":"disableCardIndex"}," سوف تلغى"]},{"$i":"change-outgoing-data-confirm","$v":"سيتم تعليق تحويل البيانات. استكمال على أي حال ؟"},{"$i":"homescreen","$v":"الرئيسية"},{"$i":"vertical-homescreen-header","$v":"Homescreen"},{"$i":"vertical-homescreen-layout","$v":"Layout"},{"$i":"vertical-homescreen-icon-layout","$v":"Icon Layout"},{"$i":"vertical-homescreen-three-columns","$v":"Three Columns"},{"$i":"vertical-homescreen-four-columns","$v":"Four Columns"},{"$i":"notice","$v":"Notice"},{"$i":"search","$v":"Search"},{"$i":"search-header","$v":"Search"},{"$i":"search-engine","$v":"Search Engine"},{"$i":"search-suggestions","$v":"Search Suggestions"},{"$i":"search-suggestions-description","$v":"The characters you type when entering a search are sent to multiple search providers and will be used to send you search suggestions. Additional data charges may apply when using this feature."},{"$i":"homescreens","$v":"Homescreens"},{"$i":"homescreens-header","$v":[{"t":"idOrVar","v":"homescreens"}]},{"$i":"changeHomescreen","$v":"تغيير الرئيسية"},{"$i":"changeHomescreenButton","$v":"غيّر"},{"$i":"description","$v":"الوصف"},{"$i":"keyboardSettings","$v":"Keyboard Settings"},{"$i":"selectedKeyboards","$v":"إختر لوحة المفاتيح"},{"$i":"keyboards","$v":"لوحات المفاتيح"},{"$i":"keyboards-header","$v":[{"t":"idOrVar","v":"keyboards"}]},{"$i":"numberKeyboardLayouts","$v":"عدد التصاميم"},{"$i":"optionKeyboardLayouts","$v":"خيارات التصاميم"},{"$i":"keypad","$v":"لوحة المفاتيح"},{"$i":"dialpad","$v":"Dial Pad"},{"$i":"selectKeyboards","$v":"Select Keyboards"},{"$i":"selectKeyboards-header","$v":[{"t":"idOrVar","v":"selectKeyboards"}]},{"$i":"mustHaveOneKeyboard","$v":["يجب أن اختيار ",{"t":"idOrVar","v":"type"}," من لوحة المفاتيح على الأقل"]},{"$i":"keyboardType-text","$v":"نص"},{"$i":"keyboardType-url","$v":"رابط"},{"$i":"keyboardType-number","$v":"رقم"},{"$i":"defaultKeyboardEnabled","$v":[{"t":"idOrVar","v":"appName"}," ",{"t":"idOrVar","v":"layoutName"}," عينت كأسلوب إدخال إفتراضي"]},{"$i":"themes","$v":"Themes"},{"$i":"themes-header","$v":[{"t":"idOrVar","v":"themes"}]},{"$i":"fxa","$v":"Firefox Accounts"},{"$i":"accounts","$v":"الحسابات"},{"$i":"fxa-accounts","$v":"Firefox Accounts"},{"$i":"fxa-accounts-header","$v":[{"t":"idOrVar","v":"fxa-accounts"}]},{"$i":"fxa-overview","$v":"Your Firefox Account lets you use features like Find My Device and apps like the Firefox Marketplace."},{"$i":"fxa-invitation","$v":"Create Account or Sign In"},{"$i":"fxa-confirm-account","$v":"Confirm Your Account"},{"$i":"fxa-verification-email-sent-msg","$v":["We will send an email to: ",{"t":"idOrVar","v":"email"}]},{"$i":"fxa-please-verify","$v":"Click the verification link in your email to confirm your account."},{"$i":"fxa-cancel-confirmation","$v":"Cancel Account Confirmation"},{"$i":"fxa-resend-alert","$v":["A verification link has been sent to ",{"t":"idOrVar","v":"email"},"."]},{"$i":"fxa-dont-see-email","$v":["Don’t see an email? ",{"t":"idOrVar","v":"resend"},"."]},{"$i":"fxa-resend","$v":"Resend"},{"$i":"fxa-about","$v":"About"},{"$i":"fxa-logged-in-text","$v":["Signed in as ",{"t":"idOrVar","v":"email"}]},{"$i":"fxa-signed-in-header","$v":"Signed In"},{"$i":"fxa-marketplace-app","$v":"Marketplace"},{"$i":"fxa-find-my-device-app","$v":"Find My Device"},{"$i":"fxa-options","$v":"Options"},{"$i":"fxa-sign-out","$v":"Sign Out"},{"$i":"fxa-confirm-email","$v":["Please confirm ",{"t":"idOrVar","v":"email"}]},{"$i":"findmydevice","$v":"Find My Device"},{"$i":"findmydevice-create-account","$v":"Create account or sign in"},{"$i":"findmydevice-enable","$v":"Enable Find My Device"},{"$i":"findmydevice-about","$v":"About Find My Device"},{"$i":"findmydevice-enable-geolocation-prompt","$v":"Enable Geolocation?"},{"$i":"findmydevice-enable-geolocation-description","$v":"To view your device's location, you must enable geolocation tracking."},{"$i":"findmydevice-geolocation-enabled","$v":"Geolocation Enabled"},{"$i":"findmydevice-enable-network","$v":"This device is currently offline. Connect to a network and try again."},{"$i":"findmydevice-error","$v":"A Find My Device error has occurred."},{"$i":"findmydevice-please-try","$v":"Please try again."},{"$i":"findmydevice-please-tap","$v":"Please tap to try again."},{"$i":"privacyAndSecurity","$v":"الخصوصية والأمان"},{"$i":"passcode-lock","$v":"رمز المرور"},{"$i":"passcode-lock-desc","$v":["كلمة المرور: ",{"t":"idOrVar","v":"code"}]},{"$i":"screenLock","$v":"Screen Lock"},{"$i":"screenLock-header","$v":[{"t":"idOrVar","v":"screenLock"}]},{"$i":"simSecurity","$v":"أمن SIM"},{"$i":"simSecurity-header","$v":[{"t":"idOrVar","v":"simSecurity"}]},{"$i":"appPermissions","$v":"صلاحيات التطبيق"},{"$i":"appPermissions-header","$v":[{"t":"idOrVar","v":"appPermissions"}]},{"$i":"author","$v":"المؤلف"},{"$i":"permissions","$v":"الصلاحيات"},{"$i":"revoke","$v":"سحب"},{"$i":"ask","$v":"سؤال"},{"$i":"deny","$v":"منع"},{"$i":"allow","$v":"سماح"},{"$i":"uninstallApp","$v":"إلغاء تثبيت التطبيق"},{"$i":"phone","$v":"جوَّال"},{"$i":"messages","$v":"رسائل"},{"$i":"vibrate","$v":"إهتزاز"},{"$i":"ring","$v":"رنين"},{"$i":"change","$v":"غيّر"},{"$i":"create","$v":"إنشاء"},{"$i":"create-a-passcode","$v":"أنشئ كلمة مرور"},{"$i":"passcode","$v":"رمز المرور"},{"$i":"passcode-heading","$v":"رمز المرور"},{"$i":"enter-passcode","$v":"أدخل كلمة مرور"},{"$i":"new-passcode","$v":"كلمة مرورجديدة"},{"$i":"current-passcode","$v":"كلمة المرور الحالية"},{"$i":"incorrect-passcode","$v":"كلمة السِّر خاطئة."},{"$i":"passcode-doesnt-match","$v":"كلمة المرور لا تتطابق، حاول ثانية."},{"$i":"confirm-passcode","$v":"تأكيد رمز المرور"},{"$i":"immediately","$v":"حالاً"},{"$i":"after-one-minute","$v":"بعد دقيقة"},{"$i":"after-five-minutes","$v":"بعد 5 دقائق"},{"$i":"after-fifteen-minutes","$v":"بعد ١٥ دقيقة"},{"$i":"after-thirty-minutes","$v":"بعد 30 دقيقة"},{"$i":"after-one-hour","$v":"بعد ساعة"},{"$i":"require-passcode","$v":"يتطلب رمز مرور"},{"$i":"change-passcode","$v":"تغيير رمز المرور"},{"$i":"noSimCard","$v":"لا توجد بطاقة SIM"},{"$i":"simPin","$v":"كود SIM PIN"},{"$i":"simPin2","$v":"SIM PIN2"},{"$i":"simPinWithIndex","$v":["SIM ",{"t":"idOrVar","v":"index"}," PIN"]},{"$i":"pukCode","$v":"كود PUK "},{"$i":"puk2Code","$v":"رمز PUK2"},{"$i":"whatIsSimPin","$v":"ماهو كود SIM PIN؟"},{"$i":"simPinIntro1","$v":"كود SIM PIN يمنع الوصول إلى شبكات البيانات الخلوية لبطاقة SIM. عندما تكون مفعلة، أي جهاز يحتوي على بطاقة SIM سوف يطلب كود PIN عند إعادة التشغيل."},{"$i":"simPinIntro2","$v":"كود SIM PIN ليس هو نفسه رمز المرور المستخدم لفتح الجهاز."},{"$i":"changeSimPin","$v":"تغيير رمز PIN"},{"$i":"simPinChangedSuccessfully","$v":"تم تغيير SIM PIN بنجاح"},{"$i":"simPinChangedSuccessfullyWithIndex","$v":["تم تغيير SIM ",{"t":"idOrVar","v":"index"}," PIN بنجاح"]},{"$i":"pinTitle","$v":"أدخل رمز SIM PIN"},{"$i":"pin2Title","$v":"أدخل رمز SIM PIN2"},{"$i":"pukTitle","$v":"أدخل رمز PUK "},{"$i":"puk2Title","$v":"أدخل رمز PUK 2"},{"$i":"newpinTitle","$v":"كود PIN جديد"},{"$i":"inputCodeRetriesLeft","$v":{"one":"المحاولة الأخيرة.","two":[{"t":"idOrVar","v":"n"}," محاولة متبقية ."],"few":[{"t":"idOrVar","v":"n"}," محاولة متبقية ."],"many":[{"t":"idOrVar","v":"n"}," محاولة متبقية ."],"other":[{"t":"idOrVar","v":"n"}," محاولة متبقية ."]},"$x":[{"t":"idOrVar","v":"plural"},"n"]},{"$i":"pinAttemptMsg3","$v":{"one":"لديك محاوله واحدة متبقية لادخال الرمز الصحيح قبل اغلاق بطاقة SIM.","two":["لديك ",{"t":"idOrVar","v":"n"}," محاولات متبقية لادخال الكود الصحيح قبل اغلاق بطاقة SIM."],"few":["لديك ",{"t":"idOrVar","v":"n"}," محاولات متبقية لادخال الكود الصحيح قبل اغلاق بطاقة SIM."],"many":["لديك ",{"t":"idOrVar","v":"n"}," محاولات متبقية لادخال الكود الصحيح قبل اغلاق بطاقة SIM."],"other":["لديك ",{"t":"idOrVar","v":"n"}," محاولات متبقية لادخال الكود الصحيح قبل اغلاق بطاقة SIM."]},"$x":[{"t":"idOrVar","v":"plural"},"n"]},{"$i":"pinLastChanceMsg","$v":"هذه آخر فرصة لك لإدخال رقم التعريف الشخصي الصحيح. خلاف ذلك، يجب عليك إدخال مفتاح إلغاء التأمين الشخصي (PUK) لإستخدام هذه الشريحة."},{"$i":"simCardLockedMsg","$v":"بطاقة SIM مقفلة."},{"$i":"simCardBlockedMsg","$v":"بطاقة SIM موقوفة."},{"$i":"enterPukMsg","$v":"يجب عليك إدخال مفتاح إلغاء التأمين الشخصي (PUK) للشريحة. ارجع إلى وثائق الشريحة أو اتصل بالناقل الخاص بك للحصول على مزيد من المعلومات."},{"$i":"enterPuk2Msg","$v":"يجب عليك إدخال مفتاح إلغاء التأمين الشخصي (PUK2) للشريحة SIM. ارجع إلى وثائق الشريحة SIM أو اتصل بالناقل الخاص بك للحصول على مزيد من المعلومات."},{"$i":"pukErrorMsg","$v":"كود PUK غير صحيح."},{"$i":"pukAttemptMsg3","$v":{"one":"لديك محاولة واحدة متبقية لإدخال الرمز الصحيح قبل أن تصبح هذه الشريحة غير صالحة للإستعمال بشكل دائم. ارجع إلى وثائق الشريحة أو اتصل بالمزود الخاص بك للحصول على مزيد من المعلومات.","two":["لديك ",{"t":"idOrVar","v":"n"}," محاولة لإدخال الرمز الصحيح قبل أن تصبح هذه الشريحة غير صالحة للإستعمال بشكل دائم. ارجع إلى وثائق الشريحة أو اتصل بالناقل الخاص بك للحصول على مزيد من المعلومات."],"few":["لديك ",{"t":"idOrVar","v":"n"}," محاولة لإدخال الرمز الصحيح قبل أن تصبح هذه الشريحة غير صالحة للإستعمال بشكل دائم. ارجع إلى وثائق الشريحة أو اتصل بالناقل الخاص بك للحصول على مزيد من المعلومات."],"many":["لديك ",{"t":"idOrVar","v":"n"}," محاولة لإدخال الرمز الصحيح قبل أن تصبح هذه الشريحة غير صالحة للإستعمال بشكل دائم. ارجع إلى وثائق الشريحة أو اتصل بالناقل الخاص بك للحصول على مزيد من المعلومات."],"other":["لديك ",{"t":"idOrVar","v":"n"}," محاولة لإدخال الرمز الصحيح قبل أن تصبح هذه الشريحة غير صالحة للإستعمال بشكل دائم. ارجع إلى وثائق الشريحة أو اتصل بالناقل الخاص بك للحصول على مزيد من المعلومات."]},"$x":[{"t":"idOrVar","v":"plural"},"n"]},{"$i":"pukLastChanceMsg","$v":"آخر فرصة لإدخال مفتاح إلغاء التأمين الشخصي (PUK) الصحيح. شريحتك ستصبح غير صالحة للإستعمال بشكل دائم إذا أدخلت مفتاح إلغاء تأمين شخصي (PUK) خاطىء. ارجع إلى وثائق الشريحة أو اتصل بالناقل الخاص بك للحصول على مزيد من المعلومات."},{"$i":"newSimPinMsg","$v":"أنشىء رقم تعريف شخصي (يجب أن يحتوي من 4 إلى 8 أرقام)"},{"$i":"newSimPin2Msg","$v":"إنشىء PIN2 (يجب أن يحتوي من 4 إلى 8 أرقام)"},{"$i":"confirmNewSimPinMsg","$v":"قم بتأكيد رمز PIN"},{"$i":"confirmNewSimPin2Msg","$v":"قم بتأكيد رمز PIN2"},{"$i":"newPinErrorMsg","$v":"رموز PIN المدخلة غير متطابقين"},{"$i":"simLockedPhone","$v":"جوَال مُغلق من SIM"},{"$i":"unknownSimCardState","$v":"حالة الـ SIM غير معروفة"},{"$i":"simCardNotReady","$v":"بطاقة SIM غير جاهزه"},{"$i":"simCardIllegal","$v":"بطاقة SIM غير موثوقة"},{"$i":"doNotTrack","$v":"لا تتعقبني"},{"$i":"doNotTrack-header","$v":[{"t":"idOrVar","v":"doNotTrack"}]},{"$i":"doNotTrackActions","$v":"أخبر المواقع أنني لا أريدها أن تتعقبني"},{"$i":"allowTracking","$v":"أخبر المواقع و البرامج أنني أريدها أن تتعقبني"},{"$i":"doNotHavePrefOnTracking","$v":"لا تخبر المواقع و التطبيقات بأي شيء عن خياراتي الخاصة بالتعقُّب"},{"$i":"doNotTrack-dt","$v":"كيف يعمل عدم التعقب ؟"},{"$i":"doNotTrack-dd1","$v":"عند تشغيلك لميزة عدم التعقب، جهازك يخبر كل موقع ويب وتطبيق (كذلك المعلنين ومقدمي المحتويات اﻷخرى) بأنك لا ترغب في تعقب سلوكك."},{"$i":"doNotTrack-dd2","$v":"تشغيل عدم التعقب لن يؤثر على قدرتك في تسجيل الدخول لمواقع الويب، ولن يؤدي بجهازك لنسيان معلوماتك الخاصة — من قبيل محتويات عربات التسوق، معلومات الموقع، أو معلومات تسجيل الدخول."},{"$i":"browsingPrivacy","$v":"Browsing Privacy"},{"$i":"browsingPrivacy-header","$v":[{"t":"idOrVar","v":"browsingPrivacy"}]},{"$i":"confirm-clear-title","$v":"Confirmation"},{"$i":"clear-browsing-history","$v":"Clear browsing history"},{"$i":"confirm-clear-browsing-history","$v":"Clear browsing history?"},{"$i":"clear-cookies-and-stored-data","$v":"Clear cookies and stored data"},{"$i":"confirm-clear-cookies-and-stored-data","$v":"Clear cookies and other data stored by sites on this device?"},{"$i":"clear","$v":"مسح"},{"$i":"privacy-panel","$v":"Privacy Panel"},{"$i":"no-privacy-panel","$v":"No privacy panel app found"},{"$i":"storage","$v":"تخزين"},{"$i":"enableUSBStorage1","$v":"تخزين عن طريق USB"},{"$i":"umsUnplugToDisable","$v":"افصل وصلة USB للتعطيل"},{"$i":"appStorage","$v":"تخزين التطبيق"},{"$i":"appStorage-header","$v":[{"t":"idOrVar","v":"appStorage"}]},{"$i":"storageSize","$v":[{"t":"idOrVar","v":"size"}," ",{"t":"idOrVar","v":"unit"}]},{"$i":"availableSize","$v":{"zero":[{"t":"idOrVar","v":"size"}," ",{"t":"idOrVar","v":"unit"}," متاح"],"one":[{"t":"idOrVar","v":"size"}," ",{"t":"idOrVar","v":"unit"}," متاح"],"two":[{"t":"idOrVar","v":"size"}," ",{"t":"idOrVar","v":"unit"}," متاح"],"few":[{"t":"idOrVar","v":"size"}," ",{"t":"idOrVar","v":"unit"}," متاح"],"many":[{"t":"idOrVar","v":"size"}," ",{"t":"idOrVar","v":"unit"}," متاح"],"other":[{"t":"idOrVar","v":"size"}," ",{"t":"idOrVar","v":"unit"}," متاح"]},"$x":[{"t":"idOrVar","v":"plural"},"size"]},{"$i":"apps-total-space","$v":"المساحة الإجمالية"},{"$i":"apps-used-space","$v":"مُستعمل"},{"$i":"apps-free-space","$v":"المتبقي"},{"$i":"storage-details","$v":"الصور والفيديوهات والصوتيات مخزنة بطريقة منفصلة عن التطبيقات في بطاقة الذاكرة. قم بزيارة وسائط التخزين للحصول على التفاصيل."},{"$i":"ums-shared-volumes","$v":[{"t":"idOrVar","v":"list"}," مشاركة"]},{"$i":"transferProtocol-header","$v":"Transfer Protocol"},{"$i":"protocol-mtp","$v":"Media transfer protocol (MTP)"},{"$i":"protocol-ums","$v":"USB mass Storage (UMS)"},{"$i":"mediaStorage","$v":"وسائط التخزين"},{"$i":"mediaStorage-header","$v":[{"t":"idOrVar","v":"mediaStorage"}]},{"$i":"storage-name-internal","$v":"التخزين الداخلي"},{"$i":"storage-name-external-0","$v":"التخزين على بطاقة الذاكرة"},{"$i":"storage-name-external-1","$v":"التخزين على بطاقة الذاكرة 2"},{"$i":"short-storage-name-internal","$v":"داخلي"},{"$i":"short-storage-name-external-0","$v":"بطاقة ذاكرة"},{"$i":"short-storage-name-external-1","$v":"بطاقة ذاكرة 2"},{"$i":"music-space","$v":"صوتيات "},{"$i":"pictures-space","$v":"صور"},{"$i":"videos-space","$v":"أفلام"},{"$i":"left-space","$v":"مساحة متبقية"},{"$i":"free-space","$v":"المساحة المتبقية"},{"$i":"total-space","$v":"المساحة الإجمالية"},{"$i":"size-not-available","$v":"غير متوفر"},{"$i":"no-storage","$v":"لم يتم العثور على وحدة تخزين"},{"$i":"advanced","$v":"متقدم"},{"$i":"ums-warning-title","$v":"تفعيل التخزين عن طريق USB ?"},{"$i":"default-media-location","$v":"مكان تخزين الوسائط الإفتراضي"},{"$i":"default-media-location-msg","$v":"إختر أي يتم تخزين الصور, الفيديو والموسيقى بصفة إفتراضية."},{"$i":"change-default-media-location-confirmation","$v":"Changing the default media storage location will affect where all media will be saved by default. Existing data will remain in its current location. Do you want to proceed?"},{"$i":"eject-sdcard-external-0","$v":"Eject SD card"},{"$i":"eject-sdcard-external-1","$v":"Eject SD card 2"},{"$i":"format-sdcard-internal","$v":"Format internal storage"},{"$i":"format-sdcard-external-0","$v":"Format SD card"},{"$i":"format-sdcard-external-1","$v":"Format SD card 2"},{"$i":"formatting","$v":"Formatting…"},{"$i":"unmount-sdcard-confirmation","$v":"You will not be able to access content on the SD card after you unmount it. Do you want to proceed?"},{"$i":"format-sdcard-title","$v":"تهيئة بطاقة الذاكرة"},{"$i":"format-sdcard-message","$v":"هذا سوف يمحو جميع البيانات المخزنة على بطاقة الذاكرة الرقمية المؤمنة الخاص بك، مثل الموسيقى والصور."},{"$i":"format-sdcard-internal-title","$v":"Format internal storage"},{"$i":"format-sdcard-internal-message","$v":"This will erase all data stored on your internal storage, such as music and photos."},{"$i":"format-sdcard-btnformat","$v":"التهيئة"},{"$i":"sdcardUnmounted","$v":"SD card unmounted"},{"$i":"device","$v":"جهاز"},{"$i":"help","$v":"مساعدة"},{"$i":"deviceInfo","$v":"معلومات حول الجهاز"},{"$i":"deviceInfo-header","$v":[{"t":"idOrVar","v":"deviceInfo"}]},{"$i":"deviceInfo-IMEI","$v":"IMEI"},{"$i":"deviceInfo-ICCID","$v":"ICCID"},{"$i":"deviceInfo-MSISDN","$v":"رقم الهاتف"},{"$i":"deviceInfo-ICCID-unavailable-sim","$v":["SIM ",{"t":"idOrVar","v":"index"},":غير متوفرة"]},{"$i":"downloads","$v":"تنزيلات"},{"$i":"downloads-header","$v":[{"t":"idOrVar","v":"downloads"}]},{"$i":"unknown-phoneNumber","$v":"مجهول"},{"$i":"unknown-phoneNumber-sim","$v":["SIM ",{"t":"idOrVar","v":"index"},":غير معروف"]},{"$i":"gitInfo","$v":"Git commit info"},{"$i":"developer","$v":"مُطوِّر"},{"$i":"developer-header","$v":[{"t":"idOrVar","v":"developer"}]},{"$i":"hud-settings-button","$v":"Developer HUD"},{"$i":"hud-settings-header","$v":[{"t":"idOrVar","v":"hud-settings-button"}]},{"$i":"hud-devtools","$v":"Developer tools"},{"$i":"hud-devtools-header","$v":[{"t":"idOrVar","v":"hud-devtools"}]},{"$i":"hud-logging","$v":"تسجيل التغيرات في ADB"},{"$i":"hud-system","$v":"Show system HUD"},{"$i":"hud-problems","$v":"مشاكل"},{"$i":"hud-warnings","$v":"تحذيرات"},{"$i":"hud-errors","$v":"أخطاء"},{"$i":"hud-security","$v":"المسائل الأمنية"},{"$i":"hud-performance","$v":"الأداء"},{"$i":"hud-reflows","$v":"التدفقات العائدة"},{"$i":"hud-jank","$v":"جانك"},{"$i":"jank-threshold","$v":"Jank Threshold"},{"$i":"hud-fps","$v":"الإطارات لكلّ ثانية"},{"$i":"hud-ttl","$v":"الوقت للتحميل"},{"$i":"hud-memory","$v":"الذاكرة"},{"$i":"hud-uss","$v":"Unique Set Size"},{"$i":"hud-appmemory","$v":"ذاكرة التطبيقات"},{"$i":"hud-jsobjects","$v":"اجسام JS"},{"$i":"hud-jsstrings","$v":"سلاسل JS"},{"$i":"hud-jsother","$v":"JS آخر"},{"$i":"hud-dom","$v":"DOM"},{"$i":"hud-style","$v":"النمط"},{"$i":"hud-other","$v":"أخرى"},{"$i":"software","$v":"البرمجيات"},{"$i":"devSettings","$v":"إعدادات المطوِّر"},{"$i":"debug","$v":"تصحيح"},{"$i":"developer-menu","$v":"قائمة المطور"},{"$i":"developer-tools","$v":"Developer Tools"},{"$i":"graphics","$v":"Graphics"},{"$i":"hardware-composer","$v":"Hardware composer"},{"$i":"paint-flashing","$v":"ومضة إعادة رسم المنطقة"},{"$i":"dumps-layers","$v":"تفريغ شجرة الطبقات"},{"$i":"dumps-layerscope","$v":"Dump layerscope"},{"$i":"apz-overscroll","$v":"Overscrolling"},{"$i":"tiling","$v":"Tiling"},{"$i":"low-precision","$v":"Low-precision painting"},{"$i":"low-opacity","$v":"Low-precision transparency"},{"$i":"draw-tile-borders","$v":"Draw tile borders"},{"$i":"draw-layer-borders","$v":"Draw layer borders"},{"$i":"log-animations","$v":"تسجيل الحركات البطئية"},{"$i":"remote-debugging-usb","$v":"Debugging via USB"},{"$i":"dev-tools-wifi","$v":"DevTools via Wi-Fi"},{"$i":"dev-tools-qps","$v":"Pseudo-localization"},{"$i":"debugger-disabled","$v":"معطل"},{"$i":"debugger-adb-only","$v":"ADB فقط"},{"$i":"debugger-adb-and-devtools","$v":"ADB و أدوات المطورين"},{"$i":"wifi-debugging","$v":"Wi-Fi output in adb"},{"$i":"bluetooth-debugging","$v":"إخراج البلوتوث في ADB"},{"$i":"nfc-debugging","$v":"NFC output in ADB"},{"$i":"console-enabled","$v":"وحدة التحكم مفعلة"},{"$i":"cards-view-screenshots","$v":"Cards View: Screenshots"},{"$i":"geolocation-debugging-enabled","$v":"Geolocation output in ADB"},{"$i":"geolocation-debugging-gps-locations-ignored","$v":"Ignore GPS locations"},{"$i":"use-reviewer-certs","$v":"Use Marketplace reviewer certs"},{"$i":"shake-to-log","$v":"Shake to save system log"},{"$i":"model-name","$v":"الطراز"},{"$i":"os-version","$v":"إصدار نظام التشغيل"},{"$i":"firmware_revision","$v":"مراجعة النظام"},{"$i":"hardware_revision","$v":"مراجعة الجهاز"},{"$i":"platform_version","$v":"نسخة البرنامج"},{"$i":"build-id","$v":"مُعرِّف البنية"},{"$i":"update-channel","$v":"تحديث القناة"},{"$i":"build_number","$v":"Build Number"},{"$i":"update-url","$v":"Update URL"},{"$i":"last-updated","$v":"أخر تحديث"},{"$i":"more-info","$v":"المزيد من المعلومات"},{"$i":"more-info-header","$v":[{"t":"idOrVar","v":"more-info"}]},{"$i":"softwareUpdates","$v":"تحديثات البرامج"},{"$i":"check-update-daily","$v":"يومي"},{"$i":"check-update-weekly","$v":"أسبوعي"},{"$i":"check-update-monthly","$v":"شهري"},{"$i":"check-for-updates","$v":"التحقق من وجود تحديثات"},{"$i":"check-update-now","$v":"التحقق الآن"},{"$i":"update-status","$v":"حالة التحديث"},{"$i":"no-network-when-update","$v":"Connect to the Internet to proceed with your update."},{"$i":"checking-for-update","$v":"جارِ التحقق من وجود تحديثات"},{"$i":"no-updates","$v":"لم يتم العثور على تحديثات"},{"$i":"retry-when-online","$v":"غير مُتصل بالشبكة. حاول مرَّة أُخرى عندما تكون مُتصلاً."},{"$i":"already-latest-version","$v":["هذه أخر نسخة محدثة من ",{"t":"idOrVar","v":"brandShortName"}]},{"$i":"check-error","$v":"حدث خطأ عند التحقق من وجود تحديثات."},{"$i":"aboutBrowserOS","$v":["حول ",{"t":"idOrVar","v":"brandShortName"}]},{"$i":"browser-os-desc","$v":[{"t":"idOrVar","v":"brandShortName"}," هو نظام تشغيل موزيلا المجاني والمفتوح المصدر. مهمتنا هي تشجيع وتعزيز الانفتاح والابتكار وتوليد الفرص عن طريق تسليمك طاقات الويب."]},{"$i":"learn-more","$v":"معرفة المزيد"},{"$i":"reset-head","$v":"Reset"},{"$i":"reset-warning-title","$v":"تحذير"},{"$i":"unlock-privileges","$v":"Unlock Privileges"},{"$i":"root-warning-title","$v":"CAUTION"},{"$i":"your-rights","$v":"حقوقك"},{"$i":"your-rights-header","$v":[{"t":"idOrVar","v":"your-rights"}]},{"$i":"about-your-rights-0","$v":[{"t":"idOrVar","v":"brandShortName"}," هو برنامج حر ومفتوح المصدر، تم إنشاؤه بواسط مجتمع يحوي آلاف المساهمين من كل أنحاء العالم. هناك بعض الأمور ينبغي عليك أن تعرفها: "]},{"$i":"about-your-rights-1","$v":["تم اتاحة ",{"t":"idOrVar","v":"brandShortName"}," لك بموجب شروط تراخيص عدة مفتوحة المصدر بما في ذلك الرخصة العمومية لموزيلا. ويمكن لجوّال يعمل ب ",{"t":"idOrVar","v":"brandShortName"}," ان بحتوي على برمجيات مملوكة من أطراف ثالثة. أي رمز منصوص عليه في التراخيص المفتوحة تعطيك الحق في تعديل المصدر وتوزيع الإصدارات الخاصة بك ما دمت ممتثلا لأحكامها."]},{"$i":"about-your-rights-2","$v":["لا تمنح لك أية حقوق في العلامة التجارية أو رخص من العلامات التجارية لمؤسسة موزيلا أو أي طرف، بما في ذلك على سبيل المثال لا الحصر قيد النص المؤقت لإسم أو شعار ",{"t":"idOrVar","v":"brandShortName"},"."]},{"$i":"about-your-rights-3","$v":["بعض الميزات في ",{"t":"idOrVar","v":"brandShortName"},"، مثل مراسل اﻷعطال، تعطيك الخيار في توفير تقرير حال لموزيلا. عن طريق اختيار إرسال تقرير الحال، أنت تعطي الإذن لموزيلا في استخدام تقرير الحال لتحسين منتجاتها، في نشر تقرير الحال على مواقع الويب الخاصة بها، وفي توزيع تقرير الحال."]},{"$i":"about-legal-info","$v":"المعلومات القانونية"},{"$i":"about-credit-info","$v":"Credits"},{"$i":"about-legal-info-header","$v":[{"t":"idOrVar","v":"about-legal-info"}]},{"$i":"open-source-notices","$v":"ملاحظات المصدر المفتوح"},{"$i":"open-source-notices-header","$v":[{"t":"idOrVar","v":"open-source-notices"}]},{"$i":"obtaining-source-code","$v":"جارِ الحصول على شيفرة المصدر"},{"$i":"obtaining-source-code-header","$v":[{"t":"idOrVar","v":"obtaining-source-code"}]},{"$i":"about-mozilla","$v":"موزيلا"},{"$i":"about-other","$v":"أخرى"},{"$i":"your-privacy","$v":"خصوصيتك"},{"$i":"your-privacy-header","$v":[{"t":"idOrVar","v":"your-privacy"}]},{"$i":"licensing-1","$v":"الملفات الثنائية من هذا المنتج متاحة لك من قبل مشروع موزيلا، تحت ترخيص موزيلا العام 2.0 (MPL). تعرف على حقوقك."},{"$i":"licensing-2","$v":"كل الشفرة المصدرية لهذا المنتج متاحة تحت تراخيص حرة ومفتوحة المصدر على حد سواء. معظمُها متاحة تحت ترخيص موزيلا العام 2.0 (MPL). "},{"$i":"licensing-3","$v":"ما تبقى من البرامج التي ليست تحت ترخيص موزيلا العام 2.0 MPL متاحة تحت واحدة من التراخيص المتنوعة اﻷخرى. تلك التي تتطلب إعادة إنتاج نص الترخيص في التوزيعة معطاة أدناه. (ملاحظة : نسختك من هذا المنتج قد لا تحتوي على شفرة مشمولة بواحدة أو أكثر من التراخيص المذكورة هنا، حسب المنتج المحدد والإصدار الذي تختار.)"},{"$i":"licensing-MPL","$v":"ترخيص موزيلا العام 2.0"},{"$i":"licensing-Apache","$v":"ترخيص Apache 2.0"},{"$i":"launch-ftu","$v":"تنفيذ عند أول استخدام"},{"$i":"no-ftu","$v":"لم يتم العثور على تطبيق اُستخدم لاول مرة"},{"$i":"software-home-button","$v":"Software home button"},{"$i":"home-gesture","$v":"Home gesture"},{"$i":"continuous-transition","$v":"Continuous transition"},{"$i":"debug-gaia-enabled","$v":"Gaia debug traces"},{"$i":"showScreenReaderSettings","$v":"Show screen reader settings"},{"$i":"app-transition","$v":"App transition"},{"$i":"app-suspending","$v":"App suspending"},{"$i":"copypaste","$v":"Copy/paste"},{"$i":"verbose-app-permissions","$v":"Verbose app permissions"},{"$i":"window-management","$v":"نافذة الإدارة"},{"$i":"downloads-edit","$v":"تعديل التنزيلات"},{"$i":"downloads-select-all","$v":"تحديد الكل"},{"$i":"downloads-deselect-all","$v":"إلغاء تحديد الكل"},{"$i":"downloads-delete","$v":"احذف"},{"$i":"battery","$v":"البطارية"},{"$i":"battery-header","$v":[{"t":"idOrVar","v":"battery"}]},{"$i":"batteryLevel","$v":"المستوى الحالي"},{"$i":"batteryLevel-percent-unplugged","$v":[{"t":"idOrVar","v":"level"},"%"]},{"$i":"batteryLevel-percent-charging","$v":[{"t":"idOrVar","v":"level"},"% (جار الشحن)"]},{"$i":"batteryLevel-percent-charged","$v":[{"t":"idOrVar","v":"level"},"% (تم شحنه)"]},{"$i":"powerSaveModeTitle","$v":"Power Save Mode"},{"$i":"powerSaveMode","$v":"وضع توفير الطاقة"},{"$i":"powerSave-threshold","$v":[{"t":"idOrVar","v":"level"},"% المتبقي من البطارية"]},{"$i":"turnOnAuto","$v":"إعادة التشغبل أوتوماتيكياً"},{"$i":"accessibility","$v":"الوصول"},{"$i":"accessibility-header","$v":[{"t":"idOrVar","v":"accessibility"}]},{"$i":"screenReader","$v":"قارئ الشاشة"},{"$i":"screenReader-header","$v":[{"t":"idOrVar","v":"screenReader"}]},{"$i":"screenReader-toggle","$v":[{"t":"idOrVar","v":"screenReader"}]},{"$i":"colorFilter","$v":"Color Filter"},{"$i":"colorFilter-header","$v":[{"t":"idOrVar","v":"colorFilter"}]},{"$i":"colorFilter-toggle","$v":[{"t":"idOrVar","v":"colorFilter"}]},{"$i":"screenReader-captions","$v":"Display speech"},{"$i":"screenReader-enable-msg","$v":"عندما يكون قارئ الشاشة مُفعل، سيقوم جهازك بقراءة النص لمساعدة المكفوفين و ضعاف البصر."},{"$i":"screen-reader-speech-volume","$v":"Speech Volume"},{"$i":"screen-reader-speech-rate","$v":"Speech Rate"},{"$i":"screenReader-confirm-title-start","$v":"أأبدء قارئ الشاشة؟"},{"$i":"screenReader-confirm-description-start","$v":"عند تفعيل قارئ الشاشة سيقوم بتغيير عمل شاشة اللمس. المس في أي مكان لتسمع النص تحت اصبعك و لمستيين متتاليتين لتفعيله."},{"$i":"screenReader-confirm-button-start","$v":"إبدأ"},{"$i":"screenReader-confirm-title-stop","$v":"وقف قارئ الشاشة؟"},{"$i":"screenReader-confirm-description-stop","$v":"سيتم وقف قارئ الشاشة ووضع حد لجميع ردود الفعل على الكلام."},{"$i":"screenReader-confirm-button-stop","$v":"أوقف"},{"$i":"colorFilter-invert","$v":"Invert"},{"$i":"colorFilter-grayscale","$v":"Grayscale"},{"$i":"colorFilter-contrast","$v":"Contrast"},{"$i":"improveBrowserOS","$v":["تحسين ",{"t":"idOrVar","v":"brandShortName"}]},{"$i":"improveBrowserOSTitle","$v":["تحسين ",{"t":"idOrVar","v":"brandShortName"}]},{"$i":"sendMozillaFeedback","$v":"ارسل تعليق لموزيلا"},{"$i":"performanceAndUsageData","$v":"Performance and Usage Data"},{"$i":"sharePerformanceAndUsageData","$v":"Submit data"},{"$i":"crashReports","$v":"تقارير الأعطال"},{"$i":"crashReports-header","$v":[{"t":"idOrVar","v":"crashReports"}]},{"$i":"crashReportInfo","$v":"ارسال التقارير لموزيلا عند حدوث أعطال يساعدنا على حل المشكلة للجميع. يتم ارسال التقارير فقط عبر الـ Wi-Fi."},{"$i":"alwaysSendReport","$v":"دائما أرسل التقارير"},{"$i":"neverSendReport","$v":"لا ترسل التقرير مطلقا"},{"$i":"askToSendReport2","$v":"اسأل في كل مرة"},{"$i":"crash-reports-description-1","$v":"تقرير العطل يحتوي على تفاصيل العطل و جوّالك ولمحة عن حالة جوّالك لحظه حدوث العطل."},{"$i":"crash-reports-description-2","$v":"ربما يحتوي على الصفحات المفتوحة والتطبيقات، بعض النصوص المطبوعة ومحتوى الرسائل المفتوحة، اخر تأريخ التصفح أو موقعك الجغرافي المستخدم في التطبيق المفتوح."},{"$i":"crash-reports-description-3-start","$v":"نستخدم تقارير الأعطال في محاولة إصلاح المشاكل وتحسين منتجاتنا. علينا التعامل مع المعلومات الخاصة بك كما موضحة في ourȀ"},{"$i":"crash-reports-description-3-privacy","$v":"سياسة الخصوصية"},{"$i":"crash-reports-description-3-end","$v":"."},{"$i":"sendFeedbackTitle","$v":"أرسل ملاحظاتك"},{"$i":"feedback-description","$v":"ملاحظاتك سوف تساعدنا على تحسين نظام فيرفُكس."},{"$i":"feedback-happy","$v":"سعيد"},{"$i":"feedback-sad","$v":"حزين"},{"$i":"feedback-mood-description","$v":"كيف تشعر ؟"},{"$i":"feedback_whyfeel_happy","$v":"لماذا تشعر بالسعادة ؟"},{"$i":"feedback_whyfeel_sad","$v":"لماذا تشعر بالحزن ؟"},{"$i":"feedback-mood-explain","$v":"رجاءا أخبرنا بالتفاصيل"},{"$i":"feedback-public-description","$v":"المعلومات في ملاحظاتك ستكون عامة، رجاءا لا تدخل أي معلومات شخصية."},{"$i":"feedback-contactyou","$v":"اضغط هنا للسماح لنا بالاتصال بك عبر البريد الإلكتروني."},{"$i":"email-address1","$v":"البريد الإلكتروني:"},{"$i":"email-keepprivate","$v":"لا تقلق. سوف نُبقي على خصوصية بريدك الإلكتروني."},{"$i":"feedback-sendbtn","$v":"أرسل انطباعك"},{"$i":"feedback-errormessage-connect-error","$v":"عذرا، لا يستطيع النظام إرسال اقتراحك نتيجة خطأ في الاتصال. من فضلك أعد المحاولة عند حل المشكلة."},{"$i":"feedback-errormessage-server-off","$v":"عذرا، لا يستطيع النظام إرسال اقتراحك لأن الخادم مغلق. رجى الانتظار قليلا وإعادة المحاولة."},{"$i":"feedback-errormessage-timeout","$v":"عذرا، لا يستطيع النظام إرسال اقتراحك بسبب خطأ في الاتصال. يرجى إعادة التشغيل وإعادة المحاولة."},{"$i":"feedback-errormessage-wrong-email","$v":"عذرا، لا يستطيع النظام إرسال اقتراحك بسبب عدم وجود بريد إلكتروني أو نتيجة خطأ في كتابة بريدك الإلكتروني. من فضلك استخدم عنوان بريد إلكتروني صالح وأعد المحاولة."},{"$i":"feedback-errormessage-empty-comment","$v":"عفوا، لا يستطيع النظام إرسال اقتراحك لأن خانة التعليق خالية. من فضلك أدخل تعليق وأعد المحاولة."},{"$i":"feedback-errormessage-just-sent","$v":"عفوا، لا يستطيع النظام إرسال اقتراحك لأنك أرسلت بالفعل رأيك. من فضلك جرّب تحديثنا القادم وأرسل لنا مرة أخرى."},{"$i":"feedback-complete-msg","$v":"شكرا على ملاحظاتك! سوف نستخدمها للمساعدة في توفر تجربة أفضل في الإصدارات المستقبلية من نظام فيرفُكس."},{"$i":"online-support","$v":"الدعم عبر الإنترنت:"},{"$i":"call-support","$v":"طلب الدعم:"},{"$i":"user-guide","$v":"دليل المستخدم"},{"$i":"default-support","$v":"الرجاء الاتصال مع مزود الخدمة المحلي."},{"$i":"operatorServices","$v":"خدمات المزودين"},{"$i":"operatorServices-help","$v":"مساعدة"},{"$i":"operatorServices-helpmenu","$v":"قائمة المساعدة"},{"$i":"stkAppsNotAvailable","$v":"تطبيقات بطاقة SIM غير متوفرة"},{"$i":"simToolkit","$v":"تطبيقات SIM"},{"$i":"stkItemsNaiSetUpCall","$v":"إعداد الإتصال"},{"$i":"stkItemsNaiSendSs","$v":"أرسل SS"},{"$i":"stkItemsNaiSendUssd","$v":"أرسل USSD"},{"$i":"stkItemsNaiSendSms","$v":"أرسل رسالة قصيرة"},{"$i":"stkItemsNaiSendDtmf","$v":"أرسل DTMF"},{"$i":"stkItemsNaiLaunchBrowser","$v":"فتح المتصفح"},{"$i":"stkItemsNaiPlayTone","$v":"شغل النغمة"},{"$i":"stkItemsNaiDisplayText","$v":"عرض النص"},{"$i":"stkItemsNaiGetInkey","$v":"الحصول على مفتاح"},{"$i":"stkItemsNaiGetInput","$v":"الحصول المدخلات"},{"$i":"stkItemsNaiSelectItem","$v":"إختر العنصر"},{"$i":"stkItemsNaiSetUpMenu","$v":"إعداد القائمة"},{"$i":"stkItemsNaiProvideLocalInfo","$v":"وفّر معلومات محلية"},{"$i":"stkItemsNaiSetIdleModeText","$v":"إرسال رسالة تنبيه بالإنشغال"},{"$i":"stkItemsNaiOpenChannel","$v":"فتح قناة"},{"$i":"stkItemsNaiCloseChannel","$v":"أغلق قناة"},{"$i":"stkItemsNaiReceiveData","$v":"إستقبال بيانات"},{"$i":"stkItemsNaiSendData","$v":"أرسل بيانات"},{"$i":"stkItemsNaiGetChannelStatus","$v":"أحصل على معلومات القناة"},{"$i":"is-warning-storage-header","$v":"USB storage"},{"$i":"is-warning-tethering-header","$v":"USB tethering"},{"$i":"is-warning-wifi-header","$v":"Wi-Fi hotspot"},{"$i":"is-warning-storage-tethering-message","$v":"Enabling USB storage will disable USB tethering. Do you want to enable USB storage?"},{"$i":"is-warning-tethering-storage-message","$v":"Enabling USB tethering will disable USB storage. Do you want to enable USB tethering?"},{"$i":"is-warning-tethering-wifi-message","$v":"Enabling USB tethering will disable Wi-Fi hotspot. Do you want to enable USB tethering?"},{"$i":"is-warning-wifi-tethering-message","$v":"Enabling Wi-Fi hotspot will disable USB tethering. Do you want to enable Wi-Fi hotspot?"},{"$i":"settings-dialog-alert","$v":"Alert"},{"$i":"settings-dialog-confirm","$v":"Confirm"},{"$i":"settings-dialog-prompt","$v":"Prompt"},{"$i":"settings-alert-dialog-header","$v":[{"t":"idOrVar","v":"settings-dialog-alert"}]},{"$i":"settings-confirm-dialog-header","$v":[{"t":"idOrVar","v":"settings-dialog-confirm"}]},{"$i":"settings-prompt-dialog-header","$v":[{"t":"idOrVar","v":"settings-dialog-prompt"}]},{"$i":"change-device-name","$v":"Change tablet name"},{"$i":"internetSharing-usb-desc","$v":"شارك إتصال الانترنت مع الأجهزة المتصلة من خلال USB"},{"$i":"internetSharing-wifi-desc","$v":"السماح للأجهزة الأخرى بمشاركة إتصال الإنترنت معي عن طريق الإتصال بالـ Wi-Fi"},{"$i":"unplayable-ringtone","$v":"لا تستطيع تغيير نغمة الرنين لان الملف المختار لا يعمل على هذا الهاتف"},{"$i":"findmydevice-signup-description","$v":"Find My Device allows you to locate, lock or erase your tablet"},{"$i":"findmydevice-settings-description","$v":"Find My Device allows you to locate, lock or erase your tablet from a web site:"},{"$i":"findmydevice-active-tracking","$v":"Your tablet is being tracked by another device through the website."},{"$i":"findmydevice-not-tracking","$v":"No devices are actively tracking your tablet through the website."},{"$i":"ums-confirm","$v":"Enabling USB storage allows another computer or device connected using USB to access files on this tablet."},{"$i":"reset-device","$v":"Reset Tablet"},{"$i":"reset-warning-body","$v":"سيتم إعادة تعيين مسح جميع البيانات الخاصة بك، بما في ذلك التطبيقات التي قمت بشرائها. سوف يتم استعادة الهاتف لحالة المصنع. لن يتم حفظ أيا من الإعدادات أو البيانات الخاصة بك."},{"$i":"root-device","$v":"Reset and root the tablet"},{"$i":"root-warning-body","$v":"Resetting will erase all your data, including any apps you’ve purchased. None of your settings or data will be saved. But your tablet will have unrestricted developer tools, allowing you to modify and debug system applications."},{"$i":"powerSave-explanation","$v":"تشغيل وضع توفير الطاقة يعطل بيانات الهاتف, البلوتوث وخدمات تحديد الموقع لإطالة عمر البطارية. بإمكانك عنها إعادة تشغيل هذه الخدمات يدويا."},{"$i":"performanceAndUsageDataInfo","$v":["Help us improve ",{"t":"idOrVar","v":"brandShortName"}," by sharing data about your tablet and the way you use it."]},{"$i":"device-status-connected-device","$v":"Connected to tablet audio"},{"$i":"device-status-connected-device-media","$v":"Connected to tablet/media audio"}]