[{"$i":"stopped_download_title","$v":"Téléchargement arrêté"},{"$i":"stopped_download_message","$v":"Le téléchargement a été arrêté. Voulez-vous relancer le téléchargement ?"},{"$i":"stopped_download_left_button","$v":"Annuler"},{"$i":"stopped_download_right_button","$v":"Relancer"},{"$i":"failed_download_title","$v":"Échec du téléchargement"},{"$i":"failed_download_message","$v":["Le téléchargement de ",{"t":"idOrVar","v":"name"}," a échoué. Voulez-vous relancer le téléchargement ?"]},{"$i":"failed_download_left_button","$v":"Annuler"},{"$i":"failed_download_right_button","$v":"Relancer"},{"$i":"stop_download_title","$v":"Arrêter le téléchargement"},{"$i":"stop_download_message","$v":"Voulez-vous vraiment arrêter le téléchargement ?"},{"$i":"stop_download_left_button","$v":"Non"},{"$i":"stop_download_right_button","$v":"Oui"},{"$i":"delete_download_title","$v":"Suppression"},{"$i":"delete_download_message","$v":["Supprimer ",{"t":"idOrVar","v":"name"}," ?"]},{"$i":"delete_download_left_button","$v":"Annuler"},{"$i":"delete_download_right_button","$v":"Supprimer"},{"$i":"delete_all_download_title","$v":"Suppression"},{"$i":"delete_all_download_left_button","$v":"Annuler"},{"$i":"delete_all_download_right_button","$v":"Supprimer"},{"$i":"delete_all_download_message","$v":{"zero":"Ne supprimer aucun fichier ?","one":"Supprimer le fichier ?","two":["Supprimer ",{"t":"idOrVar","v":"number"}," fichiers ?"],"few":["Supprimer ",{"t":"idOrVar","v":"number"}," fichiers ?"],"many":["Supprimer ",{"t":"idOrVar","v":"number"}," fichiers ?"],"other":["Supprimer ",{"t":"idOrVar","v":"number"}," fichiers ?"]},"$x":[{"t":"idOrVar","v":"plural"},"number"]},{"$i":"unsupported_file_type_download_title","$v":"Ouverture impossible"},{"$i":"unsupported_file_type_download_message","$v":["Aucune application n’est capable d’ouvrir ",{"t":"idOrVar","v":"name"},". Voulez-vous enregistrer le fichier ou le supprimer ?"]},{"$i":"unsupported_file_type_download_left_button","$v":"Conserver"},{"$i":"unsupported_file_type_download_right_button","$v":"Supprimer"},{"$i":"file_not_found_download_title","$v":"Fichier introuvable"},{"$i":"file_not_found_download_message","$v":"Le fichier est introuvable sur l’appareil"},{"$i":"file_not_found_download_right_button","$v":"OK"},{"$i":"unmounted_sdcard_2_download_title","$v":"Carte mémoire utilisée"},{"$i":"unmounted_sdcard_2_download_message","$v":"Veuillez débrancher le téléphone"},{"$i":"unmounted_sdcard_2_download_right_button","$v":"OK"},{"$i":"no_provider_download_title","$v":"Partage impossible"},{"$i":"no_provider_download_message","$v":"Aucun service disponible"},{"$i":"no_provider_download_right_button","$v":"OK"},{"$i":"no_memory_download_title","$v":"Carte SD pleine"},{"$i":"no_memory_download_message","$v":"Il n’y a plus assez de place sur votre carte SD pour enregistrer votre téléchargement. Veuillez supprimer quelques fichiers avant de relancer le téléchargement."},{"$i":"no_memory_download_right_button","$v":"OK"},{"$i":"no_sdcard_found_2_download_title","$v":"Aucune carte mémoire détectée"},{"$i":"no_sdcard_found_2_download_message","$v":"Insérez une carte mémoire ou sélectionnez dans les paramètres un autre emplacement par défaut pour les médias"},{"$i":"no_sdcard_found_2_download_right_button","$v":"OK"},{"$i":"file_open_error_download_title","$v":"Ouverture impossible"},{"$i":"file_open_error_download_message","$v":["Un problème est survenu lors de l’ouverture de ",{"t":"idOrVar","v":"name"},". Voulez-vous conserver le fichier ou le supprimer ?"]},{"$i":"file_open_error_download_left_button","$v":"Conserver"},{"$i":"file_open_error_download_right_button","$v":"Supprimer"},{"$i":"restart_download_error","$v":"Une erreur s’est produite lors de la reprise du téléchargement. Veuillez relancer le téléchargement."},{"$i":"no-downloads","$v":"Aucun téléchargement"},{"$i":"byteUnit-B","$v":"o"},{"$i":"byteUnit-KB","$v":"Ko"},{"$i":"byteUnit-MB","$v":"Mo"},{"$i":"byteUnit-GB","$v":"Go"},{"$i":"byteUnit-TB","$v":"To"},{"$i":"fileSize","$v":[{"t":"idOrVar","v":"size"}," ",{"t":"idOrVar","v":"unit"}]},{"$i":"percentage","$v":[{"t":"idOrVar","v":"percentage"}," %"]},{"$i":"partialResult","$v":[{"t":"idOrVar","v":"partial"}," sur ",{"t":"idOrVar","v":"total"}]},{"$i":"summary","$v":[{"t":"idOrVar","v":"date"}," - ",{"t":"idOrVar","v":"status"}]},{"$i":"download-stopped","$v":"Arrêté"},{"$i":"download-failed","$v":"Le téléchargement a échoué"},{"$i":"open_downloaded_file","$v":"Ouvrir"},{"$i":"share_downloaded_file","$v":"Partager"},{"$i":"wallpaper_downloaded_file","$v":"Définir comme fond d’écran"},{"$i":"ringtone_downloaded_file","$v":"Définir comme sonnerie"},{"$i":"cancel_downloaded_file","$v":"Annuler"},{"$i":"brandShortName","$v":"Firefox OS"},{"$i":"browserBrandShortName","$v":"Firefox"},{"$i":"browserBrandFullName","$v":"Mozilla Firefox"},{"$i":"ringtoneBrandName","$v":"Firefox"},{"$i":"ringtoneSectionBrandName","$v":"Firefox"},{"$i":"weekday-0-long","$v":"Dimanche"},{"$i":"weekday-1-long","$v":"Lundi"},{"$i":"weekday-2-long","$v":"Mardi"},{"$i":"weekday-3-long","$v":"Mercredi"},{"$i":"weekday-4-long","$v":"Jeudi"},{"$i":"weekday-5-long","$v":"Vendredi"},{"$i":"weekday-6-long","$v":"Samedi"},{"$i":"weekday-0-short","$v":"dim"},{"$i":"weekday-1-short","$v":"lun"},{"$i":"weekday-2-short","$v":"mar"},{"$i":"weekday-3-short","$v":"mer"},{"$i":"weekday-4-short","$v":"jeu"},{"$i":"weekday-5-short","$v":"ven"},{"$i":"weekday-6-short","$v":"sam"},{"$i":"month-0-long","$v":"Janvier"},{"$i":"month-1-long","$v":"Février"},{"$i":"month-2-long","$v":"Mars"},{"$i":"month-3-long","$v":"Avril"},{"$i":"month-4-long","$v":"Mai"},{"$i":"month-5-long","$v":"Juin"},{"$i":"month-6-long","$v":"Juillet"},{"$i":"month-7-long","$v":"Août"},{"$i":"month-8-long","$v":"Septembre"},{"$i":"month-9-long","$v":"Octobre"},{"$i":"month-10-long","$v":"Novembre"},{"$i":"month-11-long","$v":"Décembre"},{"$i":"month-0-genitive","$v":"janvier"},{"$i":"month-1-genitive","$v":"février"},{"$i":"month-2-genitive","$v":"mars"},{"$i":"month-3-genitive","$v":"avril"},{"$i":"month-4-genitive","$v":"mai"},{"$i":"month-5-genitive","$v":"juin"},{"$i":"month-6-genitive","$v":"juillet"},{"$i":"month-7-genitive","$v":"août"},{"$i":"month-8-genitive","$v":"septembre"},{"$i":"month-9-genitive","$v":"octobre"},{"$i":"month-10-genitive","$v":"novembre"},{"$i":"month-11-genitive","$v":"décembre"},{"$i":"month-0-short","$v":"jan."},{"$i":"month-1-short","$v":"fév."},{"$i":"month-2-short","$v":"mars"},{"$i":"month-3-short","$v":"avr."},{"$i":"month-4-short","$v":"mai"},{"$i":"month-5-short","$v":"juin"},{"$i":"month-6-short","$v":"juil."},{"$i":"month-7-short","$v":"août"},{"$i":"month-8-short","$v":"sep."},{"$i":"month-9-short","$v":"oct."},{"$i":"month-10-short","$v":"nov."},{"$i":"month-11-short","$v":"déc."},{"$i":"minutes-ago-long","$v":{"zero":"à l’instant","one":["il y a ",{"t":"idOrVar","v":"value"}," minute"],"two":["il y a ",{"t":"idOrVar","v":"value"}," minutes"],"few":["il y a ",{"t":"idOrVar","v":"value"}," minutes"],"many":["il y a ",{"t":"idOrVar","v":"value"}," minutes"],"other":["il y a ",{"t":"idOrVar","v":"value"}," minutes"]},"$x":[{"t":"idOrVar","v":"plural"},"value"]},{"$i":"hours-ago-long","$v":{"zero":"à l’instant","one":["il y a ",{"t":"idOrVar","v":"value"}," heure"],"two":["il y a ",{"t":"idOrVar","v":"value"}," heures"],"few":["il y a ",{"t":"idOrVar","v":"value"}," heures"],"many":["il y a ",{"t":"idOrVar","v":"value"}," heures"],"other":["il y a ",{"t":"idOrVar","v":"value"}," heures"]},"$x":[{"t":"idOrVar","v":"plural"},"value"]},{"$i":"days-ago-long","$v":{"zero":"aujourd’hui","one":"hier","two":["il y a ",{"t":"idOrVar","v":"value"}," jours"],"few":["il y a ",{"t":"idOrVar","v":"value"}," jours"],"many":["il y a ",{"t":"idOrVar","v":"value"}," jours"],"other":["il y a ",{"t":"idOrVar","v":"value"}," jours"]},"$x":[{"t":"idOrVar","v":"plural"},"value"]},{"$i":"weeks-ago-long","$v":{"zero":"cette semaine","one":"la semaine dernière","two":["il y a ",{"t":"idOrVar","v":"value"}," semaines"],"few":["il y a ",{"t":"idOrVar","v":"value"}," semaines"],"many":["il y a ",{"t":"idOrVar","v":"value"}," semaines"],"other":["il y a ",{"t":"idOrVar","v":"value"}," semaines"]},"$x":[{"t":"idOrVar","v":"plural"},"value"]},{"$i":"months-ago-long","$v":{"zero":"ce mois-ci","one":"le mois dernier","two":["il y a ",{"t":"idOrVar","v":"value"}," mois"],"few":["il y a ",{"t":"idOrVar","v":"value"}," mois"],"many":["il y a ",{"t":"idOrVar","v":"value"}," mois"],"other":["il y a ",{"t":"idOrVar","v":"value"}," mois"]},"$x":[{"t":"idOrVar","v":"plural"},"value"]},{"$i":"years-ago-long","$v":{"zero":"cette année","one":"l’année dernière","two":["il y a ",{"t":"idOrVar","v":"value"}," ans"],"few":["il y a ",{"t":"idOrVar","v":"value"}," ans"],"many":["il y a ",{"t":"idOrVar","v":"value"}," ans"],"other":["il y a ",{"t":"idOrVar","v":"value"}," ans"]},"$x":[{"t":"idOrVar","v":"plural"},"value"]},{"$i":"minutes-until-long","$v":{"zero":"maintenant","one":["dans ",{"t":"idOrVar","v":"value"}," minute"],"two":["dans ",{"t":"idOrVar","v":"value"}," minutes"],"few":["dans ",{"t":"idOrVar","v":"value"}," minutes"],"many":["dans ",{"t":"idOrVar","v":"value"}," minutes"],"other":["dans ",{"t":"idOrVar","v":"value"}," minutes"]},"$x":[{"t":"idOrVar","v":"plural"},"value"]},{"$i":"hours-until-long","$v":{"zero":"maintenant","one":["dans ",{"t":"idOrVar","v":"value"}," heure"],"two":["dans ",{"t":"idOrVar","v":"value"}," heures"],"few":["dans ",{"t":"idOrVar","v":"value"}," heures"],"many":["dans ",{"t":"idOrVar","v":"value"}," heures"],"other":["dans ",{"t":"idOrVar","v":"value"}," heures"]},"$x":[{"t":"idOrVar","v":"plural"},"value"]},{"$i":"days-until-long","$v":{"zero":"aujourd’hui","one":"demain","two":["dans ",{"t":"idOrVar","v":"value"}," jours"],"few":["dans ",{"t":"idOrVar","v":"value"}," jours"],"many":["dans ",{"t":"idOrVar","v":"value"}," jours"],"other":["dans ",{"t":"idOrVar","v":"value"}," jours"]},"$x":[{"t":"idOrVar","v":"plural"},"value"]},{"$i":"weeks-until-long","$v":{"zero":"cette semaine","one":"la semaine prochaine","two":["dans ",{"t":"idOrVar","v":"value"}," semaines"],"few":["dans ",{"t":"idOrVar","v":"value"}," semaines"],"many":["dans ",{"t":"idOrVar","v":"value"}," semaines"],"other":["dans ",{"t":"idOrVar","v":"value"}," semaines"]},"$x":[{"t":"idOrVar","v":"plural"},"value"]},{"$i":"months-until-long","$v":{"zero":"ce mois-ci","one":"le mois prochain","two":["dans ",{"t":"idOrVar","v":"value"}," mois"],"few":["dans ",{"t":"idOrVar","v":"value"}," mois"],"many":["dans ",{"t":"idOrVar","v":"value"}," mois"],"other":["dans ",{"t":"idOrVar","v":"value"}," mois"]},"$x":[{"t":"idOrVar","v":"plural"},"value"]},{"$i":"years-until-long","$v":{"zero":"cette année","one":"l’année prochaine","two":["dans ",{"t":"idOrVar","v":"value"}," ans"],"few":["dans ",{"t":"idOrVar","v":"value"}," ans"],"many":["dans ",{"t":"idOrVar","v":"value"}," ans"],"other":["dans ",{"t":"idOrVar","v":"value"}," ans"]},"$x":[{"t":"idOrVar","v":"plural"},"value"]},{"$i":"minutes-ago-short","$v":{"zero":"à l’instant","other":["il y a ",{"t":"idOrVar","v":"value"}," min"]},"$x":[{"t":"idOrVar","v":"plural"},"value"]},{"$i":"hours-ago-short","$v":{"zero":"à l’instant","other":["il y a ",{"t":"idOrVar","v":"value"},"h"]},"$x":[{"t":"idOrVar","v":"plural"},"value"]},{"$i":"days-ago-short","$v":{"zero":"aujourd’hui","other":["il y a ",{"t":"idOrVar","v":"value"},"j"]},"$x":[{"t":"idOrVar","v":"plural"},"value"]},{"$i":"minutes-until-short","$v":{"zero":"maintenant","other":["dans ",{"t":"idOrVar","v":"value"},"m"]},"$x":[{"t":"idOrVar","v":"plural"},"value"]},{"$i":"hours-until-short","$v":{"zero":"maintenant","other":["dans ",{"t":"idOrVar","v":"value"},"h"]},"$x":[{"t":"idOrVar","v":"plural"},"value"]},{"$i":"days-until-short","$v":{"zero":"aujourd’hui","other":["dans ",{"t":"idOrVar","v":"value"},"j"]},"$x":[{"t":"idOrVar","v":"plural"},"value"]},{"$i":"incorrectDate","$v":"(date incorrecte)"},{"$i":"dateTimeFormat_%c","$v":"%a %e %b %Y %H:%M:%S"},{"$i":"dateTimeFormat_%x","$v":"%d/%m/%Y"},{"$i":"dateTimeFormat_%X","$v":"%H:%M:%S"},{"$i":"shortTimeFormat","$v":"%H:%M"},{"$i":"shortTimeFormat12","$v":"%I:%M %p"},{"$i":"shortTimeFormat24","$v":"%H:%M"},{"$i":"shortDateTimeFormat","$v":"%x %H:%M"},{"$i":"weekStartsOnMonday","$v":"1"},{"$i":"time_am","$v":"AM"},{"$i":"time_pm","$v":"PM"},{"$i":"title-app","$v":"App Permission"},{"$i":"title-web","$v":"Website Permission"},{"$i":"title-cam","$v":"Select Camera"},{"$i":"perm-alarms","$v":"Schedule Alarms"},{"$i":"perm-audio-capture","$v":"Microphone"},{"$i":"perm-audio-capture-appRequest","$v":["Voulez-vous partager votre microphone avec l’application ",{"t":"idOrVar","v":"app"}," ?"]},{"$i":"perm-audio-capture-webRequest","$v":["Voulez-vous partager votre microphone avec ",{"t":"idOrVar","v":"site"}," ?"]},{"$i":"perm-audio-channel-content","$v":"Play Sounds"},{"$i":"perm-audio-channel-notification","$v":"Play Notification Sounds"},{"$i":"perm-audio-channel-ringer","$v":"Play Ringtone Sounds"},{"$i":"perm-background-sensors","$v":"Access Sensor Data"},{"$i":"perm-bluetooth","$v":"Bluetooth"},{"$i":"perm-browser","$v":"Inspect Web Pages"},{"$i":"perm-camera","$v":"Cameras"},{"$i":"perm-camera-selector-appRequest","$v":["Select a camera for ",{"t":"idOrVar","v":"app"},"."]},{"$i":"perm-camera-selector-webRequest","$v":["Select a camera for ",{"t":"idOrVar","v":"site"},"."]},{"$i":"perm-cellbroadcast","$v":"Cell Broadcasts"},{"$i":"perm-contacts","$v":"Contacts"},{"$i":"perm-contacts-appRequest","$v":["L’application ",{"t":"idOrVar","v":"app"}," souhaite accéder à votre liste de contacts."]},{"$i":"perm-contacts-webRequest","$v":[{"t":"idOrVar","v":"site"}," souhaite accéder à votre liste de contacts."]},{"$i":"perm-desktop-notification","$v":"Notifications"},{"$i":"perm-desktop-notification-appRequest","$v":["L’application ",{"t":"idOrVar","v":"app"}," souhaite afficher des notifications."]},{"$i":"perm-desktop-notification-webRequest","$v":[{"t":"idOrVar","v":"site"}," souhaite afficher des notifications."]},{"$i":"perm-device-storage-apps","$v":"Apps Storage"},{"$i":"perm-device-storage-music","$v":"Stockage musique"},{"$i":"perm-device-storage-music-appRequest","$v":["L’application ",{"t":"idOrVar","v":"app"}," souhaite accéder à votre musique."]},{"$i":"perm-device-storage-music-webRequest","$v":[{"t":"idOrVar","v":"site"}," souhaite accéder à votre musique."]},{"$i":"perm-device-storage-pictures","$v":"Stockage images"},{"$i":"perm-device-storage-pictures-appRequest","$v":["L’application ",{"t":"idOrVar","v":"app"}," souhaite accéder à vos images."]},{"$i":"perm-device-storage-pictures-webRequest","$v":[{"t":"idOrVar","v":"site"}," souhaite accéder à vos images."]},{"$i":"perm-device-storage-sdcard","$v":"Stockage carte mémoire"},{"$i":"perm-device-storage-sdcard-appRequest","$v":["L’application ",{"t":"idOrVar","v":"app"}," souhaite accéder à votre carte mémoire."]},{"$i":"perm-device-storage-sdcard-webRequest","$v":[{"t":"idOrVar","v":"site"}," souhaite accéder à votre carte mémoire."]},{"$i":"perm-device-storage-videos","$v":"Stockage vidéos"},{"$i":"perm-device-storage-videos-appRequest","$v":["L’application ",{"t":"idOrVar","v":"app"}," souhaite accéder à vos vidéos."]},{"$i":"perm-device-storage-videos-webRequest","$v":[{"t":"idOrVar","v":"site"}," souhaite accéder à vos vidéos."]},{"$i":"perm-embed-apps","$v":"Embed Apps"},{"$i":"perm-fmradio","$v":"Radio FM"},{"$i":"perm-fmradio-appRequest","$v":["L’application ",{"t":"idOrVar","v":"app"}," souhaite utiliser la radio FM."]},{"$i":"perm-fmradio-webRequest","$v":[{"t":"idOrVar","v":"site"}," souhaite utiliser la radio FM."]},{"$i":"perm-geolocation","$v":"Géolocalisation"},{"$i":"perm-geolocation-appRequest","$v":["L’application ",{"t":"idOrVar","v":"app"}," souhaite connaître votre position."]},{"$i":"perm-geolocation-more-info","$v":[{"t":"idOrVar","v":"brandShortName"}," utilise les données du GPS, du Wi-Fi et des antennes de téléphonie mobile environnantes pour déterminer approximativement votre position. Les données sont envoyées à Mozilla ainsi qu’à d’autres fournisseurs de services et sont mises en commun afin d’améliorer la précision des positions. Les données peuvent être stockées sur votre appareil et des données peuvent être collectées même lorsqu’aucune application n’est exécutée."]},{"$i":"perm-geolocation-webRequest","$v":[{"t":"idOrVar","v":"site"}," souhaite connaître votre position."]},{"$i":"perm-idle","$v":"See Idle Status"},{"$i":"perm-indexedDB-chrome-settings","$v":"Privileged IndexedDB"},{"$i":"perm-indexedDB-unlimited","$v":"Unlimited IndexedDB Storage"},{"$i":"perm-input-manage","$v":"Manage Keyboards"},{"$i":"perm-input","$v":"Act as a Keyboard"},{"$i":"perm-media-capture","$v":"Caméra et microphone"},{"$i":"perm-media-capture-appRequest","$v":["Voulez-vous partager votre caméra et votre microphone avec l’application ",{"t":"idOrVar","v":"app"}," ?"]},{"$i":"perm-media-capture-webRequest","$v":["Voulez-vous partager votre caméra et votre microphone avec ",{"t":"idOrVar","v":"site"}," ?"]},{"$i":"perm-mobileconnection","$v":"Mobile Connection"},{"$i":"perm-mobileid","$v":"Mobile Identity"},{"$i":"perm-network-events","$v":"Network Events"},{"$i":"perm-open-remote-window","$v":"Start an App"},{"$i":"perm-permissions","$v":"Modify Apps Permissions"},{"$i":"perm-power","$v":"Power Settings"},{"$i":"perm-settings","$v":"Modify Settings"},{"$i":"perm-systemXHR","$v":"Cross-Origin Requests"},{"$i":"perm-telephony","$v":"Telephony"},{"$i":"perm-video-capture","$v":"Caméra"},{"$i":"perm-video-capture-appRequest","$v":["Voulez-vous partager votre caméra avec l’application ",{"t":"idOrVar","v":"app"}," ?"]},{"$i":"perm-video-capture-webRequest","$v":["Voulez-vous partager votre caméra avec ",{"t":"idOrVar","v":"site"}," ?"]},{"$i":"perm-voicemail","$v":"Control Voicemail"},{"$i":"perm-webapps-manage","$v":"Install Webapps"},{"$i":"perm-wifi-manage","$v":"Manage Wi-Fi"},{"$i":"perm-attention","$v":"Open Overlay Popups"},{"$i":"perm-audio-channel-alarm","$v":"Play Alarm Sounds"},{"$i":"perm-audio-channel-normal","$v":"Play Sounds"},{"$i":"perm-audio-channel-publicnotification","$v":"Play public notification sounds"},{"$i":"perm-audio-channel-telephony","$v":"Play Telephony Sounds"},{"$i":"perm-backgroundservice","$v":"Act as a Background Service"},{"$i":"perm-device-storage-crashes","$v":"Crash Data Storage"},{"$i":"perm-downloads","$v":"Access Downloads"},{"$i":"perm-embed-widgets","$v":"Embed Widgets"},{"$i":"perm-feature-detection","$v":"Feature Detection"},{"$i":"perm-firefox-accounts","$v":"Firefox Accounts"},{"$i":"perm-mobilenetwork","$v":"Mobile Network"},{"$i":"perm-moz-attention","$v":"Open Overlay Popups (moz)"},{"$i":"perm-moz-audio-channel-ringer","$v":"Play Ringtone Sounds (moz)"},{"$i":"perm-moz-audio-channel-telephony","$v":"Play Telephony Sounds (moz)"},{"$i":"perm-moz-firefox-accounts","$v":"Firefox Accounts (moz)"},{"$i":"perm-networkstats-manage","$v":"Control Usage Stats"},{"$i":"perm-nfc","$v":"NFC"},{"$i":"perm-nfc-hci-events","$v":"NFC HCI Events"},{"$i":"perm-nfc-manager","$v":"Manage NFC"},{"$i":"perm-phonenumberservice","$v":"Phone Number Service"},{"$i":"perm-push","$v":"Push API"},{"$i":"perm-resourcestats-manage","$v":"Resource Stats"},{"$i":"perm-sms","$v":"Send and Read SMS"},{"$i":"perm-speaker-control","$v":"Control Volume"},{"$i":"perm-storage","$v":"Access Storage"},{"$i":"perm-tcp-socket","$v":"TCP Sockets"},{"$i":"perm-test-permission","$v":"Test Permission"},{"$i":"perm-time","$v":"Set Date and Time"},{"$i":"perm-udp-socket","$v":"UDP Sockets"},{"$i":"perm-wappush","$v":"WAP Push"},{"$i":"tz-region","$v":"Région"},{"$i":"tz-city","$v":"Ville"},{"$i":"tzRegion-Africa","$v":"Afrique"},{"$i":"tzRegion-America","$v":"Amérique"},{"$i":"tzRegion-Antarctica","$v":"Antarctique"},{"$i":"tzRegion-Asia","$v":"Asie"},{"$i":"tzRegion-Atlantic","$v":"Océan Atlantique"},{"$i":"tzRegion-Australia","$v":"Australie"},{"$i":"tzRegion-Europe","$v":"Europe"},{"$i":"tzRegion-Indian","$v":"Océan Indien"},{"$i":"tzRegion-Pacific","$v":"Océan Pacifique"},{"$i":"ringtone-none","$v":"None"},{"$i":"ringer_bubble","$v":"Bubble"},{"$i":"ringer_chimer","$v":"Chimer"},{"$i":"ringer_cunning","$v":"Cunning"},{"$i":"ringer_dulco","$v":"Dulco"},{"$i":"ringer_firefox2","$v":[{"t":"idOrVar","v":"ringtoneBrandName"}]},{"$i":"ringer_garden","$v":"Garden"},{"$i":"ringer_marbled","$v":"Marbled"},{"$i":"ringer_opti","$v":"Opti"},{"$i":"ringer_pecko","$v":"Pecko"},{"$i":"ringer_pingy","$v":"Pingy"},{"$i":"ringer_poppop","$v":"Pop Pop"},{"$i":"ringer_sata","$v":"Sata"},{"$i":"ringer_simple","$v":"Clean"},{"$i":"ringer_standard1","$v":"Classic"},{"$i":"ringer_standard2","$v":"Classic Fast"},{"$i":"ringer_stutter","$v":"Stutter"},{"$i":"ringer_symmetry","$v":"Symmetry"},{"$i":"ringer_tailwind","$v":"Tail Wind"},{"$i":"ringer_thoughtful","$v":"Thoughtful"},{"$i":"ringer_wit","$v":"Wit"},{"$i":"ringer_zen","$v":"Zen"},{"$i":"notifier_bells","$v":"Bells"},{"$i":"notifier_bloom","$v":"Bloom"},{"$i":"notifier_chime","$v":"Chime"},{"$i":"notifier_clicka","$v":"Clicka"},{"$i":"notifier_digi","$v":"Digi"},{"$i":"notifier_dropplet","$v":"Dropplet"},{"$i":"notifier_firefox2","$v":[{"t":"idOrVar","v":"ringtoneBrandName"}]},{"$i":"notifier_hello","$v":"Hello"},{"$i":"notifier_lowmarble","$v":"Low Marble"},{"$i":"notifier_ping","$v":"Ping"},{"$i":"notifier_plickle","$v":"Plickle"},{"$i":"notifier_pocko","$v":"Pocko"},{"$i":"notifier_quado","$v":"Quado"},{"$i":"notifier_red","$v":"Red"},{"$i":"notifier_sato","$v":"Sato"},{"$i":"notifier_swipo","$v":"Swipo"},{"$i":"notifier_trickleup","$v":"Trickle Up"},{"$i":"notifier_trink","$v":"Trink"},{"$i":"notifier_verse","$v":"Verse"},{"$i":"settings","$v":"Paramètres"},{"$i":"advancedSettings","$v":"Paramètres avancés"},{"$i":"default","$v":"Défaut"},{"$i":"enabled","$v":"Activé"},{"$i":"enable","$v":"Enable"},{"$i":"disabled","$v":"Désactivé"},{"$i":"error","$v":"Erreur"},{"$i":"ok","$v":"OK"},{"$i":"yes","$v":"Oui"},{"$i":"no","$v":"Non"},{"$i":"reset","$v":"Réinitialiser"},{"$i":"cancel","$v":"Annuler"},{"$i":"close","$v":"Fermer"},{"$i":"back","$v":"Retour"},{"$i":"continue","$v":"Continuer"},{"$i":"skip","$v":"Skip"},{"$i":"pair","$v":"Associer"},{"$i":"add","$v":"Add"},{"$i":"done","$v":"Fini"},{"$i":"set","$v":"Définir"},{"$i":"notNow","$v":"Plus tard"},{"$i":"turnOn","$v":"Activer"},{"$i":"selectASIMCard","$v":"Choisir une carte SIM"},{"$i":"sim1","$v":"SIM 1"},{"$i":"sim2","$v":"SIM 2"},{"$i":"unavailable","$v":"Indisponible"},{"$i":"confirmation","$v":"Confirmation"},{"$i":"simSettingsWithIndex","$v":["SIM ",{"t":"idOrVar","v":"index"}," Settings"]},{"$i":"networkAndConnectivity","$v":"Réseau et connectivité"},{"$i":"airplaneMode","$v":"Mode avion"},{"$i":"geolocation","$v":"Géolocalisation"},{"$i":"wifi","$v":"Wi-Fi"},{"$i":"wifi-header","$v":"Wi-Fi"},{"$i":"wifi-disabled","$v":"Pour afficher les réseaux disponibles, activez le Wi-Fi."},{"$i":"availableNetworks","$v":"Réseaux disponibles"},{"$i":"knownNetworks","$v":"Réseaux connus"},{"$i":"hiddenNetworks","$v":"Réseaux masqués"},{"$i":"scanning","$v":"Recherche…"},{"$i":"scanNetworks","$v":"Actualiser"},{"$i":"fullStatus-initializing","$v":"Initialisation…"},{"$i":"fullStatus-connecting","$v":["Connexion à ",{"t":"idOrVar","v":"ssid"},"…"]},{"$i":"fullStatus-associated","$v":"Obtention d’une adresse IP…"},{"$i":"fullStatus-connected","$v":["Connecté à ",{"t":"idOrVar","v":"ssid"}]},{"$i":"fullStatus-connectingfailed","$v":"Échec de connexion"},{"$i":"fullStatus-disconnected","$v":"Hors ligne"},{"$i":"shortStatus-connecting","$v":"Connexion…"},{"$i":"shortStatus-associated","$v":"Obtention d’une adresse IP…"},{"$i":"shortStatus-connected","$v":"Connecté"},{"$i":"shortStatus-connectingfailed","$v":"Échec de connexion"},{"$i":"shortStatus-disconnected","$v":"Hors ligne"},{"$i":"manageNetworks","$v":"Gérer les réseaux"},{"$i":"wifi-bad-credentials-title","$v":"Failed connecting to Wi-Fi"},{"$i":"wifi-bad-credentials-confirm","$v":["Unable to connect to ",{"t":"idOrVar","v":"ssid"},", authentication failed due to bad credentials. Please re-enter the network password."]},{"$i":"manageNetworks-header","$v":"Gérer les réseaux"},{"$i":"manageCertificates","$v":"Gérer les certificats"},{"$i":"manageCert","$v":"Gérer cert."},{"$i":"joinHiddenNetwork","$v":"Rejoindre un réseau masqué"},{"$i":"securedBy","$v":["Sécurisé par ",{"t":"idOrVar","v":"capabilities"}]},{"$i":"security","$v":"Sécurité"},{"$i":"securityNone","$v":"Aucune"},{"$i":"securityOpen","$v":"Ouvert"},{"$i":"notInRange","$v":"Not in range"},{"$i":"ipAddress","$v":"Adresse IP"},{"$i":"linkSpeed","$v":"Vitesse connexion"},{"$i":"linkSpeedMbs","$v":[{"t":"idOrVar","v":"linkSpeed"}," Mbit/s"]},{"$i":"signalStrength","$v":"Niveau de signal"},{"$i":"signalLevel0","$v":"Très faible"},{"$i":"signalLevel1","$v":"Faible"},{"$i":"signalLevel2","$v":"Moyen"},{"$i":"signalLevel3","$v":"Bon"},{"$i":"signalLevel4","$v":"Très bon"},{"$i":"forget","$v":"Oublier"},{"$i":"forgetNetwork-dialog","$v":"Oublier ce réseau ?"},{"$i":"forgetNetwork-confirmation","$v":"Confirmation"},{"$i":"authentication","$v":"Authentification"},{"$i":"authentication-header","$v":"Authentification"},{"$i":"eap","$v":"Méthode EAP"},{"$i":"auth-phase2","$v":"Authentification, étape 2 "},{"$i":"server-certificate","$v":"Certificat du serveur"},{"$i":"import-certificate-msg","$v":"Attention : si vous devez importer de nouveaux certificats, veuillez vous rendre dans la section « Gestion des certificats »."},{"$i":"identity","$v":"Identifiant"},{"$i":"password","$v":"Mot de passe"},{"$i":"showPassword","$v":"Afficher le mot de passe"},{"$i":"networkNotification","$v":"Notification de réseau"},{"$i":"networkNotification-expl","$v":"Me signaler quand un réseau ouvert est disponible"},{"$i":"macAddress","$v":"Adresse MAC"},{"$i":"deviceInfo_software","$v":[{"t":"idOrVar","v":"brandShortName"}," ",{"t":"idOrVar","v":"os"}]},{"$i":"macUnavailable","$v":"Non disponible"},{"$i":"noNetworksFound","$v":"Aucun réseau détecté"},{"$i":"noKnownNetworks","$v":"Aucun réseau connu"},{"$i":"edit","$v":"Modifier"},{"$i":"certificateList","$v":"Liste de certificats"},{"$i":"noCertificate","$v":"Aucun certificat importé"},{"$i":"deleteCertificate","$v":"Supprimer le certificat"},{"$i":"importCertificate","$v":"Importer un certificat"},{"$i":"selectCertificateFile","$v":"Sélectionner un fichier de certificat"},{"$i":"enterCertificateNickname","$v":"Saisir le surnom (nick name) du certificat"},{"$i":"nickname","$v":"Surnom (nick name)"},{"$i":"enter-certificate-name-msg","$v":"Vous pouvez modifer le surnom (nick name) ou conserver le nom par défaut."},{"$i":"certificate-deletion-failed","$v":"Échec de la suppression du certificat"},{"$i":"certificate-deletion-failed-description","$v":"Un problème a pu se produire avec le stockage, par exemple."},{"$i":"certificate-import-failed","$v":"Échec de l’importation du certificat"},{"$i":"certificate-import-failed-description","$v":"Cela peut venir d’un fichier de certificat endommagé, par exemple."},{"$i":"wpsMessage","$v":"Se connecter par WPS"},{"$i":"wpsMessage-header","$v":"Connexion WPS"},{"$i":"fullStatus-wps-inprogress","$v":"WPS en cours…"},{"$i":"fullStatus-wps-canceled","$v":"WPS a été annulé"},{"$i":"fullStatus-wps-timedout","$v":"WPS expiré"},{"$i":"fullStatus-wps-failed-error","$v":["WPS failed [",{"t":"idOrVar","v":"error"},"]"]},{"$i":"fullStatus-wps-overlapped","$v":"Un autre point d’accès WPS PBC a été détecté"},{"$i":"wpsDescription2","$v":"Configuration Wi-Fi automatique"},{"$i":"wpsMethodSelection","$v":"Sélectionner une méthode WPS :"},{"$i":"wpsPbcLabel","$v":"Avec le bouton"},{"$i":"wpsMyPinLabel","$v":"Avec mon code PIN"},{"$i":"wpsApPinLabel","$v":"Avec PIN point d’accès"},{"$i":"wpsPinDescription","$v":"Code PIN (4 à 8 chiffres)"},{"$i":"wpsPinInput","$v":["Saisir ",{"t":"idOrVar","v":"pin"}," sur l’autre périphérique"]},{"$i":"wpsPinAps","$v":"Sélectionner l’autre appareil"},{"$i":"wpsAnyAp","$v":"N’importe lequel"},{"$i":"wpsCancelMessage","$v":"Annuler WPS"},{"$i":"wpsCancelFailedMessageError","$v":["Failed to cancel WPS [",{"t":"idOrVar","v":"error"},"]"]},{"$i":"callSettings","$v":"Paramètres des appels"},{"$i":"callSettings-header","$v":"Paramètres des appels"},{"$i":"callSettingsQuery","$v":"Lecture des informations réseau…"},{"$i":"callSettingsQueryError","$v":"Erreur dans la requête"},{"$i":"voiceMail","$v":"Messagerie vocale"},{"$i":"voiceMail-header","$v":"Messagerie vocale"},{"$i":"voiceMail-number","$v":"Numéro de la messagerie"},{"$i":"voiceMail-number-notSet","$v":"Non défini"},{"$i":"voicePrivacyMode","$v":"Appels chiffrés"},{"$i":"callWaiting","$v":"Double appel"},{"$i":"confirmCallWaitingTitle","$v":"Impossible de confirmer les préférences du double appel"},{"$i":"confirmCallWaitingDesc","$v":"L’appareil n’est actuellement pas en mesure de communiquer avec l’opérateur. Essayez de définir la préférence à nouveau."},{"$i":"callForwarding","$v":"Transfert d’appel"},{"$i":"callForwarding-header","$v":"Transfert d’appel"},{"$i":"callForwardingForward","$v":"Transférer"},{"$i":"callForwardingUnconditional","$v":"Toujours transférer"},{"$i":"callForwardingUnconditionalShort","$v":"Toujours"},{"$i":"callForwardingMobileBusy","$v":"Transférer si ligne occupée"},{"$i":"callForwardingMobileBusyShort","$v":"Si ligne occupée"},{"$i":"callForwardingNoReply","$v":"Transférer si sans réponse"},{"$i":"callForwardingNoReplyShort","$v":"Si sans réponse"},{"$i":"callForwardingNotReachable","$v":"Transférer si injoignable"},{"$i":"callForwardingNotReachableShort","$v":"Si injoignable"},{"$i":"callForwardingForwardingVoiceToNumber","$v":["Voice calls to ",{"t":"idOrVar","v":"number"}]},{"$i":"callForwardingNotForwarding","$v":"Désactivé"},{"$i":"callForwardingConfirmTitle","$v":"Message de confirmation du transfert d’appel"},{"$i":"cf-alwaysUseThisNumber","$v":"Toujours utiliser ce numéro"},{"$i":"cf-numberWhenUnreachable","$v":"Numéro si injoignable"},{"$i":"cf-numberWhenUnanswered","$v":"Numéro si sans réponse"},{"$i":"cf-numberWhenBusy","$v":"Numéro si ligne occupée"},{"$i":"callForwardingInvalidNumberError","$v":"Ce numéro de téléphone n’est pas valide."},{"$i":"callForwardingSetSuccess","$v":"Opération définie avec succès."},{"$i":"callForwardingSetForbidden","$v":"Votre opérateur ne prend pas en charge cette opération."},{"$i":"callForwardingSetError","$v":"Erreur dans les paramètres d’appel."},{"$i":"callerId","$v":"Présentation du numéro"},{"$i":"callerId-default","$v":"Valeur par défaut du réseau"},{"$i":"callerId-hide","$v":"Masquer le numéro"},{"$i":"callerId-show","$v":"Afficher le numéro"},{"$i":"fdn","$v":"Numérotation fixe"},{"$i":"fdnSettings","$v":"Numérotation fixe FDN"},{"$i":"fdnSettings-header","$v":"Numérotation fixe (FDN)"},{"$i":"fdn-authorizedNumbers","$v":"Numéros autorisés"},{"$i":"fdn-authorizedNumbers-header","$v":"Numéros autorisés"},{"$i":"fdn-authorizedNumbers-desc","$v":"Liste des numéros composables"},{"$i":"fdn-explanation1","$v":"Restreint les numéros qui peuvent être composés à partir de ce téléphone."},{"$i":"fdn-explanation2","$v":"(Les numéros d’urgence seront toujours composables)"},{"$i":"fdnEnable","$v":"Activer FDN"},{"$i":"fdnDisable","$v":"Désactiver FDN"},{"$i":"fdnReset","$v":"Réinitialiser PIN2"},{"$i":"fdnAttemptMsg3","$v":{"one":"C’est votre dernier essai autorisé pour saisir le code correct avant de bloquer la carte SIM.","two":["Il vous reste ",{"t":"idOrVar","v":"n"}," essais pour saisir le code correct avant de bloquer la carte SIM."],"few":["Il vous reste ",{"t":"idOrVar","v":"n"}," essais pour saisir le code correct avant de bloquer la carte SIM."],"many":["Il vous reste ",{"t":"idOrVar","v":"n"}," essais pour saisir le code correct avant de bloquer la carte SIM."],"other":["Il vous reste ",{"t":"idOrVar","v":"n"}," essais pour saisir le code correct avant de bloquer la carte SIM."]},"$x":[{"t":"idOrVar","v":"plural"},"n"]},{"$i":"fdnLastChanceMsg","$v":"C’est votre dernier essai autorisé pour saisir le code PIN2 correct. Sinon, vous devrez saisir le code PUK2 pour utiliser cette carte SIM."},{"$i":"fdnErrorMsg","$v":"Le code PIN2 est incorrect."},{"$i":"fdn-enabled-warning","$v":"Le transfert d’appel est désactivé par la numérotation fixe."},{"$i":"fdnContact-name","$v":"Nom"},{"$i":"fdnContact-number","$v":"Numéro"},{"$i":"fdnContact-submit","$v":"Valider"},{"$i":"fdnAction-add","$v":"Ajouter un contact"},{"$i":"fdnAction-call","$v":"Appeler"},{"$i":"fdnAction-edit","$v":"Modifier le contact"},{"$i":"fdnAction-edit-header","$v":"Modifier le contact"},{"$i":"fdnAction-delete","$v":"Supprimer le contact"},{"$i":"fdnNoFDNFreeRecord","$v":"Maximum FDN reached. You cannot add more numbers."},{"$i":"messagingSettings","$v":"Paramètres des messages"},{"$i":"messagingSettings-header","$v":"Paramètres messages"},{"$i":"message-confirmation","$v":"Confirmation des messages"},{"$i":"message-delivery-reports","$v":"Accusés de réception"},{"$i":"message-delivery-reports-details","$v":"Demander un accusé de réception pour chaque message envoyé"},{"$i":"message-read-reports","$v":"Confirmations de lecture"},{"$i":"message-read-reports-details","$v":"Demander une confirmation de lecture pour chaque message envoyé"},{"$i":"mmsTitle","$v":"Messages multimédias (MMS)"},{"$i":"auto-retrieve","$v":"Récupération automatique"},{"$i":"auto-retrieve-details","$v":"Récupérer automatiquement les messages"},{"$i":"manual-retrieve","$v":"Désactivé"},{"$i":"auto-roaming-retrieve","$v":"Toujours activé"},{"$i":"auto-no-roaming-retrieve","$v":"Activé sauf en itinérance"},{"$i":"autoConfigure","$v":"Configuration auto"},{"$i":"wapPushMessages","$v":"Messages Push WAP"},{"$i":"wapPush","$v":"Push WAP"},{"$i":"cellBroadcastMessages","$v":"Messages de diffusion cellulaire"},{"$i":"cellBroadcast","$v":"Diffusion cellulaire"},{"$i":"emergencyAlert","$v":"Emergency Alert"},{"$i":"messagingInformation","$v":"Information"},{"$i":"messaging-SMSC","$v":"Service Center"},{"$i":"messaging-sim-settings","$v":["SIM ",{"t":"idOrVar","v":"index"}," Settings"]},{"$i":"unknown-SMSC","$v":"Info not available"},{"$i":"cellularAndData","$v":"Téléphonie et données"},{"$i":"cellularAndData-header","$v":"Téléphonie et données"},{"$i":"dataNetwork","$v":"Opérateur"},{"$i":"dataConnectivity","$v":"Données"},{"$i":"dataConnection","$v":"Connexion de données"},{"$i":"dataRoaming","$v":"Itinérance de données"},{"$i":"networkOperator","$v":"Réseaux mobiles"},{"$i":"networkOperator-header","$v":"Réseaux mobiles"},{"$i":"availableOperators","$v":"Réseaux mobiles à proximité"},{"$i":"preferredNetworkTypeAlertTitle","$v":"Type de réseau préféré"},{"$i":"preferredNetworkTypeAlertErrorMessage","$v":"Le type de réseau ne peut pas être enregistré"},{"$i":"operator-networkType","$v":"Type de réseau"},{"$i":"operator-networkType-auto","$v":"Automatique"},{"$i":"operator-networkType-prefer3G","$v":"3G de préférence"},{"$i":"operator-networkType-2G","$v":"2G uniquement"},{"$i":"operator-networkType-3G","$v":"3G uniquement"},{"$i":"operator-networkType-GSM","$v":"GSM"},{"$i":"operator-networkType-WCDMA","$v":"WCDMA"},{"$i":"operator-networkType-CDMA","$v":"CDMA"},{"$i":"operator-networkType-EVDO","$v":"EVDO"},{"$i":"operator-networkType-LTE","$v":"LTE"},{"$i":"operator-networkType-preferWCDMA","$v":"WCDMA de préférence"},{"$i":"operator-networkType-auto-2G-3G","$v":"Automatique (2G/3G)"},{"$i":"operator-networkType-auto-CDMA-EVDO","$v":"Automatique (CDMA/EVDO)"},{"$i":"operator-networkType-auto-WCDMA-GSM","$v":"Automatique (WCDMA/GSM)"},{"$i":"operator-networkType-auto-LTE-WCDMA-GSM","$v":"Automatique (LTE/WCDMA/GSM)"},{"$i":"operator-networkType-auto-LTE-CDMA-EVDO","$v":"Automatique (LTE/CDMA/EVDO)"},{"$i":"operator-networkType-auto-WCDMA-GSM-CDMA-EVDO","$v":"Automatique (WCDMA/GSM/CDMA/EVDO)"},{"$i":"operator-autoSelect","$v":"Sélection automatique"},{"$i":"operator-networkSelect-auto","$v":"Automatique"},{"$i":"operator-networkSelect-manual","$v":"Manuelle"},{"$i":"operator-turnAutoSelectOff","$v":"Pour afficher les réseaux mobiles disponibles, désactivez la sélection automatique."},{"$i":"operator-status-connecting","$v":"Connexion en cours…"},{"$i":"operator-status-connectingfailed","$v":"Échec de la connexion"},{"$i":"operator-status-connected","$v":"Connecté"},{"$i":"operator-roamingPreference","$v":"Préférence d’itinérance"},{"$i":"operator-roamingPreference-home","$v":"Réseau opérateur"},{"$i":"operator-roamingPreference-any","$v":"Tous les réseaux"},{"$i":"operator-roamingPreference-affiliated","$v":"Réseaux partenaires"},{"$i":"apn","$v":"Nom du point d’accès (APN)"},{"$i":"apnSettings","$v":"Paramètres APN"},{"$i":"apnSettings-header","$v":[{"t":"idOrVar","v":"apnSettings"}]},{"$i":"dataSettings","$v":"Paramètres données"},{"$i":"dataSettings-header","$v":"Paramètres données"},{"$i":"suplSettings","$v":"Paramètres A-GPS"},{"$i":"suplSettings-header","$v":"Paramètres A-GPS"},{"$i":"messageSettings","$v":"Paramètres messages"},{"$i":"messageSettings-header","$v":"Messages"},{"$i":"dunSettings","$v":"Paramètres mode modem"},{"$i":"dunSettings-header","$v":"Mode modem"},{"$i":"imsSettings","$v":"Paramètres IMS"},{"$i":"imsSettings-header2","$v":"Paramètres IMS"},{"$i":"apn-editor-header","$v":"APN Editor"},{"$i":"mmsport","$v":"Port MMS"},{"$i":"mmsproxy","$v":"Mandataire MMS"},{"$i":"mmsc","$v":"MMSC"},{"$i":"httpProxyHost","$v":"Hôte mandataire HTTP"},{"$i":"httpProxyPort","$v":"Port mandataire HTTP"},{"$i":"custom","$v":"(param. personnalisés)"},{"$i":"apn-authType","$v":"Authentification"},{"$i":"apn-authType-notDefined","$v":"Non définie"},{"$i":"apn-authType-none","$v":"Aucune"},{"$i":"apn-authType-pap","$v":"PAP"},{"$i":"apn-authType-chap","$v":"CHAP"},{"$i":"apn-authType-papOrChap","$v":"PAP ou CHAP"},{"$i":"apn-protocol","$v":"Protocole"},{"$i":"apn-roaming-protocol","$v":"Protocole en itinérance"},{"$i":"apn-protocol-notDefined","$v":"Non défini"},{"$i":"apn-protocol-ip","$v":"IPv4"},{"$i":"apn-protocol-ipv6","$v":"IPv6"},{"$i":"apn-protocol-ipv4v6","$v":"IPv4/IPv6"},{"$i":"apn-type","$v":"APN Type"},{"$i":"dataConnection-warning-head","$v":"Activer la connexion de données ?"},{"$i":"dataConnection-warning-message","$v":"Les applications récupèreront automatiquement des données par la connexion de données quand nécessaire. Des frais supplémentaires liés aux données peuvent s’appliquer."},{"$i":"dataRoaming-warning-head","$v":"Activer l’itinérance des données ?"},{"$i":"dataRoaming-warning-message","$v":"Selon votre contrat avec votre opérateur, des frais supplémentaires pour vos données peuvent s’appliquer si vous êtes en mode itinérance."},{"$i":"change-apn-warning-message1","$v":"Depending on your service agreement, changing your APN setting may result in extra charges when roaming. Do you want to proceed?"},{"$i":"reset-apn-warning-title","$v":"Reset to Default"},{"$i":"reset-apn-warning-message","$v":"This resets the settings to default values. This cannot be undone."},{"$i":"state-unknown","$v":"État inconnu"},{"$i":"state-available","$v":"Disponible"},{"$i":"state-connected","$v":"Connecté"},{"$i":"state-current","$v":"Actuel"},{"$i":"state-forbidden","$v":"Interdit"},{"$i":"delete-apn-confirm","$v":"Delete this APN?"},{"$i":"delete-apn","$v":"Delete"},{"$i":"add-apn","$v":"Add New APN"},{"$i":"reset-apn","$v":"Reset to Default"},{"$i":"apnSettings-reset","$v":"APN settings reset"},{"$i":"bluetooth","$v":"Bluetooth"},{"$i":"bluetooth-header","$v":"Bluetooth"},{"$i":"bluetooth-enable-msg","$v":"Pour afficher les appareils à proximité, activez le Bluetooth."},{"$i":"bluetooth-paired-devices","$v":"Appareils associés"},{"$i":"bluetooth-devices-in-area","$v":"Appareils à proximité"},{"$i":"bluetooth-visible-to-all","$v":"Visible par tous"},{"$i":"bluetooth-name-maxlength-alert","$v":["Le nom de votre appareil excède ",{"t":"idOrVar","v":"length"}," caractères. Veuillez réessayer."]},{"$i":"bluetooth-address","$v":"Adresse Bluetooth"},{"$i":"bluetooth-address-unavailable","$v":"Non disponible"},{"$i":"bt-status-nopaired","$v":"Aucun appareil associé"},{"$i":"bt-status-turnoff","$v":"Éteint"},{"$i":"bt-status-paired","$v":{"zero":[{"t":"idOrVar","v":"name"}],"one":[{"t":"idOrVar","v":"name"}," et un autre"],"two":[{"t":"idOrVar","v":"name"}," et ",{"t":"idOrVar","v":"n"}," autres"],"few":[{"t":"idOrVar","v":"name"}," et ",{"t":"idOrVar","v":"n"}," autres"],"many":[{"t":"idOrVar","v":"name"}," et ",{"t":"idOrVar","v":"n"}," autres"],"other":[{"t":"idOrVar","v":"name"}," et ",{"t":"idOrVar","v":"n"}," autres"]},"$x":[{"t":"idOrVar","v":"plural"},"n"]},{"$i":"device-status-tap-connect","$v":"Appuyer pour établir la connexion"},{"$i":"device-status-pairing","$v":"Association avec l’appareil…"},{"$i":"device-status-waiting","$v":"Attente d’un autre appareil…"},{"$i":"device-status-paired","$v":"Associé"},{"$i":"device-status-connecting","$v":"Connexion…"},{"$i":"device-status-connected","$v":"Connecté"},{"$i":"device-status-connected-media","$v":"Connecté à l’audio du média"},{"$i":"device-option-unpair","$v":"Dissocier"},{"$i":"device-option-confirm","$v":"Confirmer"},{"$i":"device-option-unpair-confirmation","$v":"Confirmation"},{"$i":"device-option-unpair-device","$v":"Dissocier l’appareil ?"},{"$i":"device-option-connect","$v":"Connecter"},{"$i":"device-option-disconnect","$v":"Déconnecter"},{"$i":"search-for-device","$v":"Recherche d’appareils…"},{"$i":"search-device","$v":"Rechercher des appareils"},{"$i":"rename-device","$v":"Renommer mon appareil"},{"$i":"unnamed-device","$v":"Appareil inconnu"},{"$i":"change-phone-name-desc","$v":"Modifier le nom de votre appareil tel qu’il apparaît sur votre ordinateur"},{"$i":"bluetooth-new-name","$v":"Nouveau nom"},{"$i":"error-pair-title","$v":"Impossible d’associer les appareils"},{"$i":"error-pair-pincode","$v":"Impossible de s’associer avec l’appareil. Vérifiez que le code PIN est correct."},{"$i":"error-pair-toofast","$v":"Impossible de s’associer avec l’appareil. Requêtes trop nombreuses."},{"$i":"error-connect-title","$v":"Impossible de connecter les appareils"},{"$i":"error-connect-msg","$v":"Vérifiez que l’appareil avec lequel vous essayez de vous connecter est toujours à portée et que le Bluetooth est activé."},{"$i":"unpair-title","$v":"Dissocier un appareil connecté ?"},{"$i":"unpair-msg","$v":"Vous êtes en ce moment connecté avec cet appareil. Le dissocier vous déconnectera aussi."},{"$i":"nfc","$v":"NFC"},{"$i":"SSIDCannotBeEmpty","$v":"Le SSID ne peut pas être vide"},{"$i":"internetSharing","$v":"Partage de connexion"},{"$i":"internetSharing-header","$v":"Partage de connexion"},{"$i":"internetSharing-usb","$v":"USB"},{"$i":"internetSharing-wifi","$v":"Wi-Fi"},{"$i":"wifi-hotspot","$v":"Partage par Wi-Fi"},{"$i":"wifi-name","$v":"Nom"},{"$i":"wifi-password","$v":"Mot de passe"},{"$i":"wifi-security","$v":"Sécurité"},{"$i":"usb-tethering","$v":"Modem USB"},{"$i":"hotspotSettings","$v":"Paramètres du point d’accès"},{"$i":"wifi-auth-username","$v":"Nom d’utilisateur"},{"$i":"wifi-auth-password","$v":"Mot de passe"},{"$i":"wifi-join-username","$v":"Nom d’utilisateur"},{"$i":"wifi-join-password","$v":"Mot de passe"},{"$i":"hotspotSettings-header","$v":"Point d’accès"},{"$i":"ssid-name","$v":"Nom de réseau (SSID)"},{"$i":"hotspot-open","$v":"Ouvert"},{"$i":"hotspot-wpa-psk","$v":"WPA (TKIP)"},{"$i":"hotspot-wpa2-psk","$v":"WPA2 (AES)"},{"$i":"hotspot-password-desc","$v":"Le mot de passe doit contenir au moins 8 caractères."},{"$i":"personalization","$v":"Personnalisation"},{"$i":"sound","$v":"Son"},{"$i":"sound-header","$v":"Son"},{"$i":"volume","$v":"Volume"},{"$i":"tones","$v":"Sonneries"},{"$i":"touch-tones","$v":"Tonalité des touches"},{"$i":"touch-tone-short","$v":"Courte"},{"$i":"touch-tone-long","$v":"Longue"},{"$i":"select-tone","$v":"Choisir sonnerie"},{"$i":"ringtones","$v":"Ringtones"},{"$i":"alerts","$v":"Alertes"},{"$i":"manage-tones","$v":"Manage Tones"},{"$i":"other-sounds","$v":"Autres sons"},{"$i":"unlock-screen","$v":"Déverrouillage écran"},{"$i":"camera","$v":"Camera"},{"$i":"sent-message","$v":"Message envoyé"},{"$i":"alarm-sound","$v":"Alarmes"},{"$i":"ringtone-and-notification-sound","$v":"Ringtones & Notifications"},{"$i":"media-sound","$v":"Médias"},{"$i":"saving-tone","$v":"Saving…"},{"$i":"no-ringtone-app","$v":"We were unable to find a ringtone app to manage ringtones!"},{"$i":"display","$v":"Affichage"},{"$i":"display-header","$v":"Affichage"},{"$i":"brightness","$v":"Luminosité"},{"$i":"brightness-autoAdjust","$v":"Ajustement automatique"},{"$i":"lockScreen","$v":"Écran de verrouillage"},{"$i":"wallpaper","$v":"Fond d’écran"},{"$i":"screen-timeout","$v":"Délai de l’écran de veille"},{"$i":"one-minute","$v":"1 minute"},{"$i":"two-minutes","$v":"2 minutes"},{"$i":"five-minutes","$v":"5 minutes"},{"$i":"ten-minutes","$v":"10 minutes"},{"$i":"never","$v":"Jamais"},{"$i":"lock-orientation","$v":"Empêcher la rotation"},{"$i":"navigation","$v":"Navigation"},{"$i":"navigation-header","$v":[{"t":"idOrVar","v":"navigation"}]},{"$i":"edge-swipe-navigation","$v":"Edge Swipe Navigation"},{"$i":"edge-swipe-navigation-enable-msg","$v":"Drag from the left or right edge of the screen to jump between apps."},{"$i":"notifications","$v":"Notifications"},{"$i":"notifications-header","$v":"Notifications"},{"$i":"lockscreen-notifications","$v":"Sur l’écran de verrouillage"},{"$i":"notifications-resend","$v":"Show after reboot"},{"$i":"dateAndTime","$v":"Date et heure"},{"$i":"dateAndTime-header","$v":"Date et heure"},{"$i":"setTimeAutomatically","$v":"Réglage automatique"},{"$i":"setTimeManually","$v":"Réglage manuel"},{"$i":"timezoneMessage","$v":"Fuseau horaire"},{"$i":"dateMessage","$v":"Date"},{"$i":"timeMessage","$v":"Heure"},{"$i":"selectTimezoneContinent","$v":"Choisir un continent"},{"$i":"selectTimezone","$v":"Choisir un fuseau horaire"},{"$i":"time-format","$v":"Format"},{"$i":"time-format-time","$v":"Time Format"},{"$i":"hour-12","$v":"12-hour"},{"$i":"hour-24","$v":"24-hour"},{"$i":"languageAndRegion","$v":"Langue et région"},{"$i":"language","$v":"Langue"},{"$i":"language-header","$v":"Langue"},{"$i":"region","$v":"Région"},{"$i":"sample-format","$v":"Aperçu du format"},{"$i":"longDateFormat","$v":"%A %d %Eb %Y"},{"$i":"simManager","$v":"Gestionnaire de cartes SIM"},{"$i":"simManager-header","$v":"Gérer les cartes SIM"},{"$i":"simSettings","$v":"SIM Settings"},{"$i":"sim-manager-outgoing-calls","$v":"Appels sortants"},{"$i":"sim-manager-outgoing-call-desc","$v":"Les appels seront émis depuis"},{"$i":"sim-manager-outgoing-messages","$v":"Messages sortants"},{"$i":"sim-manager-outgoing-messages-desc","$v":"Les SMS seront envoyés depuis"},{"$i":"sim-manager-outgoing-data","$v":"Données"},{"$i":"sim-manager-outgoing-data-description","$v":"Services de données réseaux et paiements du Marketplace"},{"$i":"sim-manager-always-ask","$v":"Toujours demander"},{"$i":"sim-pin-locked","$v":"Code PIN de la SIM verrouillé"},{"$i":"no-operator","$v":"Aucun opérateur"},{"$i":"cant-disable-simcard-alert","$v":"Une seule carte SIM doit être active à la fois"},{"$i":"disable-simcard-confirm","$v":["La carte SIM ",{"t":"idOrVar","v":"disableCardIndex"}," ne peut recevoir aucun appel ni aucun message. Les appels et messages sortants configurés pour utiliser la carte SIM ",{"t":"idOrVar","v":"disableCardIndex"}," seront impossibles."]},{"$i":"change-outgoing-data-confirm","$v":"Le transfert de données en cours sera suspendu. Continuer quand même ?"},{"$i":"homescreen","$v":"Écran d’accueil"},{"$i":"vertical-homescreen-header","$v":"Homescreen"},{"$i":"vertical-homescreen-layout","$v":"Layout"},{"$i":"vertical-homescreen-icon-layout","$v":"Icon Layout"},{"$i":"vertical-homescreen-three-columns","$v":"Three Columns"},{"$i":"vertical-homescreen-four-columns","$v":"Four Columns"},{"$i":"notice","$v":"Notice"},{"$i":"search","$v":"Search"},{"$i":"search-header","$v":"Search"},{"$i":"search-engine","$v":"Search Engine"},{"$i":"search-suggestions","$v":"Search Suggestions"},{"$i":"search-suggestions-description","$v":"The characters you type when entering a search are sent to multiple search providers and will be used to send you search suggestions. Additional data charges may apply when using this feature."},{"$i":"homescreens","$v":"Homescreens"},{"$i":"homescreens-header","$v":[{"t":"idOrVar","v":"homescreens"}]},{"$i":"changeHomescreen","$v":"Changer l’écran d’accueil "},{"$i":"changeHomescreenButton","$v":"Changer"},{"$i":"description","$v":"Description"},{"$i":"keyboardSettings","$v":"Keyboard Settings"},{"$i":"selectedKeyboards","$v":"Claviers sélectionnés"},{"$i":"keyboards","$v":"Claviers"},{"$i":"keyboards-header","$v":"Claviers"},{"$i":"numberKeyboardLayouts","$v":"Dispositions de chiffres"},{"$i":"optionKeyboardLayouts","$v":"Dispositions d’options"},{"$i":"keypad","$v":"Clavier numérique"},{"$i":"dialpad","$v":"Dial Pad"},{"$i":"selectKeyboards","$v":"Select Keyboards"},{"$i":"selectKeyboards-header","$v":[{"t":"idOrVar","v":"selectKeyboards"}]},{"$i":"mustHaveOneKeyboard","$v":["Au moins un clavier de type ",{"t":"idOrVar","v":"type"}," doit être sélectionné"]},{"$i":"keyboardType-text","$v":"texte"},{"$i":"keyboardType-url","$v":"url"},{"$i":"keyboardType-number","$v":"chiffres"},{"$i":"defaultKeyboardEnabled","$v":[{"t":"idOrVar","v":"appName"}," : ",{"t":"idOrVar","v":"layoutName"}," est défini comme méthode de saisie par défaut"]},{"$i":"themes","$v":"Themes"},{"$i":"themes-header","$v":[{"t":"idOrVar","v":"themes"}]},{"$i":"fxa","$v":"Comptes Firefox"},{"$i":"accounts","$v":"Gestion du compte"},{"$i":"fxa-accounts","$v":"Comptes Firefox"},{"$i":"fxa-accounts-header","$v":"Comptes Firefox"},{"$i":"fxa-overview","$v":"Votre compte Firefox vous permet d’utiliser des fonctionnalités comme Localiser mon appareil et des applications comme le Firefox Marketplace."},{"$i":"fxa-invitation","$v":"Créer un compte ou se connecter"},{"$i":"fxa-confirm-account","$v":"Confirmer votre compte"},{"$i":"fxa-verification-email-sent-msg","$v":["Nous allons envoyer un courriel à : ",{"t":"idOrVar","v":"email"},"."]},{"$i":"fxa-please-verify","$v":"Veuillez cliquer sur le lien de vérification du courriel pour confirmer votre compte."},{"$i":"fxa-cancel-confirmation","$v":"Annuler la confirmation du compte"},{"$i":"fxa-resend-alert","$v":["A verification link has been sent to ",{"t":"idOrVar","v":"email"},"."]},{"$i":"fxa-dont-see-email","$v":["Don’t see an email? ",{"t":"idOrVar","v":"resend"},"."]},{"$i":"fxa-resend","$v":"Resend"},{"$i":"fxa-about","$v":"À propos"},{"$i":"fxa-logged-in-text","$v":["Connecté en tant que ",{"t":"idOrVar","v":"email"}]},{"$i":"fxa-signed-in-header","$v":"Applications connectées"},{"$i":"fxa-marketplace-app","$v":"Marketplace"},{"$i":"fxa-find-my-device-app","$v":"Localiser mon appareil"},{"$i":"fxa-options","$v":"Options"},{"$i":"fxa-sign-out","$v":"Se déconnecter"},{"$i":"fxa-confirm-email","$v":["Veuillez confirmer ",{"t":"idOrVar","v":"email"}]},{"$i":"findmydevice","$v":"Localiser mon appareil"},{"$i":"findmydevice-create-account","$v":"Create account or sign in"},{"$i":"findmydevice-enable","$v":"Activer Localiser mon appareil"},{"$i":"findmydevice-about","$v":"À propos de Localiser mon appareil"},{"$i":"findmydevice-enable-geolocation-prompt","$v":"Enable Geolocation?"},{"$i":"findmydevice-enable-geolocation-description","$v":"To view your device's location, you must enable geolocation tracking."},{"$i":"findmydevice-geolocation-enabled","$v":"Geolocation Enabled"},{"$i":"findmydevice-enable-network","$v":"This device is currently offline. Connect to a network and try again."},{"$i":"findmydevice-error","$v":"A Find My Device error has occurred."},{"$i":"findmydevice-please-try","$v":"Please try again."},{"$i":"findmydevice-please-tap","$v":"Please tap to try again."},{"$i":"privacyAndSecurity","$v":"Vie privée et sécurité"},{"$i":"passcode-lock","$v":"Verrouillage par code"},{"$i":"passcode-lock-desc","$v":["Code d’accès : ",{"t":"idOrVar","v":"code"}]},{"$i":"screenLock","$v":"Screen Lock"},{"$i":"screenLock-header","$v":[{"t":"idOrVar","v":"screenLock"}]},{"$i":"simSecurity","$v":"Sécurité carte SIM"},{"$i":"simSecurity-header","$v":"Sécurité carte SIM"},{"$i":"appPermissions","$v":"Permissions applications"},{"$i":"appPermissions-header","$v":"Permissions applications"},{"$i":"author","$v":"Auteur"},{"$i":"permissions","$v":"Permissions"},{"$i":"revoke","$v":"Révoquer"},{"$i":"ask","$v":"Demander"},{"$i":"deny","$v":"Refuser"},{"$i":"allow","$v":"Autoriser"},{"$i":"uninstallApp","$v":"Désinstaller l’application"},{"$i":"phone","$v":"Téléphone"},{"$i":"messages","$v":"Messages"},{"$i":"vibrate","$v":"Vibreur"},{"$i":"ring","$v":"Sonnerie"},{"$i":"change","$v":"Changer"},{"$i":"create","$v":"Créer"},{"$i":"create-a-passcode","$v":"Créer un code d’accès"},{"$i":"passcode","$v":"Code d’accès"},{"$i":"passcode-heading","$v":"Code d’accès"},{"$i":"enter-passcode","$v":"Saisir le code d’accès"},{"$i":"new-passcode","$v":"Nouveau code"},{"$i":"current-passcode","$v":"Code d’accès actuel"},{"$i":"incorrect-passcode","$v":"Le code d’accès est incorrect."},{"$i":"passcode-doesnt-match","$v":"Les codes d’accès ne correspondent pas. Veuillez réessayer."},{"$i":"confirm-passcode","$v":"Confirmer le code d’accès"},{"$i":"immediately","$v":"Immédiatement"},{"$i":"after-one-minute","$v":"Après 1 minute"},{"$i":"after-five-minutes","$v":"Après 5 minutes"},{"$i":"after-fifteen-minutes","$v":"Après 15 minutes"},{"$i":"after-thirty-minutes","$v":"Après 30 minutes"},{"$i":"after-one-hour","$v":"Après 1 heure"},{"$i":"require-passcode","$v":"Demander le code d’accès"},{"$i":"change-passcode","$v":"Changer le code d’accès"},{"$i":"noSimCard","$v":"Aucune carte SIM"},{"$i":"simPin","$v":"Code PIN carte SIM"},{"$i":"simPin2","$v":"Code PIN2 carte SIM"},{"$i":"simPinWithIndex","$v":["Code PIN carte SIM ",{"t":"idOrVar","v":"index"}]},{"$i":"pukCode","$v":"Code PUK"},{"$i":"puk2Code","$v":"Code PUK2"},{"$i":"whatIsSimPin","$v":"Qu’est-ce qu’un code PIN ?"},{"$i":"simPinIntro1","$v":"Le code PIN de la carte SIM empêche l’accès aux données réseau de votre carte SIM. Quand il est activé, tout appareil équipé de cette carte SIM réclamera le code PIN au démarrage."},{"$i":"simPinIntro2","$v":"Un code PIN de carte SIM est différent du code destiné à déverrouiller l’appareil."},{"$i":"changeSimPin","$v":"Modifier le code PIN"},{"$i":"simPinChangedSuccessfully","$v":"Code PIN carte SIM correctement modifié"},{"$i":"simPinChangedSuccessfullyWithIndex","$v":["Code PIN carte SIM ",{"t":"idOrVar","v":"index"}," correctement modifié"]},{"$i":"pinTitle","$v":"Saisir le code PIN"},{"$i":"pin2Title","$v":"Saisir le code PIN2"},{"$i":"pukTitle","$v":"Saisir le code PUK"},{"$i":"puk2Title","$v":"Saisir le code PUK2"},{"$i":"newpinTitle","$v":"Nouveau code PIN"},{"$i":"inputCodeRetriesLeft","$v":{"one":"Dernier essai.","two":[{"t":"idOrVar","v":"n"}," essais restants."],"few":[{"t":"idOrVar","v":"n"}," essais restants."],"many":[{"t":"idOrVar","v":"n"}," essais restants."],"other":[{"t":"idOrVar","v":"n"}," essais restants."]},"$x":[{"t":"idOrVar","v":"plural"},"n"]},{"$i":"pinAttemptMsg3","$v":{"one":"C’est votre dernier essai autorisé pour saisir le code correct avant de bloquer la carte SIM.","two":["Il vous reste ",{"t":"idOrVar","v":"n"}," essais pour saisir le code correct avant de bloquer la carte SIM."],"few":["Il vous reste ",{"t":"idOrVar","v":"n"}," essais pour saisir le code correct avant de bloquer la carte SIM."],"many":["Il vous reste ",{"t":"idOrVar","v":"n"}," essais pour saisir le code correct avant de bloquer la carte SIM."],"other":["Il vous reste ",{"t":"idOrVar","v":"n"}," essais pour saisir le code correct avant de bloquer la carte SIM."]},"$x":[{"t":"idOrVar","v":"plural"},"n"]},{"$i":"pinLastChanceMsg","$v":"C’est votre dernier essai autorisé pour saisir le code PIN correct. Sinon, vous devrez saisir le code PUK pour utiliser cette carte SIM."},{"$i":"simCardLockedMsg","$v":"La carte SIM est verrouillée."},{"$i":"simCardBlockedMsg","$v":"La carte SIM est bloquée."},{"$i":"enterPukMsg","$v":"Vous devez saisir la Personal Unlocking Key (PUK, soit Clé personnelle de déblocage) pour la carte SIM. Veuillez vous référer à la documentation associée à votre carte SIM ou contacter votre opérateur pour en savoir plus."},{"$i":"enterPuk2Msg","$v":"Vous devez saisir la Personal Unlocking Key (PUK2, soit Clé personnelle de déblocage) pour la carte SIM. Veuillez vous référer à la documentation associée à votre carte SIM ou contacter votre opérateur pour en savoir plus."},{"$i":"pukErrorMsg","$v":"Le code PUK est incorrect."},{"$i":"pukAttemptMsg3","$v":{"one":"C’est votre dernier essai autorisé pour saisir le code correct avant que cette carte SIM ne devienne définitivement inutilisable. Veuillez vous référer à la documentation associée à votre carte SIM ou contacter votre opérateur pour en savoir plus.","two":["Il vous reste ",{"t":"idOrVar","v":"n"}," essais pour saisir le code correct avant que cette carte SIM ne devienne définitivement inutilisable. Veuillez vous référer à la documentation associée à votre carte SIM ou contacter votre opérateur pour en savoir plus."],"few":["Il vous reste ",{"t":"idOrVar","v":"n"}," essais pour saisir le code correct avant que cette carte SIM ne devienne définitivement inutilisable. Veuillez vous référer à la documentation associée à votre carte SIM ou contacter votre opérateur pour en savoir plus."],"many":["Il vous reste ",{"t":"idOrVar","v":"n"}," essais pour saisir le code correct avant que cette carte SIM ne devienne définitivement inutilisable. Veuillez vous référer à la documentation associée à votre carte SIM ou contacter votre opérateur pour en savoir plus."],"other":["Il vous reste ",{"t":"idOrVar","v":"n"}," essais pour saisir le code correct avant que cette carte SIM ne devienne définitivement inutilisable. Veuillez vous référer à la documentation associée à votre carte SIM ou contacter votre opérateur pour en savoir plus."]},"$x":[{"t":"idOrVar","v":"plural"},"n"]},{"$i":"pukLastChanceMsg","$v":"C’est votre dernier essai autorisé pour saisir le code PUK correct. Votre carte SIM deviendra définitivement inutilisable si vous saisissez un code PUK incorrect. Veuillez vous référer à la documentation associée à votre carte SIM ou contacter votre opérateur pour en savoir plus."},{"$i":"newSimPinMsg","$v":"Nouveau code PIN (4 à 8 chiffres)"},{"$i":"newSimPin2Msg","$v":"Nouveau code PIN2 (4 à 8 chiffres)"},{"$i":"confirmNewSimPinMsg","$v":"Confirmer le nouveau code PIN"},{"$i":"confirmNewSimPin2Msg","$v":"Confirmer le nouveau code PIN2"},{"$i":"newPinErrorMsg","$v":"Les codes PIN ne correspondent pas."},{"$i":"simLockedPhone","$v":"Téléphone verrouillé sur ce réseau"},{"$i":"unknownSimCardState","$v":"État carte SIM inconnu"},{"$i":"simCardNotReady","$v":"Carte SIM pas encore prête"},{"$i":"simCardIllegal","$v":"Carte SIM non autorisée"},{"$i":"doNotTrack","$v":"Ne pas me pister"},{"$i":"doNotTrack-header","$v":"Ne pas me pister"},{"$i":"doNotTrackActions","$v":"Indiquer aux sites et applications que je ne souhaite pas être pisté"},{"$i":"allowTracking","$v":"Indiquer aux sites et applications que je souhaite être pisté"},{"$i":"doNotHavePrefOnTracking","$v":"Ne rien indiquer aux sites et applications concernant mes préférences de pistage"},{"$i":"doNotTrack-dt","$v":"Principe de fonctionnement"},{"$i":"doNotTrack-dd1","$v":"Lorsque vous activez Ne pas me pister, votre appareil informe tous les sites web et applications (aussi bien les publicitaires que les autres fournisseurs de contenu) que vous ne souhaitez pas que votre comportement soit pisté."},{"$i":"doNotTrack-dd2","$v":"Activer cette fonctionnalité n’affectera en rien votre capacité à vous identifier sur des sites web, ni ne fera oublier à votre appareil vos informations personnelles, telles que le contenu de vos paniers d’achats, vos informations de géolocalisation, ou vos informations d’identification."},{"$i":"browsingPrivacy","$v":"Browsing Privacy"},{"$i":"browsingPrivacy-header","$v":[{"t":"idOrVar","v":"browsingPrivacy"}]},{"$i":"confirm-clear-title","$v":"Confirmation"},{"$i":"clear-browsing-history","$v":"Clear browsing history"},{"$i":"confirm-clear-browsing-history","$v":"Clear browsing history?"},{"$i":"clear-cookies-and-stored-data","$v":"Clear cookies and stored data"},{"$i":"confirm-clear-cookies-and-stored-data","$v":"Clear cookies and other data stored by sites on this device?"},{"$i":"clear","$v":"Effacer"},{"$i":"privacy-panel","$v":"Privacy Panel"},{"$i":"no-privacy-panel","$v":"No privacy panel app found"},{"$i":"storage","$v":"Stockage"},{"$i":"enableUSBStorage1","$v":"Stockage USB"},{"$i":"umsUnplugToDisable","$v":"Débrancher pour désactiver"},{"$i":"appStorage","$v":"Stockage des applications"},{"$i":"appStorage-header","$v":"Stockage applications"},{"$i":"storageSize","$v":[{"t":"idOrVar","v":"size"}," ",{"t":"idOrVar","v":"unit"}]},{"$i":"availableSize","$v":{"zero":[{"t":"idOrVar","v":"size"}," ",{"t":"idOrVar","v":"unit"}," disponible"],"one":[{"t":"idOrVar","v":"size"}," ",{"t":"idOrVar","v":"unit"}," disponible"],"two":[{"t":"idOrVar","v":"size"}," ",{"t":"idOrVar","v":"unit"}," disponibles"],"few":[{"t":"idOrVar","v":"size"}," ",{"t":"idOrVar","v":"unit"}," disponibles"],"many":[{"t":"idOrVar","v":"size"}," ",{"t":"idOrVar","v":"unit"}," disponibles"],"other":[{"t":"idOrVar","v":"size"}," ",{"t":"idOrVar","v":"unit"}," disponibles"]},"$x":[{"t":"idOrVar","v":"plural"},"size"]},{"$i":"apps-total-space","$v":"Espace total"},{"$i":"apps-used-space","$v":"Utilisé"},{"$i":"apps-free-space","$v":"Libre"},{"$i":"storage-details","$v":"Les photos, vidéos et la musique sont stockées à un emplacement différent de celui des applications. Voir Stockage des médias pour plus de détails."},{"$i":"ums-shared-volumes","$v":["Partage de : ",{"t":"idOrVar","v":"list"}]},{"$i":"transferProtocol-header","$v":"Transfer Protocol"},{"$i":"protocol-mtp","$v":"Media transfer protocol (MTP)"},{"$i":"protocol-ums","$v":"USB mass Storage (UMS)"},{"$i":"mediaStorage","$v":"Stockage des médias"},{"$i":"mediaStorage-header","$v":"Stockage des médias"},{"$i":"storage-name-internal","$v":"Stockage interne"},{"$i":"storage-name-external-0","$v":"Stockage carte SD"},{"$i":"storage-name-external-1","$v":"Stockage carte SD 2"},{"$i":"short-storage-name-internal","$v":"Interne"},{"$i":"short-storage-name-external-0","$v":"Carte SD"},{"$i":"short-storage-name-external-1","$v":"Carte SD 2"},{"$i":"music-space","$v":"Musique"},{"$i":"pictures-space","$v":"Photos"},{"$i":"videos-space","$v":"Vidéos"},{"$i":"left-space","$v":"Espace libre"},{"$i":"free-space","$v":"Espace libre"},{"$i":"total-space","$v":"Espace total"},{"$i":"size-not-available","$v":"Indisponible"},{"$i":"no-storage","$v":"Aucun support de stockage détecté"},{"$i":"advanced","$v":"Avancé"},{"$i":"ums-warning-title","$v":"Activer le stockage USB de masse ?"},{"$i":"default-media-location","$v":"Emplacement des médias"},{"$i":"default-media-location-msg","$v":"Choisir où sont stockés par défaut les photos, vidéos, la musique et les téléchargements."},{"$i":"change-default-media-location-confirmation","$v":"Changing the default media storage location will affect where all media will be saved by default. Existing data will remain in its current location. Do you want to proceed?"},{"$i":"eject-sdcard-external-0","$v":"Eject SD card"},{"$i":"eject-sdcard-external-1","$v":"Eject SD card 2"},{"$i":"format-sdcard-internal","$v":"Format internal storage"},{"$i":"format-sdcard-external-0","$v":"Format SD card"},{"$i":"format-sdcard-external-1","$v":"Format SD card 2"},{"$i":"formatting","$v":"Formatting…"},{"$i":"unmount-sdcard-confirmation","$v":"You will not be able to access content on the SD card after you unmount it. Do you want to proceed?"},{"$i":"format-sdcard-title","$v":"Formater la carte SD"},{"$i":"format-sdcard-message","$v":"Toutes les données stockées sur votre carte SD seront effacées, comme par exemple les photos ou la musique."},{"$i":"format-sdcard-internal-title","$v":"Format internal storage"},{"$i":"format-sdcard-internal-message","$v":"This will erase all data stored on your internal storage, such as music and photos."},{"$i":"format-sdcard-btnformat","$v":"Formater"},{"$i":"sdcardUnmounted","$v":"SD card unmounted"},{"$i":"device","$v":"Appareil"},{"$i":"help","$v":"Aide"},{"$i":"deviceInfo","$v":"Informations sur l’appareil"},{"$i":"deviceInfo-header","$v":"Informations"},{"$i":"deviceInfo-IMEI","$v":"IMEI"},{"$i":"deviceInfo-ICCID","$v":"ICCID"},{"$i":"deviceInfo-MSISDN","$v":"Numéro de téléphone"},{"$i":"deviceInfo-ICCID-unavailable-sim","$v":["SIM ",{"t":"idOrVar","v":"index"},": Not available"]},{"$i":"downloads","$v":"Téléchargements"},{"$i":"downloads-header","$v":"Téléchargements"},{"$i":"unknown-phoneNumber","$v":"Inconnu"},{"$i":"unknown-phoneNumber-sim","$v":["SIM ",{"t":"idOrVar","v":"index"}," : inconnu"]},{"$i":"gitInfo","$v":"Infos des commits Git"},{"$i":"developer","$v":"Développeurs"},{"$i":"developer-header","$v":"Développeurs"},{"$i":"hud-settings-button","$v":"Developer HUD"},{"$i":"hud-settings-header","$v":[{"t":"idOrVar","v":"hud-settings-button"}]},{"$i":"hud-devtools","$v":"Developer tools"},{"$i":"hud-devtools-header","$v":[{"t":"idOrVar","v":"hud-devtools"}]},{"$i":"hud-logging","$v":"Journaliser changements dans adb"},{"$i":"hud-system","$v":"Show system HUD"},{"$i":"hud-problems","$v":"Problèmes"},{"$i":"hud-warnings","$v":"Avertissements"},{"$i":"hud-errors","$v":"Erreurs"},{"$i":"hud-security","$v":"Problèmes de sécurité"},{"$i":"hud-performance","$v":"Performances"},{"$i":"hud-reflows","$v":"Reflows"},{"$i":"hud-jank","$v":"Blocages"},{"$i":"jank-threshold","$v":"Seuil de blocage"},{"$i":"hud-fps","$v":"Images par seconde"},{"$i":"hud-ttl","$v":"Durée de chargement"},{"$i":"hud-memory","$v":"Mémoire"},{"$i":"hud-uss","$v":"Unique Set Size"},{"$i":"hud-appmemory","$v":"Mémoire application"},{"$i":"hud-jsobjects","$v":"Objets JS"},{"$i":"hud-jsstrings","$v":"Chaînes JS"},{"$i":"hud-jsother","$v":"JS (autre)"},{"$i":"hud-dom","$v":"DOM"},{"$i":"hud-style","$v":"Style"},{"$i":"hud-other","$v":"Autres"},{"$i":"software","$v":"Logiciel"},{"$i":"devSettings","$v":"Paramètres pour les développeurs"},{"$i":"debug","$v":"Débogage"},{"$i":"developer-menu","$v":"Menu développeurs"},{"$i":"developer-tools","$v":"Developer Tools"},{"$i":"graphics","$v":"Graphics"},{"$i":"hardware-composer","$v":"Hardware composer"},{"$i":"paint-flashing","$v":"Zones repeintes"},{"$i":"dumps-layers","$v":"Info. arbres de calques"},{"$i":"dumps-layerscope","$v":"Dump layerscope"},{"$i":"apz-overscroll","$v":"Overscrolling"},{"$i":"tiling","$v":"Tiling"},{"$i":"low-precision","$v":"Low-precision painting"},{"$i":"low-opacity","$v":"Low-precision transparency"},{"$i":"draw-tile-borders","$v":"Draw tile borders"},{"$i":"draw-layer-borders","$v":"Draw layer borders"},{"$i":"log-animations","$v":"Enreg. animations lentes"},{"$i":"remote-debugging-usb","$v":"Debugging via USB"},{"$i":"dev-tools-wifi","$v":"DevTools via Wi-Fi"},{"$i":"dev-tools-qps","$v":"Pseudo-localization"},{"$i":"debugger-disabled","$v":"Désactivé"},{"$i":"debugger-adb-only","$v":"ADB uniquement"},{"$i":"debugger-adb-and-devtools","$v":"ADB et outils de développement"},{"$i":"wifi-debugging","$v":"Sortie Wi-Fi dans adb"},{"$i":"bluetooth-debugging","$v":"Sortie Bluetooth dans adb"},{"$i":"nfc-debugging","$v":"NFC output in ADB"},{"$i":"console-enabled","$v":"Activer la console"},{"$i":"cards-view-screenshots","$v":"Cards View: Screenshots"},{"$i":"geolocation-debugging-enabled","$v":"Geolocation output in ADB"},{"$i":"geolocation-debugging-gps-locations-ignored","$v":"Ignore GPS locations"},{"$i":"use-reviewer-certs","$v":"Use Marketplace reviewer certs"},{"$i":"shake-to-log","$v":"Shake to save system log"},{"$i":"model-name","$v":"Modèle"},{"$i":"os-version","$v":"Version du système"},{"$i":"firmware_revision","$v":"Révision du micrologiciel"},{"$i":"hardware_revision","$v":"Révision du matériel"},{"$i":"platform_version","$v":"Version de la plate-forme"},{"$i":"build-id","$v":"Identifiant de version"},{"$i":"update-channel","$v":"Canal de mise à jour"},{"$i":"build_number","$v":"Build Number"},{"$i":"update-url","$v":"Update URL"},{"$i":"last-updated","$v":"Dernière mise à jour"},{"$i":"more-info","$v":"Plus d’informations"},{"$i":"more-info-header","$v":"Plus d’informations"},{"$i":"softwareUpdates","$v":"Mises à jour logicielles"},{"$i":"check-update-daily","$v":"Chaque jour"},{"$i":"check-update-weekly","$v":"Chaque semaine"},{"$i":"check-update-monthly","$v":"Chaque mois"},{"$i":"check-for-updates","$v":"Rechercher des mises à jour"},{"$i":"check-update-now","$v":"Rechercher maintenant"},{"$i":"update-status","$v":"Statut des mises à jour"},{"$i":"no-network-when-update","$v":"Connect to the Internet to proceed with your update."},{"$i":"checking-for-update","$v":"Recherche de mises à jour…"},{"$i":"no-updates","$v":"Aucune mise à jour disponible"},{"$i":"retry-when-online","$v":"Le réseau est déconnecté. La recherche s’effectuera une fois connecté au réseau."},{"$i":"already-latest-version","$v":["Vous possédez déjà la dernière version de ",{"t":"idOrVar","v":"brandShortName"}]},{"$i":"check-error","$v":"Une erreur s’est produite lors de la recherche de mises à jour."},{"$i":"aboutBrowserOS","$v":["À propos de ",{"t":"idOrVar","v":"brandShortName"}]},{"$i":"browser-os-desc","$v":[{"t":"idOrVar","v":"brandShortName"}," est le système d’exploitation libre et ouvert de Mozilla. Notre mission est de promouvoir l’ouverture, l’innovation et de faire en sorte que la puissance du Web reste entre vos mains."]},{"$i":"learn-more","$v":"En savoir plus"},{"$i":"reset-head","$v":"Reset"},{"$i":"reset-warning-title","$v":"ATTENTION"},{"$i":"unlock-privileges","$v":"Unlock Privileges"},{"$i":"root-warning-title","$v":"CAUTION"},{"$i":"your-rights","$v":"Vos droits"},{"$i":"your-rights-header","$v":"Vos droits"},{"$i":"about-your-rights-0","$v":[{"t":"idOrVar","v":"brandShortName"}," repose sur un logiciel libre et ouvert réalisé par une communauté de milliers de contributeurs dans le monde. Voici ce que vous devriez savoir :"]},{"$i":"about-your-rights-1","$v":[{"t":"idOrVar","v":"brandShortName"}," est fourni selon les termes de plusieurs licences libres dont la Mozilla Public License. Un appareil ",{"t":"idOrVar","v":"brandShortName"}," peut également contenir des logiciels propriétaires de tierces parties. Tout code fourni sous une licence libre vous donne le droit de le modifier et de distribuer vos versions modifiées à condition de respecter les termes de sa licence."]},{"$i":"about-your-rights-2","$v":["Il ne vous est cédé aucun droit ou licence sur les marques déposées de la Fondation Mozilla ou de tiers, y compris et sans limitation, sur le nom et le logo de ",{"t":"idOrVar","v":"brandShortName"},"."]},{"$i":"about-your-rights-3","$v":["Certaines fonctionnalités de ",{"t":"idOrVar","v":"brandShortName"},", comme le rapporteur de plantages, vous permettent de fournir un retour à Mozilla. En choisissant d’envoyer ces informations, vous donnez à Mozilla la permission d’utiliser ce retour pour améliorer ses logiciels, de le publier sur ses sites web et de le distribuer."]},{"$i":"about-legal-info","$v":"Informations légales"},{"$i":"about-credit-info","$v":"Credits"},{"$i":"about-legal-info-header","$v":"Informations légales"},{"$i":"open-source-notices","$v":"Mentions légales open source"},{"$i":"open-source-notices-header","$v":"Mentions légales"},{"$i":"obtaining-source-code","$v":"Obtenir le code source"},{"$i":"obtaining-source-code-header","$v":"Obtenir le code source"},{"$i":"about-mozilla","$v":"Mozilla"},{"$i":"about-other","$v":"Autre"},{"$i":"your-privacy","$v":"Confidentialité"},{"$i":"your-privacy-header","$v":"Confidentialité"},{"$i":"licensing-1","$v":"Les copies exécutables de ce logiciel sont fournies par le projet Mozilla sous la Mozilla Public License 2.0 (MPL). Découvrez vos droits."},{"$i":"licensing-2","$v":"La totalité du code source de ce logiciel est disponible sous des licences libres et open source. La plus grande partie en est disponible sous la licence Mozilla Public License 2.0 (MPL)."},{"$i":"licensing-3","$v":"Les autres parties du logiciel qui ne sont pas disponibles selon la licence Mozilla Public License 2.0 MPL sont disponibles selon différentes autres licences. Celles qui imposent la reproduction du texte de licence sont reprises ci-dessous. (Note : votre copie de ce logiciel peut ne pas contenir de code couvert par certaines des licences listées ici, cela dépend de la version précise du logiciel que vous avez choisie.)"},{"$i":"licensing-MPL","$v":"Mozilla Public License 2.0"},{"$i":"licensing-Apache","$v":"Apache License 2.0"},{"$i":"launch-ftu","$v":"Tutoriel de prise en main"},{"$i":"no-ftu","$v":"Aucun tutoriel de prise en main trouvé"},{"$i":"software-home-button","$v":"Software home button"},{"$i":"home-gesture","$v":"Home gesture"},{"$i":"continuous-transition","$v":"Continuous transition"},{"$i":"debug-gaia-enabled","$v":"Traces de débog. de Gaia"},{"$i":"showScreenReaderSettings","$v":"Show screen reader settings"},{"$i":"app-transition","$v":"App transition"},{"$i":"app-suspending","$v":"App suspending"},{"$i":"copypaste","$v":"Copy/paste"},{"$i":"verbose-app-permissions","$v":"Verbose app permissions"},{"$i":"window-management","$v":"Gestion de la fenêtre"},{"$i":"downloads-edit","$v":"Mode édition"},{"$i":"downloads-select-all","$v":"Tout sélectionner"},{"$i":"downloads-deselect-all","$v":"Tout désélectionner"},{"$i":"downloads-delete","$v":"Supprimer"},{"$i":"battery","$v":"Batterie"},{"$i":"battery-header","$v":"Batterie"},{"$i":"batteryLevel","$v":"Niveau :"},{"$i":"batteryLevel-percent-unplugged","$v":[{"t":"idOrVar","v":"level"},"%"]},{"$i":"batteryLevel-percent-charging","$v":[{"t":"idOrVar","v":"level"},"% (en charge)"]},{"$i":"batteryLevel-percent-charged","$v":[{"t":"idOrVar","v":"level"},"% (chargée)"]},{"$i":"powerSaveModeTitle","$v":"Power Save Mode"},{"$i":"powerSaveMode","$v":"Économie d’énergie"},{"$i":"powerSave-threshold","$v":[{"t":"idOrVar","v":"level"},"% de charge restants"]},{"$i":"turnOnAuto","$v":"Activer automatiquement"},{"$i":"accessibility","$v":"Accessibilité"},{"$i":"accessibility-header","$v":"Accessibilité"},{"$i":"screenReader","$v":"Lecteur d’écran"},{"$i":"screenReader-header","$v":[{"t":"idOrVar","v":"screenReader"}]},{"$i":"screenReader-toggle","$v":[{"t":"idOrVar","v":"screenReader"}]},{"$i":"colorFilter","$v":"Color Filter"},{"$i":"colorFilter-header","$v":[{"t":"idOrVar","v":"colorFilter"}]},{"$i":"colorFilter-toggle","$v":[{"t":"idOrVar","v":"colorFilter"}]},{"$i":"screenReader-captions","$v":"Display speech"},{"$i":"screenReader-enable-msg","$v":"Lorsque le lecteur d’écran est activé, votre appareil fournira un retour vocal pour guider les utilisateurs aveugles et mal-voyants."},{"$i":"screen-reader-speech-volume","$v":"Speech Volume"},{"$i":"screen-reader-speech-rate","$v":"Speech Rate"},{"$i":"screenReader-confirm-title-start","$v":"Activer le lecteur d’écran ?"},{"$i":"screenReader-confirm-description-start","$v":"Activer le lecteur d’écran modifiera le fonctionnement de l’écran tactile. Appuyez à n’importe quel endroit pour entendre l’élément situé sous votre doigt, et appuyez deux fois pour l’activer."},{"$i":"screenReader-confirm-button-start","$v":"Activer"},{"$i":"screenReader-confirm-title-stop","$v":"Désactiver le lecteur d’écran ?"},{"$i":"screenReader-confirm-description-stop","$v":"Désactiver le lecteur d’écran arrêtera tout retour vocal."},{"$i":"screenReader-confirm-button-stop","$v":"Désactiver"},{"$i":"colorFilter-invert","$v":"Invert"},{"$i":"colorFilter-grayscale","$v":"Grayscale"},{"$i":"colorFilter-contrast","$v":"Contrast"},{"$i":"improveBrowserOS","$v":["Améliorer ",{"t":"idOrVar","v":"brandShortName"}]},{"$i":"improveBrowserOSTitle","$v":["Améliorer ",{"t":"idOrVar","v":"brandShortName"}]},{"$i":"sendMozillaFeedback","$v":"Donner votre avis à Mozilla"},{"$i":"performanceAndUsageData","$v":"Performance and Usage Data"},{"$i":"sharePerformanceAndUsageData","$v":"Submit data"},{"$i":"crashReports","$v":"Rapports de plantage"},{"$i":"crashReports-header","$v":"Rapports de plantage"},{"$i":"crashReportInfo","$v":"Envoyer un rapport à Mozilla lorsqu’un plantage se produit nous permet de résoudre le problème pour tout le monde. Les rapports sont envoyés uniquement par Wi-Fi."},{"$i":"alwaysSendReport","$v":"Toujours envoyer"},{"$i":"neverSendReport","$v":"Ne jamais envoyer"},{"$i":"askToSendReport2","$v":"Toujours demander"},{"$i":"crash-reports-description-1","$v":"Un rapport de plantage contient des détails concernant le plantage et votre appareil, ainsi qu’un instantané de l’état de votre appareil lors du plantage."},{"$i":"crash-reports-description-2","$v":"Il peut inclure différentes choses comme les applications et pages ouvertes, le texte saisi dans les formulaires et le contenu des messages ouverts, l’historique de navigation récent, ou la géolocalisation utilisée par une application ouverte."},{"$i":"crash-reports-description-3-start","$v":"Nous utilisons les rapports de plantage pour essayer de résoudre les problèmes et améliorer nos logiciels. Nous gérons vos informations comme décrit dans notre "},{"$i":"crash-reports-description-3-privacy","$v":"politique de confidentialité"},{"$i":"crash-reports-description-3-end","$v":"."},{"$i":"sendFeedbackTitle","$v":"Donner votre avis"},{"$i":"feedback-description","$v":"Votre avis nous aidera à améliorer Firefox OS."},{"$i":"feedback-happy","$v":"Satisfait"},{"$i":"feedback-sad","$v":"Déçu"},{"$i":"feedback-mood-description","$v":"Quel est votre sentiment ?"},{"$i":"feedback_whyfeel_happy","$v":"Vous êtes satisfait ?"},{"$i":"feedback_whyfeel_sad","$v":"Vous êtes déçu ?"},{"$i":"feedback-mood-explain","$v":"Pouvez-vous nous expliquer en détail ?"},{"$i":"feedback-public-description","$v":"Votre avis sera rendu public, assurez-vous donc de ne pas inclure d’informations personnelles."},{"$i":"feedback-contactyou","$v":"Cochez cette case pour nous permettre de vous contacter par courriel."},{"$i":"email-address1","$v":"Adresse électronique :"},{"$i":"email-keepprivate","$v":"Pas d’inquiétude, votre adresse électronique restera confidentielle."},{"$i":"feedback-sendbtn","$v":"Envoyer mon avis"},{"$i":"feedback-errormessage-connect-error","$v":"Le système ne peut pas envoyer votre avis car la connexion a échoué. Veuillez corriger le problème de connexion et l’envoyer à nouveau."},{"$i":"feedback-errormessage-server-off","$v":"Le système ne peut pas envoyer votre avis lors de la phase d’arrêt du serveur. Veuillez patienter un instant et l’envoyer à nouveau."},{"$i":"feedback-errormessage-timeout","$v":"Le système ne peut pas envoyer votre avis car le délai d’attente de la connexion est dépassé. Veuillez redémarrer et l’envoyer à nouveau."},{"$i":"feedback-errormessage-wrong-email","$v":"Le système ne peut pas envoyer votre avis car l’adresse électronique n’est pas renseignée ou son format est incorrect. Veuillez renseigner une adresse électronique correcte et l’envoyer à nouveau."},{"$i":"feedback-errormessage-empty-comment","$v":"Le système ne peut pas envoyer votre avis car le champ commentaire est vide. Veuillez renseigner le formulaire et l’envoyer à nouveau."},{"$i":"feedback-errormessage-just-sent","$v":"Le système ne peut pas envoyer votre avis car il a déjà été envoyé. Veuillez tester la prochaine version du logiciel et l’envoyer à nouveau."},{"$i":"feedback-complete-msg","$v":"Merci d’avoir donné votre avis ! Nous l’utiliserons pour améliorer les prochaines versions de Firefox OS."},{"$i":"online-support","$v":"Aide en ligne :"},{"$i":"call-support","$v":"Aide par téléphone :"},{"$i":"user-guide","$v":"Manuel de l’utilisateur"},{"$i":"default-support","$v":"Pour obtenir de l’aide, veuillez contacter votre revendeur."},{"$i":"operatorServices","$v":"Services de l’opérateur"},{"$i":"operatorServices-help","$v":"Aide"},{"$i":"operatorServices-helpmenu","$v":"Menu d’aide"},{"$i":"stkAppsNotAvailable","$v":"Applications de la carte SIM indisponibles."},{"$i":"simToolkit","$v":"Boîte à outils SIM"},{"$i":"stkItemsNaiSetUpCall","$v":"Configurer appels"},{"$i":"stkItemsNaiSendSs","$v":"Envoyer SS"},{"$i":"stkItemsNaiSendUssd","$v":"Envoyer USSD"},{"$i":"stkItemsNaiSendSms","$v":"Envoyer SMS"},{"$i":"stkItemsNaiSendDtmf","$v":"Envoyer DTMF"},{"$i":"stkItemsNaiLaunchBrowser","$v":"Lancer le navigateur"},{"$i":"stkItemsNaiPlayTone","$v":"Écouter sonneries"},{"$i":"stkItemsNaiDisplayText","$v":"Afficher texte"},{"$i":"stkItemsNaiGetInkey","$v":"Effectuer une saisie"},{"$i":"stkItemsNaiGetInput","$v":"Effectuer une saisie"},{"$i":"stkItemsNaiSelectItem","$v":"Sélectionner élément"},{"$i":"stkItemsNaiSetUpMenu","$v":"Configurer menu"},{"$i":"stkItemsNaiProvideLocalInfo","$v":"Fournir des informations locales"},{"$i":"stkItemsNaiSetIdleModeText","$v":"Définir texte quand inactif"},{"$i":"stkItemsNaiOpenChannel","$v":"Ouvrir canal"},{"$i":"stkItemsNaiCloseChannel","$v":"Fermer canal"},{"$i":"stkItemsNaiReceiveData","$v":"Recevoir données"},{"$i":"stkItemsNaiSendData","$v":"Envoyer données"},{"$i":"stkItemsNaiGetChannelStatus","$v":"Obtenir le statut du canal"},{"$i":"is-warning-storage-header","$v":"USB storage"},{"$i":"is-warning-tethering-header","$v":"USB tethering"},{"$i":"is-warning-wifi-header","$v":"Wi-Fi hotspot"},{"$i":"is-warning-storage-tethering-message","$v":"Enabling USB storage will disable USB tethering. Do you want to enable USB storage?"},{"$i":"is-warning-tethering-storage-message","$v":"Enabling USB tethering will disable USB storage. Do you want to enable USB tethering?"},{"$i":"is-warning-tethering-wifi-message","$v":"Enabling USB tethering will disable Wi-Fi hotspot. Do you want to enable USB tethering?"},{"$i":"is-warning-wifi-tethering-message","$v":"Enabling Wi-Fi hotspot will disable USB tethering. Do you want to enable Wi-Fi hotspot?"},{"$i":"settings-dialog-alert","$v":"Alert"},{"$i":"settings-dialog-confirm","$v":"Confirm"},{"$i":"settings-dialog-prompt","$v":"Prompt"},{"$i":"settings-alert-dialog-header","$v":[{"t":"idOrVar","v":"settings-dialog-alert"}]},{"$i":"settings-confirm-dialog-header","$v":[{"t":"idOrVar","v":"settings-dialog-confirm"}]},{"$i":"settings-prompt-dialog-header","$v":[{"t":"idOrVar","v":"settings-dialog-prompt"}]},{"$i":"change-device-name","$v":"Change tablet name"},{"$i":"internetSharing-usb-desc","$v":"Partager la connexion Internet de mon téléphone avec un appareil connecté par USB."},{"$i":"internetSharing-wifi-desc","$v":"Autoriser les autres appareils à partager la connexion Internet de mon téléphone en se connectant par Wi-Fi."},{"$i":"unplayable-ringtone","$v":"Impossible de changer la sonnerie car le fichier sélectionné n’est pas lisible par ce téléphone."},{"$i":"findmydevice-signup-description","$v":"Localiser mon appareil vous permet de localiser, verrouiller ou effacer votre téléphone"},{"$i":"findmydevice-settings-description","$v":"Localiser mon appareil vous permet de localiser, verrouiller ou effacer votre téléphone depuis un site web :"},{"$i":"findmydevice-active-tracking","$v":"Your tablet is being tracked by another device through the website."},{"$i":"findmydevice-not-tracking","$v":"No devices are actively tracking your tablet through the website."},{"$i":"ums-confirm","$v":"Enabling USB storage allows another computer or device connected using USB to access files on this tablet."},{"$i":"reset-device","$v":"Reset Tablet"},{"$i":"reset-warning-body","$v":"La réinitialisation effacera toutes vos données, y compris les applications que vous avez achetées. Le téléphone sera restauré aux valeurs d’usine. Aucun de vos paramètres ni aucune de vos données ne seront conservés."},{"$i":"root-device","$v":"Reset and root the tablet"},{"$i":"root-warning-body","$v":"Resetting will erase all your data, including any apps you’ve purchased. None of your settings or data will be saved. But your tablet will have unrestricted developer tools, allowing you to modify and debug system applications."},{"$i":"powerSave-explanation","$v":"Activer le mode économie d’énergie désactive la connexion de données, le Bluetooth et la géolocalisation afin de préserver la charge de la batterie. Vous pourrez toujours activer à nouveau ces services manuellement."},{"$i":"performanceAndUsageDataInfo","$v":["Help us improve ",{"t":"idOrVar","v":"brandShortName"}," by sharing data about your tablet and the way you use it."]},{"$i":"device-status-connected-device","$v":"Connected to tablet audio"},{"$i":"device-status-connected-device-media","$v":"Connected to tablet/media audio"}]