[{"$i":"done","$v":"Done"},{"$i":"number-selected2","$v":{"zero":"Sélectionner","one":[{"t":"idOrVar","v":"n"}," sélectionné"],"two":[{"t":"idOrVar","v":"n"}," sélectionnés"],"few":[{"t":"idOrVar","v":"n"}," sélectionnés"],"many":[{"t":"idOrVar","v":"n"}," sélectionnés"],"other":[{"t":"idOrVar","v":"n"}," sélectionnés"]},"$x":[{"t":"idOrVar","v":"plural"},"n"]},{"$i":"delete-n-items?","$v":{"zero":"Aucun élément sélectionné","one":"Supprimer l’élément sélectionné ?","two":["Supprimer ",{"t":"idOrVar","v":"n"}," éléments ?"],"few":["Supprimer ",{"t":"idOrVar","v":"n"}," éléments ?"],"many":["Supprimer ",{"t":"idOrVar","v":"n"}," éléments ?"],"other":["Supprimer ",{"t":"idOrVar","v":"n"}," éléments ?"]},"$x":[{"t":"idOrVar","v":"plural"},"n"]},{"$i":"share-noprovider","$v":"Essayez de partager une vidéo à la fois."},{"$i":"videos","$v":"Vidéos"},{"$i":"cancel","$v":"Cancel"},{"$i":"delete-video?","$v":"Delete video?"},{"$i":"empty-title","$v":"Vous pouvez dès à présent commencer à ajouter des vidéos"},{"$i":"empty-text","$v":"Chargez des vidéos sur la carte mémoire."},{"$i":"nocard2-title","$v":"Aucune carte mémoire"},{"$i":"nocard3-text","$v":"Pour visionner des vidéos, insérez une carte mémoire."},{"$i":"pluggedin-title","$v":"L’application Vidéo ne peut pas être utilisée tant que le téléphone est branché"},{"$i":"pluggedin-text","$v":"Pour visionner des vidéos, débranchez le téléphone."},{"$i":"upgrade-title","$v":"Mise à jour base de données"},{"$i":"upgrade-text","$v":"Veuillez patienter pendant que Vidéo met à jour sa base de données."},{"$i":"confirm-delete","$v":"Voulez-vous vraiment supprimer :"},{"$i":"pick-title","$v":"Sélectionner une vidéo"},{"$i":"save","$v":"Enregistrer"},{"$i":"saved","$v":[{"t":"idOrVar","v":"title"}," enregistré dans Vidéo"]},{"$i":"error-network","$v":"Une erreur réseau a empêché le téléchargement de la vidéo."},{"$i":"error-unsupported","$v":"Impossible de lire la vidéo : soit à cause d’un échec du serveur ou du réseau, soit à cause du format qui n’est pas pris en charge."},{"$i":"error-unknown","$v":"Une erreur vidéo inconnue s’est produite."},{"$i":"video-hardware-in-use-title","$v":"Cannot play video"},{"$i":"video-hardware-in-use-text","$v":"Another app is currently using the video player."},{"$i":"overlay-cancel-button","$v":"Annuler"},{"$i":"overlay-camera-button","$v":"Lancer l’application Photo"},{"$i":"name-label","$v":"Nom"},{"$i":"length-label","$v":"Durée"},{"$i":"size-label","$v":"Taille"},{"$i":"video-type-label","$v":"Format de la vidéo"},{"$i":"date-taken-label","$v":"Date de création"},{"$i":"resolution-label","$v":"Définition"},{"$i":"close-button","$v":"Fermer"},{"$i":"byteUnit-B","$v":"octets"},{"$i":"byteUnit-KB","$v":"Ko"},{"$i":"byteUnit-MB","$v":"Mo"},{"$i":"byteUnit-GB","$v":"Go"},{"$i":"byteUnit-TB","$v":"To"},{"$i":"byteUnit-PB","$v":"Po"},{"$i":"byteUnit-EB","$v":"Eo"},{"$i":"byteUnit-ZB","$v":"Zo"},{"$i":"byteUnit-YB","$v":"Yo"},{"$i":"date-group-header","$v":"%B %Y"},{"$i":"share","$v":"Share"},{"$i":"more-info","$v":"More info"},{"$i":"delete","$v":"Delete"},{"$i":"weekday-0-long","$v":"Dimanche"},{"$i":"weekday-1-long","$v":"Lundi"},{"$i":"weekday-2-long","$v":"Mardi"},{"$i":"weekday-3-long","$v":"Mercredi"},{"$i":"weekday-4-long","$v":"Jeudi"},{"$i":"weekday-5-long","$v":"Vendredi"},{"$i":"weekday-6-long","$v":"Samedi"},{"$i":"weekday-0-short","$v":"dim"},{"$i":"weekday-1-short","$v":"lun"},{"$i":"weekday-2-short","$v":"mar"},{"$i":"weekday-3-short","$v":"mer"},{"$i":"weekday-4-short","$v":"jeu"},{"$i":"weekday-5-short","$v":"ven"},{"$i":"weekday-6-short","$v":"sam"},{"$i":"month-0-long","$v":"Janvier"},{"$i":"month-1-long","$v":"Février"},{"$i":"month-2-long","$v":"Mars"},{"$i":"month-3-long","$v":"Avril"},{"$i":"month-4-long","$v":"Mai"},{"$i":"month-5-long","$v":"Juin"},{"$i":"month-6-long","$v":"Juillet"},{"$i":"month-7-long","$v":"Août"},{"$i":"month-8-long","$v":"Septembre"},{"$i":"month-9-long","$v":"Octobre"},{"$i":"month-10-long","$v":"Novembre"},{"$i":"month-11-long","$v":"Décembre"},{"$i":"month-0-genitive","$v":"janvier"},{"$i":"month-1-genitive","$v":"février"},{"$i":"month-2-genitive","$v":"mars"},{"$i":"month-3-genitive","$v":"avril"},{"$i":"month-4-genitive","$v":"mai"},{"$i":"month-5-genitive","$v":"juin"},{"$i":"month-6-genitive","$v":"juillet"},{"$i":"month-7-genitive","$v":"août"},{"$i":"month-8-genitive","$v":"septembre"},{"$i":"month-9-genitive","$v":"octobre"},{"$i":"month-10-genitive","$v":"novembre"},{"$i":"month-11-genitive","$v":"décembre"},{"$i":"month-0-short","$v":"jan."},{"$i":"month-1-short","$v":"fév."},{"$i":"month-2-short","$v":"mars"},{"$i":"month-3-short","$v":"avr."},{"$i":"month-4-short","$v":"mai"},{"$i":"month-5-short","$v":"juin"},{"$i":"month-6-short","$v":"juil."},{"$i":"month-7-short","$v":"août"},{"$i":"month-8-short","$v":"sep."},{"$i":"month-9-short","$v":"oct."},{"$i":"month-10-short","$v":"nov."},{"$i":"month-11-short","$v":"déc."},{"$i":"minutes-ago-long","$v":{"zero":"à l’instant","one":["il y a ",{"t":"idOrVar","v":"value"}," minute"],"two":["il y a ",{"t":"idOrVar","v":"value"}," minutes"],"few":["il y a ",{"t":"idOrVar","v":"value"}," minutes"],"many":["il y a ",{"t":"idOrVar","v":"value"}," minutes"],"other":["il y a ",{"t":"idOrVar","v":"value"}," minutes"]},"$x":[{"t":"idOrVar","v":"plural"},"value"]},{"$i":"hours-ago-long","$v":{"zero":"à l’instant","one":["il y a ",{"t":"idOrVar","v":"value"}," heure"],"two":["il y a ",{"t":"idOrVar","v":"value"}," heures"],"few":["il y a ",{"t":"idOrVar","v":"value"}," heures"],"many":["il y a ",{"t":"idOrVar","v":"value"}," heures"],"other":["il y a ",{"t":"idOrVar","v":"value"}," heures"]},"$x":[{"t":"idOrVar","v":"plural"},"value"]},{"$i":"days-ago-long","$v":{"zero":"aujourd’hui","one":"hier","two":["il y a ",{"t":"idOrVar","v":"value"}," jours"],"few":["il y a ",{"t":"idOrVar","v":"value"}," jours"],"many":["il y a ",{"t":"idOrVar","v":"value"}," jours"],"other":["il y a ",{"t":"idOrVar","v":"value"}," jours"]},"$x":[{"t":"idOrVar","v":"plural"},"value"]},{"$i":"weeks-ago-long","$v":{"zero":"cette semaine","one":"la semaine dernière","two":["il y a ",{"t":"idOrVar","v":"value"}," semaines"],"few":["il y a ",{"t":"idOrVar","v":"value"}," semaines"],"many":["il y a ",{"t":"idOrVar","v":"value"}," semaines"],"other":["il y a ",{"t":"idOrVar","v":"value"}," semaines"]},"$x":[{"t":"idOrVar","v":"plural"},"value"]},{"$i":"months-ago-long","$v":{"zero":"ce mois-ci","one":"le mois dernier","two":["il y a ",{"t":"idOrVar","v":"value"}," mois"],"few":["il y a ",{"t":"idOrVar","v":"value"}," mois"],"many":["il y a ",{"t":"idOrVar","v":"value"}," mois"],"other":["il y a ",{"t":"idOrVar","v":"value"}," mois"]},"$x":[{"t":"idOrVar","v":"plural"},"value"]},{"$i":"years-ago-long","$v":{"zero":"cette année","one":"l’année dernière","two":["il y a ",{"t":"idOrVar","v":"value"}," ans"],"few":["il y a ",{"t":"idOrVar","v":"value"}," ans"],"many":["il y a ",{"t":"idOrVar","v":"value"}," ans"],"other":["il y a ",{"t":"idOrVar","v":"value"}," ans"]},"$x":[{"t":"idOrVar","v":"plural"},"value"]},{"$i":"minutes-until-long","$v":{"zero":"maintenant","one":["dans ",{"t":"idOrVar","v":"value"}," minute"],"two":["dans ",{"t":"idOrVar","v":"value"}," minutes"],"few":["dans ",{"t":"idOrVar","v":"value"}," minutes"],"many":["dans ",{"t":"idOrVar","v":"value"}," minutes"],"other":["dans ",{"t":"idOrVar","v":"value"}," minutes"]},"$x":[{"t":"idOrVar","v":"plural"},"value"]},{"$i":"hours-until-long","$v":{"zero":"maintenant","one":["dans ",{"t":"idOrVar","v":"value"}," heure"],"two":["dans ",{"t":"idOrVar","v":"value"}," heures"],"few":["dans ",{"t":"idOrVar","v":"value"}," heures"],"many":["dans ",{"t":"idOrVar","v":"value"}," heures"],"other":["dans ",{"t":"idOrVar","v":"value"}," heures"]},"$x":[{"t":"idOrVar","v":"plural"},"value"]},{"$i":"days-until-long","$v":{"zero":"aujourd’hui","one":"demain","two":["dans ",{"t":"idOrVar","v":"value"}," jours"],"few":["dans ",{"t":"idOrVar","v":"value"}," jours"],"many":["dans ",{"t":"idOrVar","v":"value"}," jours"],"other":["dans ",{"t":"idOrVar","v":"value"}," jours"]},"$x":[{"t":"idOrVar","v":"plural"},"value"]},{"$i":"weeks-until-long","$v":{"zero":"cette semaine","one":"la semaine prochaine","two":["dans ",{"t":"idOrVar","v":"value"}," semaines"],"few":["dans ",{"t":"idOrVar","v":"value"}," semaines"],"many":["dans ",{"t":"idOrVar","v":"value"}," semaines"],"other":["dans ",{"t":"idOrVar","v":"value"}," semaines"]},"$x":[{"t":"idOrVar","v":"plural"},"value"]},{"$i":"months-until-long","$v":{"zero":"ce mois-ci","one":"le mois prochain","two":["dans ",{"t":"idOrVar","v":"value"}," mois"],"few":["dans ",{"t":"idOrVar","v":"value"}," mois"],"many":["dans ",{"t":"idOrVar","v":"value"}," mois"],"other":["dans ",{"t":"idOrVar","v":"value"}," mois"]},"$x":[{"t":"idOrVar","v":"plural"},"value"]},{"$i":"years-until-long","$v":{"zero":"cette année","one":"l’année prochaine","two":["dans ",{"t":"idOrVar","v":"value"}," ans"],"few":["dans ",{"t":"idOrVar","v":"value"}," ans"],"many":["dans ",{"t":"idOrVar","v":"value"}," ans"],"other":["dans ",{"t":"idOrVar","v":"value"}," ans"]},"$x":[{"t":"idOrVar","v":"plural"},"value"]},{"$i":"minutes-ago-short","$v":{"zero":"à l’instant","other":["il y a ",{"t":"idOrVar","v":"value"}," min"]},"$x":[{"t":"idOrVar","v":"plural"},"value"]},{"$i":"hours-ago-short","$v":{"zero":"à l’instant","other":["il y a ",{"t":"idOrVar","v":"value"},"h"]},"$x":[{"t":"idOrVar","v":"plural"},"value"]},{"$i":"days-ago-short","$v":{"zero":"aujourd’hui","other":["il y a ",{"t":"idOrVar","v":"value"},"j"]},"$x":[{"t":"idOrVar","v":"plural"},"value"]},{"$i":"minutes-until-short","$v":{"zero":"maintenant","other":["dans ",{"t":"idOrVar","v":"value"},"m"]},"$x":[{"t":"idOrVar","v":"plural"},"value"]},{"$i":"hours-until-short","$v":{"zero":"maintenant","other":["dans ",{"t":"idOrVar","v":"value"},"h"]},"$x":[{"t":"idOrVar","v":"plural"},"value"]},{"$i":"days-until-short","$v":{"zero":"aujourd’hui","other":["dans ",{"t":"idOrVar","v":"value"},"j"]},"$x":[{"t":"idOrVar","v":"plural"},"value"]},{"$i":"incorrectDate","$v":"(date incorrecte)"},{"$i":"dateTimeFormat_%c","$v":"%a %e %b %Y %H:%M:%S"},{"$i":"dateTimeFormat_%x","$v":"%d/%m/%Y"},{"$i":"dateTimeFormat_%X","$v":"%H:%M:%S"},{"$i":"shortTimeFormat","$v":"%H:%M"},{"$i":"shortTimeFormat12","$v":"%I:%M %p"},{"$i":"shortTimeFormat24","$v":"%H:%M"},{"$i":"shortDateTimeFormat","$v":"%x %H:%M"},{"$i":"weekStartsOnMonday","$v":"1"},{"$i":"time_am","$v":"AM"},{"$i":"time_pm","$v":"PM"}]