[{"$i":"brandShortName","$v":"Firefox OS"},{"$i":"browserBrandShortName","$v":"Firefox"},{"$i":"browserBrandFullName","$v":"Mozilla Firefox"},{"$i":"ringtoneBrandName","$v":"Firefox"},{"$i":"ringtoneSectionBrandName","$v":"Firefox"},{"$i":"back","$v":"رجوع"},{"$i":"noSimMsg","$v":"لاستيراد جهات الاتصال ادخل او فك قفل بطاقة SIM"},{"$i":"noMemoryCardMsg","$v":"لإستيراد جهات الإتصال أدخل بطاقة الذاكرة"},{"$i":"importMemoryCard","$v":"Memory card"},{"$i":"noConnection11","$v":"To import Facebook friends or contacts connect to Wi-Fi or data network"},{"$i":"emptyAccount","$v":"No friends or contacts found in this account."},{"$i":"simContacts-import","$v":"إستيراد جهات اتصال من SIM"},{"$i":"simContacts-importing","$v":"جارِ استيراد جهات الاتصال..."},{"$i":"simContacts-reading","$v":"جارِ القراءة من بطاقة SIM..."},{"$i":"simContacts-error","$v":"تعذَر إستيراد جهات الاتصال من بطاقة SIM"},{"$i":"simContacts-imported3","$v":{"zero":"لم يتم العثور على جهات اتصال للاستيراد على شريحة الجوّال","one":"تم استيراد اسم واحد","two":["تم إستيراد ",{"t":"idOrVar","v":"n"}," أسماء"],"few":["تم إستيراد ",{"t":"idOrVar","v":"n"}," أسماء"],"many":["تم إستيراد ",{"t":"idOrVar","v":"n"}," أسماء"],"other":["تم إستيراد ",{"t":"idOrVar","v":"n"}," أسماء"]},"$x":[{"t":"idOrVar","v":"plural"},"n"]},{"$i":"memoryCardContacts-import","$v":"استورد جهات الاتصال من بطاقة الذاكرة"},{"$i":"memoryCardContacts-importing","$v":"جارِ إستيراد جهات الإتصال من بطاقة الذاكرة..."},{"$i":"memoryCardContacts-reading","$v":"جارِ القراءة من بطاقة الذاكرة..."},{"$i":"memoryCardContacts-error","$v":"تعذَر إستيراد جهات الاتصال من بطاقة الذاكرة"},{"$i":"memoryCardContacts-imported3","$v":{"zero":"لم يتم العثور على جهات اتصال للاستيراد على بطاقة الذاكرة","one":"تم استيراد جهة اتصال واحدة","two":["تم إستيراد ",{"t":"idOrVar","v":"n"}," جهات اتصال"],"few":["تم إستيراد ",{"t":"idOrVar","v":"n"}," أسماء"],"many":["تم إستيراد ",{"t":"idOrVar","v":"n"}," أسماء"],"other":["تم إستيراد ",{"t":"idOrVar","v":"n"}," أسماء"]},"$x":[{"t":"idOrVar","v":"plural"},"n"]},{"$i":"genericProgress","$v":[{"t":"idOrVar","v":"current"},"/",{"t":"idOrVar","v":"total"}]},{"$i":"facebook","$v":"الفيسبوك"},{"$i":"facebook-import-msg2","$v":["تم استيراد ",{"t":"idOrVar","v":"imported"},"/",{"t":"idOrVar","v":"total"}," أ"]},{"$i":"contactsMerged","$v":{"zero":"No duplicated contacts merged","one":"One duplicated contact merged","two":[{"t":"idOrVar","v":"numDups"}," contacts merged"],"few":[{"t":"idOrVar","v":"numDups"}," contacts merged"],"many":[{"t":"idOrVar","v":"numDups"}," contacts merged"],"other":[{"t":"idOrVar","v":"numDups"}," contacts merged"]},"$x":[{"t":"idOrVar","v":"plural"},"numDups"]},{"$i":"pincode2","$v":"أدخل كود PIN"},{"$i":"type_pin","$v":"ادخل كود PIN"},{"$i":"pincodeLabel","$v":["SIM ",{"t":"idOrVar","v":"n"}," PIN"]},{"$i":"pinValidation","$v":"رقم الكود يجب أن يحتوي 4 إلى 8 احرف"},{"$i":"pinError","$v":"كود PIN خاطئ."},{"$i":"pinAttemptMsg2","$v":{"one":"لديك محاوله واحدة متبقية لادخال الكود الصحيح قبل اغلاق بطاقة SIM.","two":["لديك ",{"t":"idOrVar","v":"n"}," محاولات متبقية لادخال الكود الصحيح قبل اغلاق بطاقة SIM."],"few":["لديك ",{"t":"idOrVar","v":"n"}," محاولات متبقية لادخال الكود الصحيح قبل اغلاق بطاقة SIM."],"many":["لديك ",{"t":"idOrVar","v":"n"}," محاولات متبقية لادخال الكود الصحيح قبل اغلاق بطاقة SIM."],"other":["لديك ",{"t":"idOrVar","v":"n"}," محاولات متبقية لادخال الكود الصحيح قبل اغلاق بطاقة SIM."]},"$x":[{"t":"idOrVar","v":"plural"},"n"]},{"$i":"pinLastChanceMsg","$v":"هذه آخر فرصة لك لإدخال رقم التعريف الشخصي الصحيح. خلاف ذلك، يجب عليك إدخال مفتاح إلغاء التأمين الشخصي PUK لإستخدام هذه الشريحة."},{"$i":"pukcode","$v":"أدخل كود PUK"},{"$i":"pukcodeTitle","$v":["أدخل SIM ",{"t":"idOrVar","v":"n"}," PUK"]},{"$i":"pukcodeLabel","$v":["SIM ",{"t":"idOrVar","v":"n"}," PUK"]},{"$i":"type_puk","$v":"كود PUK"},{"$i":"pukValidation","$v":"رقم الكود يجب أن يكوت 8 احرف بالضبط."},{"$i":"pukInfo","$v":"يجب عليك إدخال مفتاح إلغاء التأمين الشخصي (PUK) للشريحة. ارجع إلى وثائق الشريحة أو اتصل بالناقل الخاص بك للحصول على مزيد من المعلومات."},{"$i":"pukError","$v":"كود PUK غير صحيح."},{"$i":"pukAttemptMsg2","$v":{"one":"لديك محاولة واحدة متبقية لإدخال الرمز الصحيح قبل أن تصبح هذه الشريحة غير صالحة للإستعمال بشكل دائم. ارجع إلى وثائق الشريحة أو اتصل بالمزود الخاص بك للحصول على مزيد من المعلومات.","two":["لديك ",{"t":"idOrVar","v":"n"}," محاولة لإدخال الرمز الصحيح قبل أن تصبح هذه الشريحة غير صالحة للإستعمال بشكل دائم. ارجع إلى وثائق الشريحة أو اتصل بالناقل الخاص بك للحصول على مزيد من المعلومات."],"few":["لديك ",{"t":"idOrVar","v":"n"}," محاولة لإدخال الرمز الصحيح قبل أن تصبح هذه الشريحة غير صالحة للإستعمال بشكل دائم. ارجع إلى وثائق الشريحة أو اتصل بالناقل الخاص بك للحصول على مزيد من المعلومات."],"many":["لديك ",{"t":"idOrVar","v":"n"}," محاولة لإدخال الرمز الصحيح قبل أن تصبح هذه الشريحة غير صالحة للإستعمال بشكل دائم. ارجع إلى وثائق الشريحة أو اتصل بالناقل الخاص بك للحصول على مزيد من المعلومات."],"other":["لديك ",{"t":"idOrVar","v":"n"}," محاولة لإدخال الرمز الصحيح قبل أن تصبح هذه الشريحة غير صالحة للإستعمال بشكل دائم. ارجع إلى وثائق الشريحة أو اتصل بالناقل الخاص بك للحصول على مزيد من المعلومات."]},"$x":[{"t":"idOrVar","v":"plural"},"n"]},{"$i":"pukLastChanceMsg","$v":"آخر فرصة لإدخال مفتاح إلغاء التأمين الشخصي PUK الصحيح. شريحتك ستصبح غير صالحة للإستعمال بشكل دائم إذا أدخلت مفتاح إلغاء تأمين شخصي  PUK  خاطىء."},{"$i":"create_newpin","$v":"أنشىء رقم PIN جديد (يجب أن يحتوي من 4 إلى 8 أرقام)"},{"$i":"confirm_newpin","$v":"أكِّد كود PIN"},{"$i":"newpinConfirmation","$v":"كودين PIN غير متطابقين"},{"$i":"nckcode","$v":"ادخل كود NCK"},{"$i":"cckcode","$v":"ادخل كود CCK"},{"$i":"spckcode","$v":"ادخل كود SPCK"},{"$i":"nck1code","$v":"Enter NCK1 code"},{"$i":"nck2code","$v":"Enter NCK2 code"},{"$i":"hnckcode","$v":"Enter HNCK code"},{"$i":"rcckcode","$v":"Enter RCCK code"},{"$i":"rspckcode","$v":"Enter RSPCK code"},{"$i":"nckcodeTitle","$v":["أدخل SIM ",{"t":"idOrVar","v":"n"}," NCK"]},{"$i":"cckcodeTitle","$v":["أدخل SIM ",{"t":"idOrVar","v":"n"}," NCK"]},{"$i":"spckcodeTitle","$v":["أدخل SIM ",{"t":"idOrVar","v":"n"}," SPCK"]},{"$i":"nck1codeTitle","$v":["Enter SIM ",{"t":"idOrVar","v":"n"}," NCK1"]},{"$i":"nck2codeTitle","$v":["Enter SIM ",{"t":"idOrVar","v":"n"}," NCK2"]},{"$i":"hnckcodeTitle","$v":["Enter SIM ",{"t":"idOrVar","v":"n"}," HNCK"]},{"$i":"rcckcodeTitle","$v":["Enter SIM ",{"t":"idOrVar","v":"n"}," RCCK"]},{"$i":"rspckcodeTitle","$v":["Enter SIM ",{"t":"idOrVar","v":"n"}," RSPCK"]},{"$i":"nckcodeLabel","$v":["SIM ",{"t":"idOrVar","v":"n"}," NCK"]},{"$i":"cckcodeLabel","$v":["SIM ",{"t":"idOrVar","v":"n"}," CCK"]},{"$i":"spckcodeLabel","$v":["SIM ",{"t":"idOrVar","v":"n"}," SPCK"]},{"$i":"nck1codeLabel","$v":["SIM ",{"t":"idOrVar","v":"n"}," NCK1"]},{"$i":"nck2codeLabel","$v":["SIM ",{"t":"idOrVar","v":"n"}," NCK2"]},{"$i":"hnckcodeLabel","$v":["SIM ",{"t":"idOrVar","v":"n"}," HNCK"]},{"$i":"rcckcodeLabel","$v":["SIM ",{"t":"idOrVar","v":"n"}," RCCK"]},{"$i":"rspckcodeLabel","$v":["SIM ",{"t":"idOrVar","v":"n"}," RSPCK"]},{"$i":"type_nck","$v":"أدخل رمز NCK"},{"$i":"type_cck","$v":"ادخل كود CCK"},{"$i":"type_spck","$v":"ادخل رمز SPCK الخاص بك"},{"$i":"type_nck1","$v":"Type your NCK1 code"},{"$i":"type_nck2","$v":"Type your NCK2 code"},{"$i":"type_hnck","$v":"Type your HNCK code"},{"$i":"type_rcck","$v":"Type your RCCK code"},{"$i":"type_rspck","$v":"Type your RSPCK code"},{"$i":"nckValidation","$v":"رمز NCK يجب أن يحتوي 8 إلى 16 حرف"},{"$i":"cckValidation","$v":"رمز CCK يجب أن يحتوي من 8 إلى 16 حرف"},{"$i":"spckValidation","$v":"رمز SPCK يجب أن يحتوي من 8 إلى 16 حرف."},{"$i":"nck1Validation","$v":"NCK1 must have between 8 and 16 characters."},{"$i":"nck2Validation","$v":"NCK2 must have between 8 and 16 characters."},{"$i":"hnckValidation","$v":"HNCK must have between 8 and 16 characters."},{"$i":"rcckValidation","$v":"RCCK must have between 8 and 16 characters."},{"$i":"rspckValidation","$v":"RSPCK must have between 8 and 16 characters."},{"$i":"nckErrorMsg","$v":"كود NCK غير صحيح."},{"$i":"nckAttemptMsg2","$v":{"one":"فشل طلب عدم تخصيص الشبكة. لديك محاوله واحدة متبقية لادخال الكود الصحيح. راجع وثائق جهازك أو اتصل مع مزود الخدمة لمعلومات اضافية.","two":["فشل طلب عدم تخصيص الشبكة. لديك ",{"t":"idOrVar","v":"n"}," محاولات متبقية لادخال الكود الصحيح. راجع وثائق جهازك أو اتصل مع مزود الخدمة لمعلومات اضافية."],"few":["فشل طلب عدم تخصيص الشبكة. لديك ",{"t":"idOrVar","v":"n"}," محاولات متبقية لادخال الكود الصحيح. راجع وثائق جهازك أو اتصل مع مزود الخدمة لمعلومات اضافية."],"many":["فشل طلب عدم تخصيص الشبكة. لديك ",{"t":"idOrVar","v":"n"}," محاولات متبقية لادخال الكود الصحيح. راجع وثائق جهازك أو اتصل مع مزود الخدمة لمعلومات اضافية."],"other":["فشل طلب عدم تخصيص الشبكة. لديك ",{"t":"idOrVar","v":"n"}," محاولات متبقية لادخال الكود الصحيح. راجع وثائق جهازك أو اتصل مع مزود الخدمة لمعلومات اضافية."]},"$x":[{"t":"idOrVar","v":"plural"},"n"]},{"$i":"nckLastChanceMsg","$v":"فشل طلب عدم تخصيص الشبكة. لديك محاولة اخيرة لادخال كود NCL. راجع وثائق جهازك أو اتصل مع مزود الخدمة لمعلومات اضافية."},{"$i":"skip","$v":"تخطي"},{"$i":"send","$v":"أرسِّل"},{"$i":"ok","$v":"موافق"},{"$i":"simLocked","$v":"بطاقة SIM مقفلة."},{"$i":"inputCodeRetriesLeft","$v":{"one":"اخِر محاولة","two":[{"t":"idOrVar","v":"n"}," محاولة متبقية ."],"few":[{"t":"idOrVar","v":"n"}," محاولة متبقية ."],"many":[{"t":"idOrVar","v":"n"}," محاولة متبقية ."],"other":[{"t":"idOrVar","v":"n"}," محاولة متبقية ."]},"$x":[{"t":"idOrVar","v":"plural"},"n"]},{"$i":"simManager","$v":"مدير SIM"},{"$i":"simDetail","$v":["SIM ",{"t":"idOrVar","v":"n"}]},{"$i":"simDefault","$v":"(إفتراضي)"},{"$i":"simDefaultMessage","$v":"يتم تعيين المكالمات الصادرة، والرسائل الصادرة واتصال البيانات إلى SIM 1 بشكل افتراضي"},{"$i":"simSettingsMessage","$v":"يمكنك تغيير الإعدادات الافتراضية من إعدادات> مدير SIM"},{"$i":"simPinLocked","$v":"SIM PIN مقفل"},{"$i":"noOperator","$v":"لايوجد مشغل"},{"$i":"searchingOperator","$v":"Searching"},{"$i":"language","$v":"اللغة"},{"$i":"3g","$v":"بيانات الجوّال"},{"$i":"dataConnection","$v":"فعِّل البيانات"},{"$i":"dataConnectionInfo","$v":"تفعيل اتصال البيانات يسمح لك الآن باعداد جوّالك دون اتصال واي فاي.يمكنك فعل ذلك لاحق من الإعدادات. تأكد من مزودك بوجود اشتراك للبيانات لتجنب دفع مبالغ كبيرة محتملة."},{"$i":"caution","$v":"تحذير"},{"$i":"geolocation","$v":"تحديد الموقع الجغرافي"},{"$i":"geolocationCheckbox","$v":"تشغيل خدمة تحديد الموقع الجغرافي"},{"$i":"geolocationInfo2","$v":[{"t":"idOrVar","v":"brandShortName"}," تستخدم البيانات مثل ال GPS ، الواي-فاي،  وشبكات الهاتف القريبة منك لتساعدك على تحديد موقعك."]},{"$i":"geolocationInfoMore","$v":"يتم إرسال البيانات لموزيلا وبعض مقدمي الخدمات الآخرين، وسوف تستخدم في مجموعها لتحسين قواعد بيانات الأمكنة. قد يتم تخزين البيانات على الجهاز الخاص بك ويمكن أن يقوم الهاتف بجمع البيانات حتى عندما يتم لا تشغيل أي تطبيقات."},{"$i":"notice","$v":"ملاحظة"},{"$i":"aboutYourPrivacy","$v":"مزيد من المعلومات حول خصوصيتك"},{"$i":"scanningNetworks","$v":"البحث عن شبكات"},{"$i":"selectNetwork","$v":"اختر شبكة"},{"$i":"shortStatus-connecting","$v":"جارِ الاتصال ..."},{"$i":"shortStatus-associated","$v":"جارِ الحصول علي عنوان IP ..."},{"$i":"shortStatus-connected","$v":"مُتصِّل ."},{"$i":"shortStatus-connectingfailed","$v":"فشل الاتصال ."},{"$i":"shortStatus-disconnected","$v":"غير مُتصِّل"},{"$i":"securedBy","$v":["الشبكة مشفرة ب ",{"t":"idOrVar","v":"capabilities"}]},{"$i":"security","$v":"الأمان"},{"$i":"securityNone","$v":"لا يوجد"},{"$i":"securityWEP","$v":"WEP"},{"$i":"securityWPA-PSK","$v":"WPA-PSK"},{"$i":"securityWPA-EAP","$v":"WPA-EAP"},{"$i":"securityOpen","$v":"Open","ariaLabel":"Security"},{"$i":"identity","$v":"مستخدم"},{"$i":"identityInput","placeholder":"مستخدم"},{"$i":"password","$v":"كلمة السِّر"},{"$i":"passwordInput","placeholder":"كلمة السِّر"},{"$i":"showPassword","$v":"أظهِر كلمة السِّر"},{"$i":"refresh","$v":"حدِّث"},{"$i":"noWifiFound3","$v":"لم يتم العثور على شبكات لاسلكية"},{"$i":"join-hidden-button","$v":"الإنضمام إلى شبكة مخفية"},{"$i":"authentication","$v":"المصادقة"},{"$i":"ssid-name","$v":"إسم شبكة SSID"},{"$i":"wifiLevel","ariaLabel":[{"t":"idOrVar","v":"level"}," of 4 bars"]},{"$i":"networksList","ariaLabel":"Networks found"},{"$i":"dateAndTime","$v":"التاريخ والوقت"},{"$i":"timezoneTitle","$v":["UTC",{"t":"idOrVar","v":"utcOffset"}," ",{"t":"idOrVar","v":"region"},"/",{"t":"idOrVar","v":"city"}]},{"$i":"timeZone","$v":"منطقة زمنية"},{"$i":"change","$v":"غيّر"},{"$i":"region","ariaLabel":"Region"},{"$i":"city","ariaLabel":"City"},{"$i":"date","ariaLabel":"Date"},{"$i":"time","ariaLabel":"Time"},{"$i":"importContacts3","$v":"استورد جهات الاتصال"},{"$i":"importSim2","$v":"بطاقة SIM"},{"$i":"importFb2","$v":"الفيسبوك"},{"$i":"importOutlook","$v":"Outlook"},{"$i":"importGmail","$v":"Gmail"},{"$i":"fb-checking","$v":"... جارِ التحقق"},{"$i":"notImportedYet","$v":"لم يتم الاستيراد بعد"},{"$i":"otherAccount","$v":"حسابات أخرى"},{"$i":"afterFbImport","$v":"يمكنك استيراد وتحرير اصدقائك من الفيسبوك في أي وقت من اعدادات جهات الاتصال"},{"$i":"firefox-accounts","$v":"Firefox Accounts"},{"$i":"fxa-upsell","innerHTML":"A Firefox Account lets you find a lost phone and buy apps from the Firefox Marketplace."},{"$i":"fxa-create-account-or-sign-in","$v":"Create Account or Sign In"},{"$i":"fxa-email-sent","$v":["A verification link has been sent to ",{"t":"idOrVar","v":"email"}]},{"$i":"fxa-signed-in","$v":["Signed in as ",{"t":"idOrVar","v":"email"}]},{"$i":"about-your-rights-0","$v":[{"t":"idOrVar","v":"brandShortName"}," هو برنامج حر ومفتوح المصدر، تم إنشاؤه بواسط مجتمع يحوي آلاف المساهمين من كل أنحاء العالم. هناك بعض الأمور ينبغي عليك أن تعرفها:"]},{"$i":"about-your-rights-1","$v":["تم اتاحة ",{"t":"idOrVar","v":"brandShortName"}," لك بموجب شروط تراخيص عدة مفتوحة المصدر بما في ذلك الرخصة العمومية لموزيلا. ويمكن لجوّال يعمل ب ",{"t":"idOrVar","v":"brandShortName"}," ان بحتوي على برمجيات مملوكة من أطراف ثالثة. أي رمز منصوص عليه في التراخيص المفتوحة تعطيك الحق في تعديل المصدر وتوزيع الإصدارات الخاصة بك ما دمت ممتثلا لأحكامها."]},{"$i":"about-your-rights-2","$v":["لا تمنح لك أية حقوق في العلامة التجارية أو رخص من العلامات التجارية لمؤسسة موزيلا أو أي طرف، بما في ذلك على سبيل المثال لا الحصر قيد النص المؤقت لإسم أو شعار ",{"t":"idOrVar","v":"brandShortName"},"."]},{"$i":"about-your-rights-3","$v":["بعض الميزات في ",{"t":"idOrVar","v":"brandShortName"},"، مثل مراسل اﻷعطال، تعطيك الخيار في توفير تقرير حال لموزيلا. عن طريق اختيار إرسال تقرير الحال، أنت تعطي الإذن لموزيلا في استخدام تقرير الحال لتحسين منتجاتها، في نشر تقرير الحال على مواقع الويب الخاصة بها، وفي توزيع تقرير الحال."]},{"$i":"about-other","$v":"أخرى"},{"$i":"SIM_mandatory","$v":"تحذير بطاقة SIM"},{"$i":"SIM_mandatory_warm","$v":"من فضلك، أدخل بطاقة SIM وأعد تشغيل هاتفك."},{"$i":"telemetry-sends2","$v":["Telemetry sends Mozilla data about performance, hardware, configurations, customizations and app usage in your ",{"t":"idOrVar","v":"brandShortName"}," device. We use this to make our products better, faster and more responsive."]},{"$i":"learn-more-telemetry2","innerHTML":["Learn more at <a href=\"",{"t":"idOrVar","v":"href"},"\" class=\"",{"t":"idOrVar","v":"className"},"\">",{"t":"idOrVar","v":"textContent"},"</a>"]},{"$i":"learn-more-information2","innerHTML":["Learn how Mozilla handles your information at <a href=\"",{"t":"idOrVar","v":"href"},"\" class=\"",{"t":"idOrVar","v":"className"},"\">",{"t":"idOrVar","v":"textContent"},"</a>"]},{"$i":"htmlWelcome2","innerHTML":["Welcome to <a href=\"",{"t":"idOrVar","v":"href"},"\" class=\"",{"t":"idOrVar","v":"className"},"\">",{"t":"idOrVar","v":"textContent"},"</a>, the free and open source operating system from Mozilla. Our mission is to promote openness, innovation and opportunity by keeping the power of the Web in your hands."]},{"$i":"htmlWelcome-link","$v":[{"t":"idOrVar","v":"brandShortName"}]},{"$i":"helpImprove2","innerHTML":["You can help us improve our products and services by automatically sending analytics data. See our <a href=\"",{"t":"idOrVar","v":"href"},"\" class=\"",{"t":"idOrVar","v":"className"},"\">",{"t":"idOrVar","v":"textContent"},"</a> to learn how we handle data from your device."]},{"$i":"helpImprove-link","$v":"Privacy Notice"},{"$i":"learn-more-privacy2","innerHTML":["Learn how Mozilla handles your information in our <a href=\"",{"t":"idOrVar","v":"href"},"\" class=\"",{"t":"idOrVar","v":"className"},"\">",{"t":"idOrVar","v":"textContent"},"</a>."]},{"$i":"learn-more-privacy-link","$v":"privacy policy"},{"$i":"aboutBrowser","$v":["حول ",{"t":"idOrVar","v":"brandShortName"}]},{"$i":"aboutYourPrivacy2","$v":"خصوصيتك"},{"$i":"mozillaCommunity2","$v":["عند استخدام ",{"t":"idOrVar","v":"brandShortName"},"، فإنك تصبح جزءا من مجتمع عالمي يساعد على بناء مستقبل أكثر إشراقا للوب. إذا كنت ترغب في معرفة المزيد عن مجتمع موزيلا، ومنتجاتنا الأخرى والأحداث القريبة منك، ادخل عنوان بريدك الالكتروني أدناه."]},{"$i":"sharePerformanceAndUsageData2","$v":"Yes! Send data."},{"$i":"emailAddress","placeholder":"البريد الإلكتروني"},{"$i":"email-successfully-added","$v":"تم اضافة البريد الالكتروني بنجاح!"},{"$i":"email-loading","$v":"جارِ حفظ البريد الالكتروني..."},{"$i":"privacy-b2g","$v":[{"t":"idOrVar","v":"brandShortName"}],"title":[{"t":"idOrVar","v":"brandShortName"}]},{"$i":"privacy-marketplace","$v":"السوق","title":[{"t":"idOrVar","v":"privacy-marketplace"}]},{"$i":"privacy-eme","$v":"EverythingMe"},{"$i":"privacy-e-me","title":[{"t":"idOrVar","v":"privacy-e-me"}]},{"$i":"navbar-back","$v":"رجوع"},{"$i":"navbar-next","$v":"التالي"},{"$i":"navbar-join","$v":"انضم"},{"$i":"done","$v":"تم"},{"$i":"thatsIt","$v":"هذا كل شيء!"},{"$i":"startYourPhone","$v":"ابدأ جولة جوالك"},{"$i":"startYourTablet","$v":"ابدأ جولة جهازك اللوحي!"},{"$i":"joinTutorial","$v":"انضم لنا في جولة سريعة عن جوّالك الجديد."},{"$i":"joinTutorialUpdated","$v":"Join us for a quick tutorial about the updates to your phone!"},{"$i":"enjoyYourPhone","$v":"استمتع بجوّالك الجديد."},{"$i":"enjoyYourPhoneUpdated","$v":"You’re ready to enjoy your updated phone."},{"$i":"optionsAvailable","$v":"يمكنك تغير اللغة والتاريخ واليوم ووصلة الواي فاي من خلال الإعدادات"},{"$i":"letsGo","$v":"هيا بنا"},{"$i":"startTour","$v":"ابدء الجولة"},{"$i":"thatsIt1Tablet-2","$v":"يمكنك دائما السحب بإصبعك من الحافة السفلى لدخول الشاشة الرئيسية."},{"$i":"thatsIt2Tablet-2","$v":"لنقم بذلك!"},{"$i":"tutorial","$v":"Tutorial"},{"$i":"tutorial-step1-tiny","$v":"مرر سريعا من اليمين الى اليسار لتصفح تطبيقاتك."},{"$i":"tutorial-step2-tiny","$v":"اضغط على الايقونة لحذفها أو تحريكها."},{"$i":"tutorial-step3-tiny","$v":"أدخل أي كلمة أو موضوع وهاتفك سوف يتكيف على الفور."},{"$i":"tutorial-step4-tiny","$v":"مرر سريعا للاسفل للوصل لاخر التنبيهات، ومعلومات الرصيد والاعدادات."},{"$i":"tutorial-step5-tiny","$v":"اضغط لفترة طويلة على زر الرئيسي لتصفح أو اغلاق اخر التطبيقات."},{"$i":"tutorial-step6-tiny","$v":"اسحب بإصبعك من جانب الشاشة للإنتقال ذهابا وإيابا بين التطبيقات الأخيرة."},{"$i":"tutorial-step1-large-3","$v":"Swipe down to access recent notifications, usage information and settings."},{"$i":"tutorial-step2-large-2","$v":"اسحب بإصبعك من اليمين أو اليسار لإكتشاف تطبيقات جديدة على الشاشة الرئيسية."},{"$i":"tutorial-step3-large-2","$v":"اضغط على الايقونة لفتره لحذفها أو تحريكها."},{"$i":"tutorial-step4-large-2","$v":"مررإصبعين للأعلى من الحافة السفلية لتحريك عرض البطاقة."},{"$i":"tutorial-vertical-scroll-v2-tiny","$v":"Swipe up and down to browse your apps and bookmarks. Tap and hold an icon to delete, move, or edit it."},{"$i":"tutorial-notifications-v2-tiny","$v":"Swipe down to access recent notifications, usage information and settings."},{"$i":"tutorial-sheets-tiny","$v":"Drag from the left edge of your screen to return to recently used apps."},{"$i":"tutorial-rocketbar-tiny","$v":"Tap on the search box anytime to start a search or go to a website."},{"$i":"tutorial-bookmarks-migration-tiny","$v":"Your bookmarks have been moved to the homescreen. When editing, tap a bookmark to edit or rename it."},{"$i":"offline-dialog-title","$v":"يجب ان تكون متصل بالانترنت لمشاهدة هذه الصفحة"},{"$i":"offline-dialog-text","$v":["الرجاء الرجوع والاتصال بالانترنت. يمكنك دائما مشاهدة هذه الصفحة من الاعدادات أو ادخال   ",{"t":"idOrVar","v":"url"}," من أي متصفح."]},{"$i":"OK","$v":"موافق"},{"$i":"offline-newsletter-dialog-title","$v":"يجب ان تكون متصل بالانترنت للاشتراك في النشرة الاخبارية."},{"$i":"offline-newsletter-dialog-text","$v":"يرجى العودة والاتصال بالإنترنت."},{"$i":"invalid-email-dialog-title","$v":"بريدك الالكتروني غير صحيح"},{"$i":"invalid-email-dialog-text","$v":"يرجى العودة وتصحيح الإدخال."},{"$i":"retry","$v":"Retry"},{"$i":"cancel","$v":"ألغِ"},{"$i":"progressbar","$v":["Step ",{"t":"idOrVar","v":"step"}," of ",{"t":"idOrVar","v":"total"}],"ariaLabel":"First Time Experience"},{"$i":"weekday-0-long","$v":"الأحد"},{"$i":"weekday-1-long","$v":"الإثنين"},{"$i":"weekday-2-long","$v":"الثلاثاء"},{"$i":"weekday-3-long","$v":"الأربعاء"},{"$i":"weekday-4-long","$v":"الخميس"},{"$i":"weekday-5-long","$v":"الجمعة"},{"$i":"weekday-6-long","$v":"السبت"},{"$i":"weekday-0-short","$v":"أحد"},{"$i":"weekday-1-short","$v":"إثنين"},{"$i":"weekday-2-short","$v":"ثلاثاء"},{"$i":"weekday-3-short","$v":"أربعاء"},{"$i":"weekday-4-short","$v":"خميس"},{"$i":"weekday-5-short","$v":"جمعة"},{"$i":"weekday-6-short","$v":"سبت"},{"$i":"month-0-long","$v":"يناير"},{"$i":"month-1-long","$v":"فبراير"},{"$i":"month-2-long","$v":"مارس"},{"$i":"month-3-long","$v":"أبريل"},{"$i":"month-4-long","$v":"مايو"},{"$i":"month-5-long","$v":"يونيو"},{"$i":"month-6-long","$v":"يوليو"},{"$i":"month-7-long","$v":"أغسطس"},{"$i":"month-8-long","$v":"سبتمبر"},{"$i":"month-9-long","$v":"أكتوبر"},{"$i":"month-10-long","$v":"نوفمبر"},{"$i":"month-11-long","$v":"ديسمبر"},{"$i":"month-0-genitive","$v":"يناير"},{"$i":"month-1-genitive","$v":"فبراير"},{"$i":"month-2-genitive","$v":"مارس"},{"$i":"month-3-genitive","$v":"أبريل"},{"$i":"month-4-genitive","$v":"مايو"},{"$i":"month-5-genitive","$v":"يونيو"},{"$i":"month-6-genitive","$v":"يوليو"},{"$i":"month-7-genitive","$v":"أغسطس"},{"$i":"month-8-genitive","$v":"سبتمبر"},{"$i":"month-9-genitive","$v":"أكتوبر"},{"$i":"month-10-genitive","$v":"نوفمبر"},{"$i":"month-11-genitive","$v":"ديسمبر"},{"$i":"month-0-short","$v":"يناير"},{"$i":"month-1-short","$v":"فبراير"},{"$i":"month-2-short","$v":"مارس"},{"$i":"month-3-short","$v":"ابريل"},{"$i":"month-4-short","$v":"مايو"},{"$i":"month-5-short","$v":"يونيو"},{"$i":"month-6-short","$v":"يوليو"},{"$i":"month-7-short","$v":"أغسطس"},{"$i":"month-8-short","$v":"سبتمبر"},{"$i":"month-9-short","$v":"أكتوبر"},{"$i":"month-10-short","$v":"نوفمبر"},{"$i":"month-11-short","$v":"ديسمبر"},{"$i":"minutes-ago-long","$v":{"zero":"الآن","one":"منذ دقيقة","two":["منذ ",{"t":"idOrVar","v":"value"}," دقائق"],"few":["منذ ",{"t":"idOrVar","v":"value"}," دقائق"],"many":["منذ ",{"t":"idOrVar","v":"value"}," دقائق"],"other":["منذ ",{"t":"idOrVar","v":"value"}," دقائق"]},"$x":[{"t":"idOrVar","v":"plural"},"value"]},{"$i":"hours-ago-long","$v":{"zero":"الآن","one":"قبل ساعة واحدة","two":"منذ ساعتين","few":["قبل ",{"t":"idOrVar","v":"value"}," ساعات"],"many":["قبل ",{"t":"idOrVar","v":"value"}," ساعة"],"other":["قبل ",{"t":"idOrVar","v":"value"}," ساعة"]},"$x":[{"t":"idOrVar","v":"plural"},"value"]},{"$i":"days-ago-long","$v":{"zero":"اليوم","one":"الأمس","two":"قبل يومين","few":["قبل ",{"t":"idOrVar","v":"value"}," أيام"],"many":["قبل ",{"t":"idOrVar","v":"value"}," يوم"],"other":["قبل ",{"t":"idOrVar","v":"value"}," يوم"]},"$x":[{"t":"idOrVar","v":"plural"},"value"]},{"$i":"weeks-ago-long","$v":{"zero":"هذا الأسبوع","one":"الأسبوع الماضي","two":["منذ ",{"t":"idOrVar","v":"value"}," أسابيع"],"few":["منذ ",{"t":"idOrVar","v":"value"}," أسابيع"],"many":["منذ ",{"t":"idOrVar","v":"value"}," أسابيع"],"other":["منذ ",{"t":"idOrVar","v":"value"}," أسابيع"]},"$x":[{"t":"idOrVar","v":"plural"},"value"]},{"$i":"months-ago-long","$v":{"zero":"هذا الشهر","one":"الشهر الماضي","two":["منذ ",{"t":"idOrVar","v":"value"}," أشهر"],"few":["منذ ",{"t":"idOrVar","v":"value"}," أشهر"],"many":["منذ ",{"t":"idOrVar","v":"value"}," أشهر"],"other":["منذ ",{"t":"idOrVar","v":"value"}," أشهر"]},"$x":[{"t":"idOrVar","v":"plural"},"value"]},{"$i":"years-ago-long","$v":{"zero":"هذه السنة","one":"السنة الماضية","two":"منذ سنتين","few":["منذ ",{"t":"idOrVar","v":"value"}," سنوات"],"many":["منذ ",{"t":"idOrVar","v":"value"}," سنة"],"other":["منذ ",{"t":"idOrVar","v":"value"}," سنة"]},"$x":[{"t":"idOrVar","v":"plural"},"value"]},{"$i":"minutes-until-long","$v":{"zero":"الآن","one":"خلال دقيقة","two":"خلال دقيقتين","few":["خلال ",{"t":"idOrVar","v":"value"}," دقائق"],"many":["خلال ",{"t":"idOrVar","v":"value"}," دقيقة"],"other":["خلال ",{"t":"idOrVar","v":"value"}," دقيقة"]},"$x":[{"t":"idOrVar","v":"plural"},"value"]},{"$i":"hours-until-long","$v":{"zero":"الآن","one":"خلال ساعة","two":"خلال ساعتين","few":["خلال ",{"t":"idOrVar","v":"value"}," ساعات"],"many":["خلال ",{"t":"idOrVar","v":"value"}," ساعة"],"other":["خلال ",{"t":"idOrVar","v":"value"}," ساعة"]},"$x":[{"t":"idOrVar","v":"plural"},"value"]},{"$i":"days-until-long","$v":{"zero":"اليوم","one":"غداً","two":"خلال يومين","few":["خلال ",{"t":"idOrVar","v":"value"}," أيام"],"many":["خلال ",{"t":"idOrVar","v":"value"}," يوم"],"other":["خلال ",{"t":"idOrVar","v":"value"}," يوم"]},"$x":[{"t":"idOrVar","v":"plural"},"value"]},{"$i":"weeks-until-long","$v":{"zero":"هذا الأسبوع","one":"الأسبوع القادم","two":"خلال اسبوعين","few":["خلال ",{"t":"idOrVar","v":"value"}," أسابيع"],"many":["خلال ",{"t":"idOrVar","v":"value"}," أسبوع"],"other":["خلال ",{"t":"idOrVar","v":"value"}," أسبوع"]},"$x":[{"t":"idOrVar","v":"plural"},"value"]},{"$i":"months-until-long","$v":{"zero":"هذا الشهر","one":"الشهر القادم","two":"خلال شهرين","few":["خلال ",{"t":"idOrVar","v":"value"}," أشهر"],"many":["خلال ",{"t":"idOrVar","v":"value"}," شهر"],"other":["خلال ",{"t":"idOrVar","v":"value"}," شهر"]},"$x":[{"t":"idOrVar","v":"plural"},"value"]},{"$i":"years-until-long","$v":{"zero":"هذه السنة","one":"السنة القادمة","two":"خلال سنتين","few":["خلال ",{"t":"idOrVar","v":"value"}," سنوات"],"many":["خلال ",{"t":"idOrVar","v":"value"}," سنة"],"other":["خلال ",{"t":"idOrVar","v":"value"}," سنة"]},"$x":[{"t":"idOrVar","v":"plural"},"value"]},{"$i":"minutes-ago-short","$v":{"zero":"الآن","other":["منذ ",{"t":"idOrVar","v":"value"}," دقيقة"]},"$x":[{"t":"idOrVar","v":"plural"},"value"]},{"$i":"hours-ago-short","$v":{"zero":"الآن","other":["منذ ",{"t":"idOrVar","v":"value"}," س"]},"$x":[{"t":"idOrVar","v":"plural"},"value"]},{"$i":"days-ago-short","$v":{"zero":"اليوم","other":["منذ ",{"t":"idOrVar","v":"value"}," ي"]},"$x":[{"t":"idOrVar","v":"plural"},"value"]},{"$i":"minutes-until-short","$v":{"zero":"الآن","other":["خلال ",{"t":"idOrVar","v":"value"}," د"]},"$x":[{"t":"idOrVar","v":"plural"},"value"]},{"$i":"hours-until-short","$v":{"zero":"الآن","other":["خلال ",{"t":"idOrVar","v":"value"}," س"]},"$x":[{"t":"idOrVar","v":"plural"},"value"]},{"$i":"days-until-short","$v":{"zero":"اليوم","other":["خلال ",{"t":"idOrVar","v":"value"}," ي"]},"$x":[{"t":"idOrVar","v":"plural"},"value"]},{"$i":"incorrectDate","$v":"(تاريخ غير صحيح)"},{"$i":"dateTimeFormat_%c","$v":"%a %b %e %Y %I:%M:%S %p"},{"$i":"dateTimeFormat_%x","$v":"%m/%d/%Y"},{"$i":"dateTimeFormat_%X","$v":"%I:%M:%S %p"},{"$i":"shortTimeFormat","$v":"%I:%M %p"},{"$i":"shortTimeFormat12","$v":"%I:%M %p"},{"$i":"shortTimeFormat24","$v":"%H:%M"},{"$i":"shortDateTimeFormat","$v":"%x %I:%M %p"},{"$i":"weekStartsOnMonday","$v":"0"},{"$i":"time_am","$v":"ص"},{"$i":"time_pm","$v":"م"},{"$i":"tz-region","$v":"المنطقة"},{"$i":"tz-city","$v":"المدينة"},{"$i":"tzRegion-Africa","$v":"أفريقيا"},{"$i":"tzRegion-America","$v":"أمريكا"},{"$i":"tzRegion-Antarctica","$v":"أنتاركتيكا"},{"$i":"tzRegion-Asia","$v":"أسيا"},{"$i":"tzRegion-Atlantic","$v":"المحيط الاطلسي"},{"$i":"tzRegion-Australia","$v":"استراليا"},{"$i":"tzRegion-Europe","$v":"أوروبا"},{"$i":"tzRegion-Indian","$v":"المحيط الهندي"},{"$i":"tzRegion-Pacific","$v":"المحيط الهادي"},{"$i":"close","$v":"إغلاق"},{"$i":"import","$v":"استيراد"},{"$i":"update","$v":"تحديث"},{"$i":"fbFriends","$v":"اصدقاء الفيسبوك"},{"$i":"live-serviceName","$v":"Outlook"},{"$i":"gmail-serviceName","$v":"Gmail"},{"$i":"facebook-serviceName","$v":"اصدقاء الفيسبوك"},{"$i":"selectAll","$v":"Select all"},{"$i":"deselectAll","$v":"إلغاء اختيار الكل"},{"$i":"viewAll","$v":"عرض جميع اصدقاء الفيسبوك"},{"$i":"viewRecommend","$v":"عرض الموصى به فقط"},{"$i":"linkProposal","$v":{"zero":"لا يوجد نتائج. إظهار الكل.","one":"إختيار المُوصى به","two":"إختيار أحد المُوصى به","few":"إختيار أحد المُوصى به","many":"اختر احد المُوصى به","other":"اختر احد المُوصى به"},"$x":[{"t":"idOrVar","v":"plural"},"numFriends"]},{"$i":"fbFriendsFound","$v":{"zero":"تم استيراد جميع اصدقائك","one":"تم إيجاد صديق واحد للاستيراد","two":["تم العثور على ",{"t":"idOrVar","v":"numFriends"}," اصدقاء للاستيراد"],"few":["تم العثور على ",{"t":"idOrVar","v":"numFriends"}," اصدقاء للاستيراد"],"many":["تم العثور على ",{"t":"idOrVar","v":"numFriends"}," اصدقاء للاستيراد"],"other":["تم العثور على ",{"t":"idOrVar","v":"numFriends"}," اصدقاء للاستيراد"]},"$x":[{"t":"idOrVar","v":"plural"},"numFriends"]},{"$i":"fbNoFriends","$v":"No contacts available to import"},{"$i":"search-contact","placeholder":"بحث"},{"$i":"noResults","$v":"لم يتم العثور على جهة اتصال"},{"$i":"done-search","$v":"تم"},{"$i":"progressFB3ImportTitle","$v":"استيراد الاصدقاء إلى الاسماء"},{"$i":"progressFB","$v":[{"t":"idOrVar","v":"current"},"/",{"t":"idOrVar","v":"total"}]},{"$i":"progressFB3UpdateTitle","$v":"جارِ تحديث الاصدقاء في الاسماء"},{"$i":"message2","$v":"ربما يتطلب عدة دقائق"},{"$i":"messageLinking","$v":"الرجاء الانتظار. جارِ ربط اصدقائك وجهات اتصالك"},{"$i":"messageCanceling","$v":"Please hold on. We are canceling the ongoing operation."},{"$i":"error1","$v":["خطأ ",{"t":"idOrVar","v":"from"}]},{"$i":"error2","$v":"هل تريد المحاولة مرة أخرى؟"},{"$i":"errorProposal","$v":"جارِ حساب المقترحات"},{"$i":"errorFriends","$v":"استرجاع الأصدقاء"},{"$i":"errorLinking","$v":"جارِ ربط جهة الاتصال "},{"$i":"timeout1","$v":[{"t":"idOrVar","v":"from"}," تجاوز المهلة"]},{"$i":"timeout2","$v":"هل تريد المحاولة مرة أخرى؟"},{"$i":"timeoutProposal","$v":"جارِ حساب المقترحات"},{"$i":"timeoutFriends","$v":"استرجاع الأصدقاء"},{"$i":"timeoutLinking","$v":"جارِ ربط جهات الاتصال"},{"$i":"wait1","$v":"الرجاء الانتظار"},{"$i":"wait2","$v":"ربما يتطلب عدة دقائق"},{"$i":"waitProposal","$v":"الرجاء الانتظار. نقوم بحساب المقترح."},{"$i":"waitFriends","$v":"انتظر، نقوم حاليا بالاتصال لجلب قائمة اصدقائك"},{"$i":"curtainCancel","$v":"إلغاء"},{"$i":"curtainRetry","$v":"محاولة مرة أخرى"},{"$i":"curtainOK","$v":"OK"},{"$i":"connectionLost","$v":"No Internet connection"},{"$i":"connectionLostMsg","$v":"Friends’ photos will not be added to your contacts. Continue anyway?"},{"$i":"yesOption","$v":"OK"},{"$i":"noOption","$v":"إلغاء"},{"$i":"friendsUpdated","$v":{"zero":"لم يتم تحديث أي صديق","one":"تم تحديث صديق واحد","two":["تم تحديث ",{"t":"idOrVar","v":"numFriends"}," أصدقاء"],"few":["تم تحديث ",{"t":"idOrVar","v":"numFriends"}," أصدقاء"],"many":["تم تحديث ",{"t":"idOrVar","v":"numFriends"}," أصدقاء"],"other":["تم تحديث ",{"t":"idOrVar","v":"numFriends"}," أصدقاء"]},"$x":[{"t":"idOrVar","v":"plural"},"numFriends"]},{"$i":"friendsMerged","$v":{"zero":"No duplicated friends merged","one":"One duplicated friend merged","two":[{"t":"idOrVar","v":"numDups"}," friends merged"],"few":[{"t":"idOrVar","v":"numDups"}," friends merged"],"many":[{"t":"idOrVar","v":"numDups"}," friends merged"],"other":[{"t":"idOrVar","v":"numDups"}," friends merged"]},"$x":[{"t":"idOrVar","v":"plural"},"numDups"]},{"$i":"notificationLogin","$v":"جلسة الفيسبوك انتهت. الرجاء تسجيل الدخول."},{"$i":"syncError","$v":"حدث خطأ في تزامن بيانات اصدقائك"}]