[{"$i":"brandShortName","$v":"Firefox OS"},{"$i":"browserBrandShortName","$v":"Firefox"},{"$i":"browserBrandFullName","$v":"Mozilla Firefox"},{"$i":"ringtoneBrandName","$v":"Firefox"},{"$i":"ringtoneSectionBrandName","$v":"Firefox"},{"$i":"back","$v":"Retour"},{"$i":"noSimMsg","$v":"Pour importer des contacts, insérez ou déverouillez votre carte SIM"},{"$i":"noMemoryCardMsg","$v":"Pour importer des contacts, insérez une carte mémoire"},{"$i":"importMemoryCard","$v":"Carte mémoire"},{"$i":"noConnection11","$v":"Pour importer des contacts ou des amis Facebook, connectez-vous à un réseau Wi-Fi ou à un réseau de données mobiles"},{"$i":"emptyAccount","$v":"No friends or contacts found in this account."},{"$i":"simContacts-import","$v":"Importer les contacts de la SIM"},{"$i":"simContacts-importing","$v":"Importation des contacts de la SIM…"},{"$i":"simContacts-reading","$v":"Lecture de la SIM…"},{"$i":"simContacts-error","$v":"Impossible d’importer les contacts de la SIM"},{"$i":"simContacts-imported3","$v":{"zero":"Aucun contact à importer n’a été détecté sur la SIM","one":"Un contact importé","two":[{"t":"idOrVar","v":"n"}," contacts importés"],"few":[{"t":"idOrVar","v":"n"}," contacts importés"],"many":[{"t":"idOrVar","v":"n"}," contacts importés"],"other":[{"t":"idOrVar","v":"n"}," contacts importés"]},"$x":[{"t":"idOrVar","v":"plural"},"n"]},{"$i":"memoryCardContacts-import","$v":"Importer des contacts depuis la carte mémoire"},{"$i":"memoryCardContacts-importing","$v":"Importation des contacts de la carte mémoire…"},{"$i":"memoryCardContacts-reading","$v":"Lecture de la carte mémoire…"},{"$i":"memoryCardContacts-error","$v":"Impossible d’importer les contacts de la carte mémoire"},{"$i":"memoryCardContacts-imported3","$v":{"zero":"Aucun contact à importer n’a été détecté sur la carte mémoire","one":"Un contact importé","two":[{"t":"idOrVar","v":"n"}," contacts importés"],"few":[{"t":"idOrVar","v":"n"}," contacts importés"],"many":[{"t":"idOrVar","v":"n"}," contacts importés"],"other":[{"t":"idOrVar","v":"n"}," contacts importés"]},"$x":[{"t":"idOrVar","v":"plural"},"n"]},{"$i":"genericProgress","$v":[{"t":"idOrVar","v":"current"},"/",{"t":"idOrVar","v":"total"}]},{"$i":"facebook","$v":"Facebook"},{"$i":"facebook-import-msg2","$v":[{"t":"idOrVar","v":"imported"},"/",{"t":"idOrVar","v":"total"}," amis importés"]},{"$i":"contactsMerged","$v":{"zero":"No duplicated contacts merged","one":"One duplicated contact merged","two":[{"t":"idOrVar","v":"numDups"}," contacts merged"],"few":[{"t":"idOrVar","v":"numDups"}," contacts merged"],"many":[{"t":"idOrVar","v":"numDups"}," contacts merged"],"other":[{"t":"idOrVar","v":"numDups"}," contacts merged"]},"$x":[{"t":"idOrVar","v":"plural"},"numDups"]},{"$i":"pincode2","$v":"Saisir le code PIN"},{"$i":"type_pin","$v":"Saisissez votre code PIN"},{"$i":"pincodeLabel","$v":["PIN de la SIM ",{"t":"idOrVar","v":"n"}]},{"$i":"pinValidation","$v":"Le code PIN doit comprendre entre 4 et 8 caractères."},{"$i":"pinError","$v":"Le code PIN est incorrect."},{"$i":"pinAttemptMsg2","$v":{"one":"C’est votre dernier essai pour saisir le code correct avant de verrouiller la carte SIM.","two":["Il vous reste ",{"t":"idOrVar","v":"n"}," essais pour saisir le code correct avant de verrouiller la carte SIM."],"few":["Il vous reste ",{"t":"idOrVar","v":"n"}," essais pour saisir le code correct avant de verrouiller la carte SIM."],"many":["Il vous reste ",{"t":"idOrVar","v":"n"}," essais pour saisir le code correct avant de verrouiller la carte SIM."],"other":["Il vous reste ",{"t":"idOrVar","v":"n"}," essais pour saisir le code correct avant de verrouiller la carte SIM."]},"$x":[{"t":"idOrVar","v":"plural"},"n"]},{"$i":"pinLastChanceMsg","$v":"C’est votre dernier essai autorisé pour saisir le code PIN correct. Sinon, vous devrez saisir le code PUK pour utiliser cette carte SIM."},{"$i":"pukcode","$v":"Saisir le code PUK"},{"$i":"pukcodeTitle","$v":["Saisir le code PUK de la SIM ",{"t":"idOrVar","v":"n"}]},{"$i":"pukcodeLabel","$v":["PUK de la SIM ",{"t":"idOrVar","v":"n"}]},{"$i":"type_puk","$v":"Code PUK"},{"$i":"pukValidation","$v":"Le code PUK doit comprendre exactement 8 caractères."},{"$i":"pukInfo","$v":"Vous devez saisir la Personal Unlocking Key (PUK, soit Clé personnelle de déblocage) pour la carte SIM. Veuillez vous référer à la documentation associée à votre carte SIM ou contacter votre opérateur pour en savoir plus."},{"$i":"pukError","$v":"Le code PUK est incorrect."},{"$i":"pukAttemptMsg2","$v":{"one":"C’est votre dernier essai pour saisir le code correct avant que cette carte SIM ne devienne définitivement inutilisable. Veuillez vous référer à la documentation associée à votre carte SIM ou contacter votre opérateur pour en savoir plus.","two":["Il vous reste ",{"t":"idOrVar","v":"n"}," essais pour saisir le code correct avant que cette carte SIM ne devienne définitivement inutilisable. Veuillez vous référer à la documentation associée à votre carte SIM ou contacter votre opérateur pour en savoir plus."],"few":["Il vous reste ",{"t":"idOrVar","v":"n"}," essais pour saisir le code correct avant que cette carte SIM ne devienne définitivement inutilisable. Veuillez vous référer à la documentation associée à votre carte SIM ou contacter votre opérateur pour en savoir plus."],"many":["Il vous reste ",{"t":"idOrVar","v":"n"}," essais pour saisir le code correct avant que cette carte SIM ne devienne définitivement inutilisable. Veuillez vous référer à la documentation associée à votre carte SIM ou contacter votre opérateur pour en savoir plus."],"other":["Il vous reste ",{"t":"idOrVar","v":"n"}," essais pour saisir le code correct avant que cette carte SIM ne devienne définitivement inutilisable. Veuillez vous référer à la documentation associée à votre carte SIM ou contacter votre opérateur pour en savoir plus."]},"$x":[{"t":"idOrVar","v":"plural"},"n"]},{"$i":"pukLastChanceMsg","$v":"C’est votre dernier essai autorisé pour saisir le code PUK correct. Votre carte SIM deviendra définitivement inutilisable si vous saisissez un code PUK incorrect."},{"$i":"create_newpin","$v":"Nouveau code PIN (4 à 8 chiffres)"},{"$i":"confirm_newpin","$v":"Confirmer le nouveau code PIN"},{"$i":"newpinConfirmation","$v":"Les codes PIN ne correspondent pas"},{"$i":"nckcode","$v":"Saisir le code NCK"},{"$i":"cckcode","$v":"Saisir le code CCK"},{"$i":"spckcode","$v":"Saisir le code SPCK"},{"$i":"nck1code","$v":"Enter NCK1 code"},{"$i":"nck2code","$v":"Enter NCK2 code"},{"$i":"hnckcode","$v":"Enter HNCK code"},{"$i":"rcckcode","$v":"Enter RCCK code"},{"$i":"rspckcode","$v":"Enter RSPCK code"},{"$i":"nckcodeTitle","$v":["Saisir le code NCK de la SIM ",{"t":"idOrVar","v":"n"}]},{"$i":"cckcodeTitle","$v":["Saisir le code CCK de la SIM ",{"t":"idOrVar","v":"n"}]},{"$i":"spckcodeTitle","$v":["Saisir le code SPCK de la SIM ",{"t":"idOrVar","v":"n"}]},{"$i":"nck1codeTitle","$v":["Enter SIM ",{"t":"idOrVar","v":"n"}," NCK1"]},{"$i":"nck2codeTitle","$v":["Enter SIM ",{"t":"idOrVar","v":"n"}," NCK2"]},{"$i":"hnckcodeTitle","$v":["Enter SIM ",{"t":"idOrVar","v":"n"}," HNCK"]},{"$i":"rcckcodeTitle","$v":["Enter SIM ",{"t":"idOrVar","v":"n"}," RCCK"]},{"$i":"rspckcodeTitle","$v":["Enter SIM ",{"t":"idOrVar","v":"n"}," RSPCK"]},{"$i":"nckcodeLabel","$v":["NCK de la SIM ",{"t":"idOrVar","v":"n"}]},{"$i":"cckcodeLabel","$v":["CCK de la SIM ",{"t":"idOrVar","v":"n"}]},{"$i":"spckcodeLabel","$v":["SPCK de la SIM ",{"t":"idOrVar","v":"n"}]},{"$i":"nck1codeLabel","$v":["SIM ",{"t":"idOrVar","v":"n"}," NCK1"]},{"$i":"nck2codeLabel","$v":["SIM ",{"t":"idOrVar","v":"n"}," NCK2"]},{"$i":"hnckcodeLabel","$v":["SIM ",{"t":"idOrVar","v":"n"}," HNCK"]},{"$i":"rcckcodeLabel","$v":["SIM ",{"t":"idOrVar","v":"n"}," RCCK"]},{"$i":"rspckcodeLabel","$v":["SIM ",{"t":"idOrVar","v":"n"}," RSPCK"]},{"$i":"type_nck","$v":"Saisissez votre code NCK"},{"$i":"type_cck","$v":"Saisissez votre code CCK"},{"$i":"type_spck","$v":"Saisissez votre code SPCK"},{"$i":"type_nck1","$v":"Type your NCK1 code"},{"$i":"type_nck2","$v":"Type your NCK2 code"},{"$i":"type_hnck","$v":"Type your HNCK code"},{"$i":"type_rcck","$v":"Type your RCCK code"},{"$i":"type_rspck","$v":"Type your RSPCK code"},{"$i":"nckValidation","$v":"Le code NCK doit comprendre entre 8 et 16 caractères."},{"$i":"cckValidation","$v":"Le code CCK doit comprendre entre 8 et 16 caractères."},{"$i":"spckValidation","$v":"Le code SPCK doit comprendre entre 8 et 16 caractères."},{"$i":"nck1Validation","$v":"NCK1 must have between 8 and 16 characters."},{"$i":"nck2Validation","$v":"NCK2 must have between 8 and 16 characters."},{"$i":"hnckValidation","$v":"HNCK must have between 8 and 16 characters."},{"$i":"rcckValidation","$v":"RCCK must have between 8 and 16 characters."},{"$i":"rspckValidation","$v":"RSPCK must have between 8 and 16 characters."},{"$i":"nckErrorMsg","$v":"Le code NCK est incorrect."},{"$i":"nckAttemptMsg2","$v":{"one":"La dépersonnalisation du réseau a échoué. C’est votre dernier essai pour saisir le code correct. Veuillez vous référer à la documentation de l’appareil ou contacter votre opérateur pour en savoir plus.","two":["La dépersonnalisation du réseau a échoué. Il vous reste ",{"t":"idOrVar","v":"n"}," essais pour saisir le code correct. Veuillez vous référer à la documentation de l’appareil ou contacter votre opérateur pour en savoir plus."],"few":["La dépersonnalisation du réseau a échoué. Il vous reste ",{"t":"idOrVar","v":"n"}," essais pour saisir le code correct. Veuillez vous référer à la documentation de l’appareil ou contacter votre opérateur pour en savoir plus."],"many":["La dépersonnalisation du réseau a échoué. Il vous reste ",{"t":"idOrVar","v":"n"}," essais pour saisir le code correct. Veuillez vous référer à la documentation de l’appareil ou contacter votre opérateur pour en savoir plus."],"other":["La dépersonnalisation du réseau a échoué. Il vous reste ",{"t":"idOrVar","v":"n"}," essais pour saisir le code correct. Veuillez vous référer à la documentation de l’appareil ou contacter votre opérateur pour en savoir plus."]},"$x":[{"t":"idOrVar","v":"plural"},"n"]},{"$i":"nckLastChanceMsg","$v":"La dépersonnalisation du réseau a échoué. C’est votre dernier essai autorisé pour saisir le code NCK correct. Veuillez vous référer à la documentation de l’appareil ou contacter votre opérateur pour en savoir plus."},{"$i":"skip","$v":"Passer"},{"$i":"send","$v":"Envoyer"},{"$i":"ok","$v":"OK"},{"$i":"simLocked","$v":"La carte SIM est verrouillée"},{"$i":"inputCodeRetriesLeft","$v":{"one":"Dernier essai.","two":[{"t":"idOrVar","v":"n"}," essais restants."],"few":[{"t":"idOrVar","v":"n"}," essais restants."],"many":[{"t":"idOrVar","v":"n"}," essais restants."],"other":[{"t":"idOrVar","v":"n"}," essais restants."]},"$x":[{"t":"idOrVar","v":"plural"},"n"]},{"$i":"simManager","$v":"SIM"},{"$i":"simDetail","$v":["SIM ",{"t":"idOrVar","v":"n"}]},{"$i":"simDefault","$v":"(par défaut)"},{"$i":"simDefaultMessage","$v":"Les appels sortants, les messages sortants et la connexion de données utilisent la carte SIM 1 par défaut"},{"$i":"simSettingsMessage","$v":"Vous pouvez modifier les paramètres par défaut dans Paramètres > Gestionnaire de cartes SIM"},{"$i":"simPinLocked","$v":"Code PIN verrouillé"},{"$i":"noOperator","$v":"Aucun opérateur"},{"$i":"searchingOperator","$v":"Searching"},{"$i":"language","$v":"Langue"},{"$i":"3g","$v":"Données mobiles"},{"$i":"dataConnection","$v":"Activer la connexion"},{"$i":"dataConnectionInfo","$v":"Activer la connexion de données mobiles maintenant vous permettra de configurer votre téléphone sans connexion Wi-Fi. Vous pourrez également l’activer plus tard dans l’application Paramètres. Assurez-vous de disposer d’un forfait de données auprès de votre opérateur afin d’éviter d’éventuels frais supplémentaires."},{"$i":"caution","$v":"Avertissement"},{"$i":"geolocation","$v":"Géolocalisation"},{"$i":"geolocationCheckbox","$v":"Géolocalisation"},{"$i":"geolocationInfo2","$v":[{"t":"idOrVar","v":"brandShortName"}," utilise les données du GPS, du Wi-Fi et des réseaux mobiles proches pour déterminer votre position approximative."]},{"$i":"geolocationInfoMore","$v":"Les données sont envoyées à Mozilla ainsi qu’à d’autres fournisseurs de services et sont mises en commun afin d’améliorer la précision de la géolocalisation. Les données peuvent être stockées sur votre appareil et la collecte des données peut avoir lieu même lorsqu’aucune application n’est lancée."},{"$i":"notice","$v":"Avertissement"},{"$i":"aboutYourPrivacy","$v":"En savoir plus sur la confidentialité"},{"$i":"scanningNetworks","$v":"Recherche de réseaux"},{"$i":"selectNetwork","$v":"Choix du réseau"},{"$i":"shortStatus-connecting","$v":"Connexion…"},{"$i":"shortStatus-associated","$v":"Obtention d’une adresse IP…"},{"$i":"shortStatus-connected","$v":"Connecté"},{"$i":"shortStatus-connectingfailed","$v":"Échec de connexion"},{"$i":"shortStatus-disconnected","$v":"Hors ligne"},{"$i":"securedBy","$v":["Sécurité : ",{"t":"idOrVar","v":"capabilities"}]},{"$i":"security","$v":"Sécurité"},{"$i":"securityNone","$v":"Aucune"},{"$i":"securityWEP","$v":"WEP"},{"$i":"securityWPA-PSK","$v":"WPA-PSK"},{"$i":"securityWPA-EAP","$v":"WPA-EAP"},{"$i":"securityOpen","$v":"Open","ariaLabel":"Security"},{"$i":"identity","$v":"Nom d’utilisateur"},{"$i":"identityInput","placeholder":"Nom d’utilisateur"},{"$i":"password","$v":"Mot de passe"},{"$i":"passwordInput","placeholder":"Mot de passe"},{"$i":"showPassword","$v":"Afficher le mot de passe"},{"$i":"refresh","$v":"Actualiser"},{"$i":"noWifiFound3","$v":"Aucun réseau sans-fil détecté"},{"$i":"join-hidden-button","$v":"Rejoindre un réseau masqué"},{"$i":"authentication","$v":"Authentification"},{"$i":"ssid-name","$v":"Nom de réseau SSID"},{"$i":"wifiLevel","ariaLabel":[{"t":"idOrVar","v":"level"}," of 4 bars"]},{"$i":"networksList","ariaLabel":"Networks found"},{"$i":"dateAndTime","$v":"Date et heure"},{"$i":"timezoneTitle","$v":["UTC",{"t":"idOrVar","v":"utcOffset"}," ",{"t":"idOrVar","v":"region"},"/",{"t":"idOrVar","v":"city"}]},{"$i":"timeZone","$v":"Fuseau horaire"},{"$i":"change","$v":"Modifier"},{"$i":"region","ariaLabel":"Region"},{"$i":"city","ariaLabel":"City"},{"$i":"date","ariaLabel":"Date"},{"$i":"time","ariaLabel":"Time"},{"$i":"importContacts3","$v":"Importer des contacts"},{"$i":"importSim2","$v":"Carte SIM"},{"$i":"importFb2","$v":"Facebook"},{"$i":"importOutlook","$v":"Outlook"},{"$i":"importGmail","$v":"Gmail"},{"$i":"fb-checking","$v":"… vérification"},{"$i":"notImportedYet","$v":"Pas encore importé"},{"$i":"otherAccount","$v":"Autres comptes"},{"$i":"afterFbImport","$v":"Vous pouvez importer et modifier vos amis Facebook à n’importe quel moment dans les paramètres de l’application Contacts"},{"$i":"firefox-accounts","$v":"Comptes Firefox"},{"$i":"fxa-upsell","innerHTML":"A Firefox Account lets you find a lost phone and buy apps from the Firefox Marketplace."},{"$i":"fxa-create-account-or-sign-in","$v":"Créer un compte ou se connecter"},{"$i":"fxa-email-sent","$v":["A verification link has been sent to ",{"t":"idOrVar","v":"email"}]},{"$i":"fxa-signed-in","$v":["Signed in as ",{"t":"idOrVar","v":"email"}]},{"$i":"about-your-rights-0","$v":[{"t":"idOrVar","v":"brandShortName"}," repose sur un logiciel libre et ouvert réalisé par une communauté de milliers de contributeurs dans le monde. Voici ce que vous devriez savoir :"]},{"$i":"about-your-rights-1","$v":[{"t":"idOrVar","v":"brandShortName"}," est fourni selon les termes de plusieurs licences libres dont la Mozilla Public License. Un appareil ",{"t":"idOrVar","v":"brandShortName"}," peut également contenir des logiciels propriétaires de tierces parties. Tout code fourni sous une licence libre vous donne le droit de le modifier et de distribuer vos versions modifiées à condition de respecter les termes de sa licence."]},{"$i":"about-your-rights-2","$v":["Il ne vous est cédé aucun droit ou licence sur les marques déposées de la Fondation Mozilla ou de tiers, y compris et sans limitation, sur le nom et le logo de ",{"t":"idOrVar","v":"brandShortName"},"."]},{"$i":"about-your-rights-3","$v":["Certaines fonctionnalités de ",{"t":"idOrVar","v":"brandShortName"},", comme le rapporteur de plantages, vous permettent de fournir un retour à Mozilla. En choisissant d’envoyer ces informations, vous donnez à Mozilla la permission d’utiliser ce retour pour améliorer ses produits, de le publier sur ses sites web et de le distribuer."]},{"$i":"about-other","$v":"Autre"},{"$i":"SIM_mandatory","$v":"Avertissement carte SIM"},{"$i":"SIM_mandatory_warm","$v":"Veuillez insérer une carte SIM et redémarrer votre téléphone."},{"$i":"telemetry-sends2","$v":["Telemetry sends Mozilla data about performance, hardware, configurations, customizations and app usage in your ",{"t":"idOrVar","v":"brandShortName"}," device. We use this to make our products better, faster and more responsive."]},{"$i":"learn-more-telemetry2","innerHTML":["Learn more at <a href=\"",{"t":"idOrVar","v":"href"},"\" class=\"",{"t":"idOrVar","v":"className"},"\">",{"t":"idOrVar","v":"textContent"},"</a>"]},{"$i":"learn-more-information2","innerHTML":["Learn how Mozilla handles your information at <a href=\"",{"t":"idOrVar","v":"href"},"\" class=\"",{"t":"idOrVar","v":"className"},"\">",{"t":"idOrVar","v":"textContent"},"</a>"]},{"$i":"htmlWelcome2","innerHTML":["Welcome to <a href=\"",{"t":"idOrVar","v":"href"},"\" class=\"",{"t":"idOrVar","v":"className"},"\">",{"t":"idOrVar","v":"textContent"},"</a>, the free and open source operating system from Mozilla. Our mission is to promote openness, innovation and opportunity by keeping the power of the Web in your hands."]},{"$i":"htmlWelcome-link","$v":[{"t":"idOrVar","v":"brandShortName"}]},{"$i":"helpImprove2","innerHTML":["You can help us improve our products and services by automatically sending analytics data. See our <a href=\"",{"t":"idOrVar","v":"href"},"\" class=\"",{"t":"idOrVar","v":"className"},"\">",{"t":"idOrVar","v":"textContent"},"</a> to learn how we handle data from your device."]},{"$i":"helpImprove-link","$v":"Privacy Notice"},{"$i":"learn-more-privacy2","innerHTML":["Learn how Mozilla handles your information in our <a href=\"",{"t":"idOrVar","v":"href"},"\" class=\"",{"t":"idOrVar","v":"className"},"\">",{"t":"idOrVar","v":"textContent"},"</a>."]},{"$i":"learn-more-privacy-link","$v":"politique de confidentialité"},{"$i":"aboutBrowser","$v":["À propos de ",{"t":"idOrVar","v":"brandShortName"}]},{"$i":"aboutYourPrivacy2","$v":"Votre vie privée"},{"$i":"mozillaCommunity2","$v":["En utilisant ",{"t":"idOrVar","v":"brandShortName"},", vous rejoignez une communauté mondiale qui œuvre à un avenir meilleur pour le Web. Si vous désirez en apprendre davantage sur la communauté Mozilla, nos autres logiciels et les évènements proches de chez vous, saisissez votre adresse électronique ci-dessous."]},{"$i":"sharePerformanceAndUsageData2","$v":"Yes! Send data."},{"$i":"emailAddress","placeholder":"Adresse électronique"},{"$i":"email-successfully-added","$v":"Adresse électronique ajoutée avec succès"},{"$i":"email-loading","$v":"Enregistrement de votre adresse électronique…"},{"$i":"privacy-b2g","$v":[{"t":"idOrVar","v":"brandShortName"}],"title":[{"t":"idOrVar","v":"brandShortName"}]},{"$i":"privacy-marketplace","$v":"Marketplace","title":[{"t":"idOrVar","v":"privacy-marketplace"}]},{"$i":"privacy-eme","$v":"EverythingMe"},{"$i":"privacy-e-me","title":[{"t":"idOrVar","v":"privacy-e-me"}]},{"$i":"navbar-back","$v":"Retour"},{"$i":"navbar-next","$v":"Suivant"},{"$i":"navbar-join","$v":"Rejoindre"},{"$i":"done","$v":"Fini"},{"$i":"thatsIt","$v":"Et voilà !"},{"$i":"startYourPhone","$v":"Visite guidée de votre téléphone"},{"$i":"startYourTablet","$v":"Visite guidée de votre tablette"},{"$i":"joinTutorial","$v":"Découvrons votre téléphone à l’aide d’un rapide tutoriel."},{"$i":"joinTutorialUpdated","$v":"Join us for a quick tutorial about the updates to your phone!"},{"$i":"enjoyYourPhone","$v":"Vous êtes prêt à profiter de votre nouveau téléphone."},{"$i":"enjoyYourPhoneUpdated","$v":"You’re ready to enjoy your updated phone."},{"$i":"optionsAvailable","$v":"Vous pouvez changer la langue, la date/l’heure et la connexion Wi-Fi dans les paramètres."},{"$i":"letsGo","$v":"C’est parti"},{"$i":"startTour","$v":"Lancer la visite"},{"$i":"thatsIt1Tablet-2","$v":"Vous pouvez à tout moment revenir à l’écran d’accueil en faisant glisser votre doigt depuis le bord inférieur de l’écran."},{"$i":"thatsIt2Tablet-2","$v":"C’est parti !"},{"$i":"tutorial","$v":"Tutorial"},{"$i":"tutorial-step1-tiny","$v":"Faites glisser de droite à gauche pour parcourir vos applications."},{"$i":"tutorial-step2-tiny","$v":"Effectuez un appui long sur une icône pour la supprimer ou la déplacer."},{"$i":"tutorial-step3-tiny","$v":"Saisissez n’importe quel mot-clé ou sujet et votre téléphone s’adaptera instantanément."},{"$i":"tutorial-step4-tiny","$v":"Faites glisser vers le bas pour afficher les dernières notifications, le solde et les paramètres."},{"$i":"tutorial-step5-tiny","$v":"Effectuez un appui long sur le bouton Accueil pour naviguer entre les applications ouvertes et pouvoir les fermer."},{"$i":"tutorial-step6-tiny","$v":"Faites glisser depuis l’un des bords latéraux de l’écran pour naviguer parmi les applications ouvertes."},{"$i":"tutorial-step1-large-3","$v":"Swipe down to access recent notifications, usage information and settings."},{"$i":"tutorial-step2-large-2","$v":"Faites glisser à gauche ou à droite pour découvrir les nouvelles applications de votre écran d’accueil."},{"$i":"tutorial-step3-large-2","$v":"Effectuez un appui long sur une icône pour la supprimer ou la déplacer."},{"$i":"tutorial-step4-large-2","$v":"Faites glisser deux doigts depuis le bas de l’écran pour afficher les applications ouvertes."},{"$i":"tutorial-vertical-scroll-v2-tiny","$v":"Swipe up and down to browse your apps and bookmarks. Tap and hold an icon to delete, move, or edit it."},{"$i":"tutorial-notifications-v2-tiny","$v":"Swipe down to access recent notifications, usage information and settings."},{"$i":"tutorial-sheets-tiny","$v":"Drag from the left edge of your screen to return to recently used apps."},{"$i":"tutorial-rocketbar-tiny","$v":"Tap on the search box anytime to start a search or go to a website."},{"$i":"tutorial-bookmarks-migration-tiny","$v":"Your bookmarks have been moved to the homescreen. When editing, tap a bookmark to edit or rename it."},{"$i":"offline-dialog-title","$v":"Vous devez être connecté à Internet pour afficher la page."},{"$i":"offline-dialog-text","$v":["Veuillez revenir en arrière et vous connecter à Internet. Vous pouvez également afficher cette page plus tard depuis l’application Paramètres ou en saisissant ",{"t":"idOrVar","v":"url"}," depuis n’importe quel navigateur web."]},{"$i":"OK","$v":"OK"},{"$i":"offline-newsletter-dialog-title","$v":"Vous devez être connecté à Internet pour vous abonner à la lettre d’information."},{"$i":"offline-newsletter-dialog-text","$v":"Veuillez revenir en arrière et vous connecter à Internet."},{"$i":"invalid-email-dialog-title","$v":"Votre adresse électronique n’est pas valide."},{"$i":"invalid-email-dialog-text","$v":"Veuillez revenir en arrière et corriger votre saisie."},{"$i":"retry","$v":"Retry"},{"$i":"cancel","$v":"Annuler"},{"$i":"progressbar","$v":["Step ",{"t":"idOrVar","v":"step"}," of ",{"t":"idOrVar","v":"total"}],"ariaLabel":"First Time Experience"},{"$i":"weekday-0-long","$v":"Dimanche"},{"$i":"weekday-1-long","$v":"Lundi"},{"$i":"weekday-2-long","$v":"Mardi"},{"$i":"weekday-3-long","$v":"Mercredi"},{"$i":"weekday-4-long","$v":"Jeudi"},{"$i":"weekday-5-long","$v":"Vendredi"},{"$i":"weekday-6-long","$v":"Samedi"},{"$i":"weekday-0-short","$v":"dim"},{"$i":"weekday-1-short","$v":"lun"},{"$i":"weekday-2-short","$v":"mar"},{"$i":"weekday-3-short","$v":"mer"},{"$i":"weekday-4-short","$v":"jeu"},{"$i":"weekday-5-short","$v":"ven"},{"$i":"weekday-6-short","$v":"sam"},{"$i":"month-0-long","$v":"Janvier"},{"$i":"month-1-long","$v":"Février"},{"$i":"month-2-long","$v":"Mars"},{"$i":"month-3-long","$v":"Avril"},{"$i":"month-4-long","$v":"Mai"},{"$i":"month-5-long","$v":"Juin"},{"$i":"month-6-long","$v":"Juillet"},{"$i":"month-7-long","$v":"Août"},{"$i":"month-8-long","$v":"Septembre"},{"$i":"month-9-long","$v":"Octobre"},{"$i":"month-10-long","$v":"Novembre"},{"$i":"month-11-long","$v":"Décembre"},{"$i":"month-0-genitive","$v":"janvier"},{"$i":"month-1-genitive","$v":"février"},{"$i":"month-2-genitive","$v":"mars"},{"$i":"month-3-genitive","$v":"avril"},{"$i":"month-4-genitive","$v":"mai"},{"$i":"month-5-genitive","$v":"juin"},{"$i":"month-6-genitive","$v":"juillet"},{"$i":"month-7-genitive","$v":"août"},{"$i":"month-8-genitive","$v":"septembre"},{"$i":"month-9-genitive","$v":"octobre"},{"$i":"month-10-genitive","$v":"novembre"},{"$i":"month-11-genitive","$v":"décembre"},{"$i":"month-0-short","$v":"jan."},{"$i":"month-1-short","$v":"fév."},{"$i":"month-2-short","$v":"mars"},{"$i":"month-3-short","$v":"avr."},{"$i":"month-4-short","$v":"mai"},{"$i":"month-5-short","$v":"juin"},{"$i":"month-6-short","$v":"juil."},{"$i":"month-7-short","$v":"août"},{"$i":"month-8-short","$v":"sep."},{"$i":"month-9-short","$v":"oct."},{"$i":"month-10-short","$v":"nov."},{"$i":"month-11-short","$v":"déc."},{"$i":"minutes-ago-long","$v":{"zero":"à l’instant","one":["il y a ",{"t":"idOrVar","v":"value"}," minute"],"two":["il y a ",{"t":"idOrVar","v":"value"}," minutes"],"few":["il y a ",{"t":"idOrVar","v":"value"}," minutes"],"many":["il y a ",{"t":"idOrVar","v":"value"}," minutes"],"other":["il y a ",{"t":"idOrVar","v":"value"}," minutes"]},"$x":[{"t":"idOrVar","v":"plural"},"value"]},{"$i":"hours-ago-long","$v":{"zero":"à l’instant","one":["il y a ",{"t":"idOrVar","v":"value"}," heure"],"two":["il y a ",{"t":"idOrVar","v":"value"}," heures"],"few":["il y a ",{"t":"idOrVar","v":"value"}," heures"],"many":["il y a ",{"t":"idOrVar","v":"value"}," heures"],"other":["il y a ",{"t":"idOrVar","v":"value"}," heures"]},"$x":[{"t":"idOrVar","v":"plural"},"value"]},{"$i":"days-ago-long","$v":{"zero":"aujourd’hui","one":"hier","two":["il y a ",{"t":"idOrVar","v":"value"}," jours"],"few":["il y a ",{"t":"idOrVar","v":"value"}," jours"],"many":["il y a ",{"t":"idOrVar","v":"value"}," jours"],"other":["il y a ",{"t":"idOrVar","v":"value"}," jours"]},"$x":[{"t":"idOrVar","v":"plural"},"value"]},{"$i":"weeks-ago-long","$v":{"zero":"cette semaine","one":"la semaine dernière","two":["il y a ",{"t":"idOrVar","v":"value"}," semaines"],"few":["il y a ",{"t":"idOrVar","v":"value"}," semaines"],"many":["il y a ",{"t":"idOrVar","v":"value"}," semaines"],"other":["il y a ",{"t":"idOrVar","v":"value"}," semaines"]},"$x":[{"t":"idOrVar","v":"plural"},"value"]},{"$i":"months-ago-long","$v":{"zero":"ce mois-ci","one":"le mois dernier","two":["il y a ",{"t":"idOrVar","v":"value"}," mois"],"few":["il y a ",{"t":"idOrVar","v":"value"}," mois"],"many":["il y a ",{"t":"idOrVar","v":"value"}," mois"],"other":["il y a ",{"t":"idOrVar","v":"value"}," mois"]},"$x":[{"t":"idOrVar","v":"plural"},"value"]},{"$i":"years-ago-long","$v":{"zero":"cette année","one":"l’année dernière","two":["il y a ",{"t":"idOrVar","v":"value"}," ans"],"few":["il y a ",{"t":"idOrVar","v":"value"}," ans"],"many":["il y a ",{"t":"idOrVar","v":"value"}," ans"],"other":["il y a ",{"t":"idOrVar","v":"value"}," ans"]},"$x":[{"t":"idOrVar","v":"plural"},"value"]},{"$i":"minutes-until-long","$v":{"zero":"maintenant","one":["dans ",{"t":"idOrVar","v":"value"}," minute"],"two":["dans ",{"t":"idOrVar","v":"value"}," minutes"],"few":["dans ",{"t":"idOrVar","v":"value"}," minutes"],"many":["dans ",{"t":"idOrVar","v":"value"}," minutes"],"other":["dans ",{"t":"idOrVar","v":"value"}," minutes"]},"$x":[{"t":"idOrVar","v":"plural"},"value"]},{"$i":"hours-until-long","$v":{"zero":"maintenant","one":["dans ",{"t":"idOrVar","v":"value"}," heure"],"two":["dans ",{"t":"idOrVar","v":"value"}," heures"],"few":["dans ",{"t":"idOrVar","v":"value"}," heures"],"many":["dans ",{"t":"idOrVar","v":"value"}," heures"],"other":["dans ",{"t":"idOrVar","v":"value"}," heures"]},"$x":[{"t":"idOrVar","v":"plural"},"value"]},{"$i":"days-until-long","$v":{"zero":"aujourd’hui","one":"demain","two":["dans ",{"t":"idOrVar","v":"value"}," jours"],"few":["dans ",{"t":"idOrVar","v":"value"}," jours"],"many":["dans ",{"t":"idOrVar","v":"value"}," jours"],"other":["dans ",{"t":"idOrVar","v":"value"}," jours"]},"$x":[{"t":"idOrVar","v":"plural"},"value"]},{"$i":"weeks-until-long","$v":{"zero":"cette semaine","one":"la semaine prochaine","two":["dans ",{"t":"idOrVar","v":"value"}," semaines"],"few":["dans ",{"t":"idOrVar","v":"value"}," semaines"],"many":["dans ",{"t":"idOrVar","v":"value"}," semaines"],"other":["dans ",{"t":"idOrVar","v":"value"}," semaines"]},"$x":[{"t":"idOrVar","v":"plural"},"value"]},{"$i":"months-until-long","$v":{"zero":"ce mois-ci","one":"le mois prochain","two":["dans ",{"t":"idOrVar","v":"value"}," mois"],"few":["dans ",{"t":"idOrVar","v":"value"}," mois"],"many":["dans ",{"t":"idOrVar","v":"value"}," mois"],"other":["dans ",{"t":"idOrVar","v":"value"}," mois"]},"$x":[{"t":"idOrVar","v":"plural"},"value"]},{"$i":"years-until-long","$v":{"zero":"cette année","one":"l’année prochaine","two":["dans ",{"t":"idOrVar","v":"value"}," ans"],"few":["dans ",{"t":"idOrVar","v":"value"}," ans"],"many":["dans ",{"t":"idOrVar","v":"value"}," ans"],"other":["dans ",{"t":"idOrVar","v":"value"}," ans"]},"$x":[{"t":"idOrVar","v":"plural"},"value"]},{"$i":"minutes-ago-short","$v":{"zero":"à l’instant","other":["il y a ",{"t":"idOrVar","v":"value"}," min"]},"$x":[{"t":"idOrVar","v":"plural"},"value"]},{"$i":"hours-ago-short","$v":{"zero":"à l’instant","other":["il y a ",{"t":"idOrVar","v":"value"},"h"]},"$x":[{"t":"idOrVar","v":"plural"},"value"]},{"$i":"days-ago-short","$v":{"zero":"aujourd’hui","other":["il y a ",{"t":"idOrVar","v":"value"},"j"]},"$x":[{"t":"idOrVar","v":"plural"},"value"]},{"$i":"minutes-until-short","$v":{"zero":"maintenant","other":["dans ",{"t":"idOrVar","v":"value"},"m"]},"$x":[{"t":"idOrVar","v":"plural"},"value"]},{"$i":"hours-until-short","$v":{"zero":"maintenant","other":["dans ",{"t":"idOrVar","v":"value"},"h"]},"$x":[{"t":"idOrVar","v":"plural"},"value"]},{"$i":"days-until-short","$v":{"zero":"aujourd’hui","other":["dans ",{"t":"idOrVar","v":"value"},"j"]},"$x":[{"t":"idOrVar","v":"plural"},"value"]},{"$i":"incorrectDate","$v":"(date incorrecte)"},{"$i":"dateTimeFormat_%c","$v":"%a %e %b %Y %H:%M:%S"},{"$i":"dateTimeFormat_%x","$v":"%d/%m/%Y"},{"$i":"dateTimeFormat_%X","$v":"%H:%M:%S"},{"$i":"shortTimeFormat","$v":"%H:%M"},{"$i":"shortTimeFormat12","$v":"%I:%M %p"},{"$i":"shortTimeFormat24","$v":"%H:%M"},{"$i":"shortDateTimeFormat","$v":"%x %H:%M"},{"$i":"weekStartsOnMonday","$v":"1"},{"$i":"time_am","$v":"AM"},{"$i":"time_pm","$v":"PM"},{"$i":"tz-region","$v":"Région"},{"$i":"tz-city","$v":"Ville"},{"$i":"tzRegion-Africa","$v":"Afrique"},{"$i":"tzRegion-America","$v":"Amérique"},{"$i":"tzRegion-Antarctica","$v":"Antarctique"},{"$i":"tzRegion-Asia","$v":"Asie"},{"$i":"tzRegion-Atlantic","$v":"Océan Atlantique"},{"$i":"tzRegion-Australia","$v":"Australie"},{"$i":"tzRegion-Europe","$v":"Europe"},{"$i":"tzRegion-Indian","$v":"Océan Indien"},{"$i":"tzRegion-Pacific","$v":"Océan Pacifique"},{"$i":"close","$v":"Fermer"},{"$i":"import","$v":"Importer"},{"$i":"update","$v":"Enreg."},{"$i":"fbFriends","$v":"Amis Facebook"},{"$i":"live-serviceName","$v":"Outlook"},{"$i":"gmail-serviceName","$v":"Gmail"},{"$i":"facebook-serviceName","$v":"Amis Facebook"},{"$i":"selectAll","$v":"Tout sélectionner"},{"$i":"deselectAll","$v":"Tout désélectionner"},{"$i":"viewAll","$v":"Afficher tous les amis Facebook"},{"$i":"viewRecommend","$v":"N’afficher que les propositions"},{"$i":"linkProposal","$v":{"zero":"Aucun ami correspondant. Affichage de la liste complète","one":"Choix restreint à une unique proposition","two":"Sélectionnez l’un des amis proposés","few":"Sélectionnez l’un des amis proposés","many":"Sélectionnez l’un des amis proposés","other":"Sélectionnez l’un des amis proposés"},"$x":[{"t":"idOrVar","v":"plural"},"numFriends"]},{"$i":"fbFriendsFound","$v":{"zero":"Tous vos amis ont été importés","one":"Un ami à importer","two":[{"t":"idOrVar","v":"numFriends"}," amis à importer"],"few":[{"t":"idOrVar","v":"numFriends"}," amis à importer"],"many":[{"t":"idOrVar","v":"numFriends"}," amis à importer"],"other":[{"t":"idOrVar","v":"numFriends"}," amis à importer"]},"$x":[{"t":"idOrVar","v":"plural"},"numFriends"]},{"$i":"fbNoFriends","$v":"No contacts available to import"},{"$i":"search-contact","placeholder":"Rechercher"},{"$i":"noResults","$v":"Aucun contact trouvé"},{"$i":"done-search","$v":"Terminé"},{"$i":"progressFB3ImportTitle","$v":"Importation des amis dans Contacts"},{"$i":"progressFB","$v":[{"t":"idOrVar","v":"current"},"/",{"t":"idOrVar","v":"total"}]},{"$i":"progressFB3UpdateTitle","$v":"Mise à jour des amis dans Contacts"},{"$i":"message2","$v":"Cela peut prendre quelques minutes"},{"$i":"messageLinking","$v":"Veuillez patienter, nous ajoutons vos amis à vos contacts."},{"$i":"messageCanceling","$v":"Veuillez patienter, nous annulons l’opération en cours."},{"$i":"error1","$v":["Erreur lors ",{"t":"idOrVar","v":"from"}]},{"$i":"error2","$v":"Voulez-vous réessayer ?"},{"$i":"errorProposal","$v":"du calcul des propositions"},{"$i":"errorFriends","$v":"de la récupération des amis"},{"$i":"errorLinking","$v":"de l’ajout des contacts"},{"$i":"timeout1","$v":["Temps d’attente dépassé pour ",{"t":"idOrVar","v":"from"}]},{"$i":"timeout2","$v":"Voulez-vous réessayer ?"},{"$i":"timeoutProposal","$v":"le calcul des propositions"},{"$i":"timeoutFriends","$v":"la récupération des amis"},{"$i":"timeoutLinking","$v":"l’ajout des contacts"},{"$i":"wait1","$v":"Veuillez patienter"},{"$i":"wait2","$v":"Cela peut prendre quelques minutes"},{"$i":"waitProposal","$v":"Veuillez patienter, nous calculons une proposition."},{"$i":"waitFriends","$v":"Veuillez patienter, nous nous connectons pour obtenir votre liste d’amis."},{"$i":"curtainCancel","$v":"Annuler"},{"$i":"curtainRetry","$v":"Réessayer"},{"$i":"curtainOK","$v":"OK"},{"$i":"connectionLost","$v":"Aucune connexion Internet"},{"$i":"connectionLostMsg","$v":"Les photos des amis ne seront pas ajoutées à vos contacts. Continuer quand même ?"},{"$i":"yesOption","$v":"OK"},{"$i":"noOption","$v":"Annuler"},{"$i":"friendsUpdated","$v":{"zero":"Aucun ami mis à jour","one":"Un ami mis à jour","two":[{"t":"idOrVar","v":"numFriends"}," amis mis à jour"],"few":[{"t":"idOrVar","v":"numFriends"}," amis mis à jour"],"many":[{"t":"idOrVar","v":"numFriends"}," amis mis à jour"],"other":[{"t":"idOrVar","v":"numFriends"}," amis mis à jour"]},"$x":[{"t":"idOrVar","v":"plural"},"numFriends"]},{"$i":"friendsMerged","$v":{"zero":"No duplicated friends merged","one":"One duplicated friend merged","two":[{"t":"idOrVar","v":"numDups"}," friends merged"],"few":[{"t":"idOrVar","v":"numDups"}," friends merged"],"many":[{"t":"idOrVar","v":"numDups"}," friends merged"],"other":[{"t":"idOrVar","v":"numDups"}," friends merged"]},"$x":[{"t":"idOrVar","v":"plural"},"numDups"]},{"$i":"notificationLogin","$v":"Votre session Facebook n’est pas valide. Veuillez vous connecter."},{"$i":"syncError","$v":"Erreur de synchro. des données des amis"}]