[{"$i":"title","$v":"Keyboard"},{"$i":"settingsPageTitle","$v":"Built-in Keyboard"},{"$i":"ok","$v":"موافق"},{"$i":"keyboardSettings","$v":"إعدادات لوحة المفاتيح                "},{"$i":"cancel","$v":"Cancel"},{"$i":"delete","$v":"Delete"},{"$i":"vibration","$v":"إهتزاز"},{"$i":"clickSound","$v":"صوت النقرة"},{"$i":"autoCorrect","$v":"التصحيح التلقائي"},{"$i":"wordSuggestion","$v":"اقتراح الكلمات"},{"$i":"userDictionary","$v":"User dictionary"},{"$i":"handwritingKeyboard","$v":"Handwriting"},{"$i":"strokeWidth","$v":"Stroke Width"},{"$i":"responseSpeed","$v":"Response Speed"},{"$i":"wordSuggestions2","ariaLabel":"Word suggestions"},{"$i":"dismiss2","ariaLabel":"Dismiss"},{"$i":"alternateLayoutKey2","ariaLabel":"more numbers and symbols"},{"$i":"basicLayoutKey2","ariaLabel":"letters"},{"$i":"upperCaseKey2","ariaLabel":"shift"},{"$i":"backSpaceKey2","ariaLabel":"delete"},{"$i":"spaceKey2","ariaLabel":"space"},{"$i":"returnKey2","ariaLabel":"return"},{"$i":"periodKey2","ariaLabel":"period"},{"$i":"commaKey2","ariaLabel":"comma"},{"$i":"colonKey2","ariaLabel":"colon"},{"$i":"semicolonKey2","ariaLabel":"semicolon"},{"$i":"questionMarkKey2","ariaLabel":"question mark"},{"$i":"exclamationPointKey2","ariaLabel":"exclamation point"},{"$i":"leftBracketKey2","ariaLabel":"left bracket"},{"$i":"rightBracketKey2","ariaLabel":"right bracket"},{"$i":"doubleQuoteKey2","ariaLabel":"double quote"},{"$i":"leftDoubleAngleQuoteKey2","ariaLabel":"left double angle quote"},{"$i":"rightDoubleAngleQuoteKey2","ariaLabel":"right double angle quote"},{"$i":"userDictionaryNoWord","$v":"No words in the user dictionary."},{"$i":"userDictionaryAddNow","$v":"Add a word now."},{"$i":"userDictionaryAddButton","ariaLabel":"add word"},{"$i":"userDictionaryAdd","$v":"Add Word"},{"$i":"userDictionaryEdit","$v":"Edit Word"},{"$i":"userDictionarySaveButton","$v":"Save"},{"$i":"userDictionaryDeleteButton","$v":"Delete"},{"$i":"userDictionaryDeletePrompt","$v":["Delete word “",{"t":"idOrVar","v":"word"},"”?"]}]