[{"$i":"back-button","ariaLabel":"Back"},{"$i":"setup-app-name-header","$v":"郵件"},{"$i":"setup-empty-account-prompt","$v":"您還沒有設定好傳送或接收電子郵件的方式。想要現在設定嗎？"},{"$i":"setup-pick-service","$v":"您需要設定好帳號才能收發電子郵件。"},{"$i":"setup-account-header3","$v":"新增帳號"},{"$i":"setup-account-enter-password","$v":"Enter Password For:"},{"$i":"setup-info-name","placeholder":"您的姓名"},{"$i":"setup-info-email","placeholder":"someone@example.com"},{"$i":"setup-info-password","placeholder":"密碼"},{"$i":"setup-info-next","$v":"下一步"},{"$i":"setup-progress-wait-msg","$v":"請稍待您的帳號設定完成"},{"$i":"setup-completed-header","$v":"郵件帳號設定"},{"$i":"setup-completed-label","$v":"已完成！"},{"$i":"setup-add-another-account","$v":"新增其他帳號"},{"$i":"setup-show-mail","$v":"繼續到郵件程式"},{"$i":"setup-error-offline","$v":"此裝置目前已離線，請連線到網路再試一次。"},{"$i":"setup-error-bad-user-or-pass2","$v":"無效的使用者名稱或密碼，請檢查有沒有打錯。"},{"$i":"setup-error-bad-address","$v":"無效的電子郵件地址，請檢查是否輸入錯誤。"},{"$i":"setup-error-not-authorized","$v":"伺服器回應您未被授權建立帳號"},{"$i":"setup-error-pop-server-not-great","$v":"伺服器不支援。該 POP3 伺服器並未實作必需的功能。"},{"$i":"setup-error-unknown2","$v":"發生未知錯誤，請檢查您的網路連線或嘗試手動設定。"},{"$i":"setup-error-needs-app-pass","$v":"您必須為啟用兩步驟驗證的 Gmail 帳號使用應用程式專用密碼"},{"$i":"setup-error-imap-disabled","$v":"您必須啟用您 Gmail 帳號的 IMAP 服務。"},{"$i":"setup-error-pop3-disabled","$v":"您必須開啟您 Gmail 帳號的 POP3 存取功能"},{"$i":"setup-error-bad-security","$v":["無法與「",{"t":"idOrVar","v":"server"},"」建立安全連線。您的網路或該伺服器可能有問題。"]},{"$i":"setup-error-unresponsive-server","$v":["無法與「",{"t":"idOrVar","v":"server"},"」建立連線，您的網路可能有問題。"]},{"$i":"setup-error-server-problem","$v":["「",{"t":"idOrVar","v":"server"},"」有點問題，請稍後再試試看。"]},{"$i":"setup-error-no-config-info","$v":"無法自動設定您的帳號，請修正您的電子郵件地址，或嘗試手動設定。"},{"$i":"setup-error-server-maintenance","$v":["「",{"t":"idOrVar","v":"server"},"」伺服器離線維護中，請稍後再試一次。"]},{"$i":"setup-error-account-already-exists","$v":"此帳號已經設定完成。"},{"$i":"setup-manual-config2","$v":"手動設定"},{"$i":"setup-manual-config-header","$v":"手動設定"},{"$i":"setup-manual-account-type","$v":"帳號類型"},{"$i":"setup-manual-account-type-select","ariaLabel":"Account type"},{"$i":"setup-manual-imap-header","$v":"IMAP 選項"},{"$i":"setup-manual-pop3-header","$v":"POP3 選項"},{"$i":"setup-manual-smtp-header","$v":"SMTP 選項"},{"$i":"setup-manual-activesync-header","$v":"ActiveSync 選項"},{"$i":"setup-manual-next","$v":"下一步"},{"$i":"setup-manual-socket","$v":"Socket 類型"},{"$i":"setup-manual-socket-ssl","$v":"SSL"},{"$i":"setup-manual-socket-starttls","$v":"STARTTLS"},{"$i":"setup-manual-socket-select","ariaLabel":"Connection security"},{"$i":"setup-manual-hostname","placeholder":"主機名稱"},{"$i":"setup-manual-port","placeholder":"Port 號碼"},{"$i":"setup-manual-username","placeholder":"使用者名稱"},{"$i":"setup-manual-activesync-username","placeholder":"Domain\\Username"},{"$i":"setup-bad-password-header","$v":"密碼錯誤！"},{"$i":"setup-bad-password","$v":"我們無法登入至伺服器。也許您的密碼錯了？"},{"$i":"setup-new-password","placeholder":"新密碼"},{"$i":"setup-fix-password","$v":"輸入新密碼並重試"},{"$i":"setup-gmail-twofactor-header","$v":"已啟用雙因素驗證"},{"$i":"setup-gmail-twofactor-message","$v":"您必須在下面輸入應用程式密碼。"},{"$i":"setup-gmail-twofactor-fix","$v":"使用者應用程式密碼"},{"$i":"setup-gmail-imap-header","$v":"IMAP 已停用"},{"$i":"setup-gmail-imap-message","$v":"您必須啟用您 Gmail 帳號的 IMAP 服務"},{"$i":"setup-gmail-imap-retry","$v":"重試"},{"$i":"setup-gmail-pop3-header","$v":"已停用 POP3"},{"$i":"setup-gmail-pop3-message","$v":"您必須開啟您 Gmail 帳號的 POP3 存取功能"},{"$i":"setup-gmail-pop3-retry","$v":"重試"},{"$i":"setup-fix-oauth2-header","$v":"Reauthorize Email"},{"$i":"setup-fix-oauth2-description","$v":"Email needs to be reauthorized to access the following account:"},{"$i":"setup-fix-oauth2-reauthorize","$v":"Reauthorize"},{"$i":"settings-main-header","$v":"郵件設定"},{"$i":"settings-sub-header-account","$v":"帳號"},{"$i":"settings-account-group","ariaLabel":"Account"},{"$i":"settings-account-name","$v":"您的姓名"},{"$i":"settings-account-display-notifications","$v":"收到新訊息時顯示通知"},{"$i":"settings-account-play-sound-onsend","$v":"Play sound after message is sent"},{"$i":"settings-empty-signature-label","$v":"Tap to Edit"},{"$i":"settings-account-signature-label","$v":"Signature"},{"$i":"settings-account-signature-textbox","ariaLabel":"Signature"},{"$i":"signature-save","$v":"Save Signature"},{"$i":"signature-discard-confirm","$v":"Discard"},{"$i":"settings-sub-header-data","$v":"數據"},{"$i":"settings-data-group","ariaLabel":"Data"},{"$i":"settings-account-check-mail","$v":"檢查新訊息"},{"$i":"settings-account-check-mail-select","ariaLabel":"Check for new messages"},{"$i":"settings-sub-header-server","$v":"伺服器設定"},{"$i":"settings-server-group","ariaLabel":"Server settings"},{"$i":"settings-account-userpass","$v":"帳號與密碼"},{"$i":"settings-account-useroauth2","$v":"Username"},{"$i":"settings-default-signature-2","$v":"Sent Using Firefox OS"},{"$i":"settings-done","$v":"完成"},{"$i":"settings-account-section","$v":"帳號"},{"$i":"settings-account-listbox","ariaLabel":"Accounts"},{"$i":"settings-account-add","$v":"新增帳號"},{"$i":"settings-account-delete","$v":"刪除帳號"},{"$i":"settings-account-delete-prompt","$v":["您確定要刪除您的 ",{"t":"idOrVar","v":"account"}," 信箱帳號嗎？如果這樣做的話，當您重新建立這個帳號時必須重新下載郵件。"]},{"$i":"settings-account-delete-cancel","$v":"取消"},{"$i":"settings-account-delete-confirm","$v":"刪除"},{"$i":"settings-account-clarify-imap","$v":[{"t":"idOrVar","v":"account-name"}," (IMAP)"]},{"$i":"settings-account-clarify-pop3","$v":[{"t":"idOrVar","v":"account-name"}," (POP3)"]},{"$i":"settings-account-clarify-smtp","$v":[{"t":"idOrVar","v":"account-name"}," (SMTP)"]},{"$i":"settings-general-section","$v":"一般設定"},{"$i":"settings-show-images","$v":"總是顯示圖片"},{"$i":"settings-download-attachments","$v":"下載附件"},{"$i":"settings-check-every-5min","$v":"每 5 分鐘"},{"$i":"settings-check-every-10min","$v":"每 10 分鐘"},{"$i":"settings-check-every-15min","$v":"每 15 分鐘"},{"$i":"settings-check-every-30min","$v":"每 30 分鐘"},{"$i":"settings-check-every-60min","$v":"每小時"},{"$i":"settings-check-every-manual","$v":"手動"},{"$i":"settings-check-dynamic","$v":{"zero":"秒","one":[{"t":"idOrVar","v":"n"}," 秒"],"two":[{"t":"idOrVar","v":"n"}," 秒"],"few":[{"t":"idOrVar","v":"n"}," 秒"],"many":[{"t":"idOrVar","v":"n"}," 秒"],"other":[{"t":"idOrVar","v":"n"}," 秒"]},"$x":[{"t":"idOrVar","v":"plural"},"n"]},{"$i":"settings-default-account","$v":"設為預設帳號"},{"$i":"settings-account-type","$v":"帳號類型"},{"$i":"settings-account-credentials","$v":"憑證"},{"$i":"settings-activesync-label","$v":"ActiveSync 選項"},{"$i":"settings-imap-label","$v":"IMAP 選項"},{"$i":"settings-pop3-label","$v":"POP3 選項"},{"$i":"settings-smtp-label","$v":"SMTP 選項"},{"$i":"settings-hostname","$v":"主機名稱"},{"$i":"settings-port","$v":"埠"},{"$i":"settings-username","$v":"使用者名稱"},{"$i":"settings-password","$v":"密碼"},{"$i":"settings-save","$v":"儲存"},{"$i":"settings-password-empty","$v":"密碼欄位不應該空白"},{"$i":"settings-reauth","$v":"Reauthorize"},{"$i":"settings-account-synchronize-window","$v":"要同步的天數"},{"$i":"settings-account-synchronize-window-select","ariaLabel":"Days to sync"},{"$i":"settings-synchronize-auto","$v":"自動"},{"$i":"settings-synchronize-one-day","$v":"1 天"},{"$i":"settings-synchronize-three-days","$v":"3 天"},{"$i":"settings-synchronize-one-week","$v":"1 週"},{"$i":"settings-synchronize-two-weeks","$v":"2 週"},{"$i":"settings-synchronize-one-month","$v":"1 個月"},{"$i":"settings-synchronize-all","$v":"所有訊息"},{"$i":"envelope-from","$v":"寄件者"},{"$i":"envelope-to","$v":"收件者"},{"$i":"envelope-cc","$v":"副本"},{"$i":"envelope-bcc","$v":"密件副本"},{"$i":"compose-header","$v":"撰寫訊息"},{"$i":"compose-header-short","$v":"撰寫"},{"$i":"compose-send","$v":"傳送"},{"$i":"compose-to","$v":"到"},{"$i":"compose-cc","$v":"副本"},{"$i":"compose-bcc","$v":"密件副本"},{"$i":"compose-attachments","$v":{"zero":"附件","one":[{"t":"idOrVar","v":"n"}," 個附件"],"two":[{"t":"idOrVar","v":"n"}," 個附件"],"few":[{"t":"idOrVar","v":"n"}," 個附件"],"many":[{"t":"idOrVar","v":"n"}," 個附件"],"other":[{"t":"idOrVar","v":"n"}," 個附件"]},"$x":[{"t":"idOrVar","v":"plural"},"n"]},{"$i":"compose-attachment-still-working","$v":"One moment, still working on the previous attachment..."},{"$i":"compose-subject","$v":"主旨"},{"$i":"compose-draft-save","$v":"儲存為本機草稿"},{"$i":"compose-discard-confirm","$v":"捨棄"},{"$i":"compose-send-message-failed","$v":"郵件寄送失敗"},{"$i":"composer-attachment-large","$v":"附件太大"},{"$i":"composer-attachments-large","$v":"附件太大"},{"$i":"compose-attchment-size-exceeded","$v":"所選的附件太大，無法與此訊息一起傳送。"},{"$i":"compose-attchments-size-exceeded","$v":"預設媒體位置"},{"$i":"dialog-button-ok","$v":"確定"},{"$i":"default-attachment-filename","$v":["附件 ",{"t":"idOrVar","v":"n"}]},{"$i":"attachment-size-kib","$v":[{"t":"idOrVar","v":"kilobytes"},"K"]},{"$i":"message-attachment-view","$v":"View"},{"$i":"message-attachment-too-large","$v":"This file is too large to download."},{"$i":"message-no-subject","$v":"(無主旨)"},{"$i":"message-edit-menu-edit","$v":"Edit"},{"$i":"message-edit-menu-delete","$v":"刪除"},{"$i":"message-edit-delete-confirm","$v":"刪除電子郵件訊息？"},{"$i":"message-send-attachment-disabled-confirm","$v":"無法轉寄附件。"},{"$i":"message-multiedit-header","$v":{"zero":"編輯","one":["已選擇 ",{"t":"idOrVar","v":"n"}," 封"],"two":["已選擇 ",{"t":"idOrVar","v":"n"}," 封"],"few":["已選擇 ",{"t":"idOrVar","v":"n"}," 封"],"many":["已選擇 ",{"t":"idOrVar","v":"n"}," 封"],"other":["已選擇 ",{"t":"idOrVar","v":"n"}," 封"]},"$x":[{"t":"idOrVar","v":"plural"},"n"]},{"$i":"browse-to-url-prompt","$v":["瀏覽網址：",{"t":"idOrVar","v":"url"}," ？"]},{"$i":"message-download-images-tap","$v":{"one":"This email contains one image. Tap to download.","two":["This email contains ",{"t":"idOrVar","v":"n"}," images. Tap to download."],"few":["This email contains ",{"t":"idOrVar","v":"n"}," images. Tap to download."],"many":["This email contains ",{"t":"idOrVar","v":"n"}," images. Tap to download."],"other":["This email contains ",{"t":"idOrVar","v":"n"}," images. Tap to download."]},"$x":[{"t":"idOrVar","v":"plural"},"n"]},{"$i":"message-show-external-images","$v":"顯示外部圖片"},{"$i":"message-multiedit-cancel","$v":"取消"},{"$i":"message-multiedit-delete-confirm","$v":{"one":"刪除此電子郵件訊息？","two":["刪除 ",{"t":"idOrVar","v":"n"}," 封電子郵件訊息？"],"few":["刪除 ",{"t":"idOrVar","v":"n"}," 封電子郵件訊息？"],"many":["刪除 ",{"t":"idOrVar","v":"n"}," 封電子郵件訊息？"],"other":["刪除 ",{"t":"idOrVar","v":"n"}," 封電子郵件訊息？"]},"$x":[{"t":"idOrVar","v":"plural"},"n"]},{"$i":"message-large-message-cancel","$v":"取消"},{"$i":"message-large-message-ok","$v":"繼續"},{"$i":"message-large-message-confirm","$v":"這封訊息比較大，可能需要一點時間下載。"},{"$i":"message-search-from","$v":"從"},{"$i":"message-search-to","$v":"到"},{"$i":"message-search-subject","$v":"主旨"},{"$i":"message-search-body","$v":"內文"},{"$i":"message-search-all","$v":"全部"},{"$i":"message-search-input","placeholder":"搜尋郵件"},{"$i":"message-search-cancel","$v":"Cancel"},{"$i":"messages-syncing","$v":"正在載入訊息"},{"$i":"messages-load-more","$v":"Load More Messages"},{"$i":"messages-folder-empty","$v":"此資料夾中沒有郵件"},{"$i":"messages-search-empty","$v":"無法在本機快取訊息中找到"},{"$i":"messages-folder-select","$v":"選擇資料夾"},{"$i":"messages-folder-unread-max","$v":"999+"},{"$i":"message-contact-menu-create","$v":"儲存為新聯絡人"},{"$i":"message-contact-menu-add-existing","$v":"新增到現有聯絡人資料"},{"$i":"message-contact-menu-view","$v":"檢視聯絡人"},{"$i":"message-contact-menu-reply","$v":"回覆"},{"$i":"message-contact-menu-new","$v":"傳送新郵件"},{"$i":"message-reply-menu-reply","$v":"回覆"},{"$i":"message-reply-menu-reply-all","$v":"回覆全部"},{"$i":"message-reply-menu-forward","$v":"轉寄"},{"$i":"message-reply-menu-cancel","$v":"取消"},{"$i":"reply-quoting-wrote","$v":"{name} 提道"},{"$i":"forward-original-message","$v":"原始訊息"},{"$i":"forward-header-subject","$v":"主旨"},{"$i":"forward-header-date","$v":"日期"},{"$i":"forward-header-from","$v":"寄件者"},{"$i":"forward-header-reply-to","$v":"回函位址"},{"$i":"forward-header-to","$v":"收件者"},{"$i":"forward-header-cc","$v":"副本"},{"$i":"folder-inbox","$v":"收件匣"},{"$i":"folder-sent","$v":"寄件備份"},{"$i":"folder-drafts","$v":"草稿"},{"$i":"folder-trash","$v":"垃圾桶"},{"$i":"folder-queue","$v":"未寄出"},{"$i":"folder-junk","$v":"垃圾郵件"},{"$i":"folder-archives","$v":"備存"},{"$i":"folder-localdrafts","$v":"本機草稿"},{"$i":"folder-outbox","$v":"Outbox"},{"$i":"drawer-back","$v":"Back"},{"$i":"drawer-accounts-header","$v":"Accounts"},{"$i":"drawer-settings-link","$v":"Settings"},{"$i":"folder-last-synced-label","$v":"Last sync:"},{"$i":"message-list-top-action","$v":"Top"},{"$i":"toaster-undo","$v":"復原"},{"$i":"toaster-message-star","$v":{"one":"已為一封訊息加上標示","two":["已為 ",{"t":"idOrVar","v":"n"}," 封訊息加上標示"],"few":["已為 ",{"t":"idOrVar","v":"n"}," 封訊息加上標示"],"many":["已為 ",{"t":"idOrVar","v":"n"}," 封訊息加上標示"],"other":["已為 ",{"t":"idOrVar","v":"n"}," 封訊息加上標示"]},"$x":[{"t":"idOrVar","v":"plural"},"n"]},{"$i":"toaster-message-unstar","$v":{"one":"已為一封訊息移除標示","two":["已為 ",{"t":"idOrVar","v":"n"}," 封訊息移除標示"],"few":["已為 ",{"t":"idOrVar","v":"n"}," 封訊息移除標示"],"many":["已為 ",{"t":"idOrVar","v":"n"}," 封訊息移除標示"],"other":["已為 ",{"t":"idOrVar","v":"n"}," 封訊息移除標示"]},"$x":[{"t":"idOrVar","v":"plural"},"n"]},{"$i":"toaster-message-read","$v":{"one":"已將一封訊息標為已讀","two":["已將 ",{"t":"idOrVar","v":"n"}," 封訊息標為已讀"],"few":["已將 ",{"t":"idOrVar","v":"n"}," 封訊息標為已讀"],"many":["已將 ",{"t":"idOrVar","v":"n"}," 封訊息標為已讀"],"other":["已將 ",{"t":"idOrVar","v":"n"}," 封訊息標為已讀"]},"$x":[{"t":"idOrVar","v":"plural"},"n"]},{"$i":"toaster-message-unread","$v":{"one":"已將一封訊息標為未讀","two":["已將 ",{"t":"idOrVar","v":"n"}," 封訊息標為未讀"],"few":["已將 ",{"t":"idOrVar","v":"n"}," 封訊息標為未讀"],"many":["已將 ",{"t":"idOrVar","v":"n"}," 封訊息標為未讀"],"other":["已將 ",{"t":"idOrVar","v":"n"}," 封訊息標為未讀"]},"$x":[{"t":"idOrVar","v":"plural"},"n"]},{"$i":"toaster-message-move","$v":{"one":"已移動一封訊息","two":["已移動 ",{"t":"idOrVar","v":"n"}," 封訊息"],"few":["已移動 ",{"t":"idOrVar","v":"n"}," 封訊息"],"many":["已移動 ",{"t":"idOrVar","v":"n"}," 封訊息"],"other":["已移動 ",{"t":"idOrVar","v":"n"}," 封訊息"]},"$x":[{"t":"idOrVar","v":"plural"},"n"]},{"$i":"toaster-message-delete","$v":{"one":"已刪除一封訊息","two":["已刪除 ",{"t":"idOrVar","v":"n"}," 封訊息"],"few":["已刪除 ",{"t":"idOrVar","v":"n"}," 封訊息"],"many":["已刪除 ",{"t":"idOrVar","v":"n"}," 封訊息"],"other":["已刪除 ",{"t":"idOrVar","v":"n"}," 封訊息"]},"$x":[{"t":"idOrVar","v":"plural"},"n"]},{"$i":"toaster-retryable-syncfailed","$v":"無法連接伺服器"},{"$i":"compose-invalid-addresses-title","$v":"Invalid Addresses"},{"$i":"compose-invalid-addresses-description","$v":"Your message contains one or more invalid email addresses. Please correct them before sending."},{"$i":"background-send-pending","$v":"Network unavailable. Email saved to outbox."},{"$i":"background-send-sending","$v":"Sending mail…"},{"$i":"background-send-success","$v":"Email sent."},{"$i":"background-send-error","$v":"Error occurred. Email saved to outbox."},{"$i":"background-send-error-recipients","$v":"Recipient error. Email saved to outbox."},{"$i":"background-send-error-title","$v":"Mail failed to send"},{"$i":"send-failure-recipients","$v":"Check the spelling of the addresses above. Your mail server indicated one or more of the addresses above are incorrect."},{"$i":"send-failure-unknown","$v":"The message could not be sent."},{"$i":"form-clear-input","$v":"移除文字"},{"$i":"confirm-dialog-title","$v":"確認"},{"$i":"senders-separation-sign","$v":", "},{"$i":"new-messages","$v":{"one":"1 New Message","two":[{"t":"idOrVar","v":"n"}," New Messages"],"few":[{"t":"idOrVar","v":"n"}," New Messages"],"many":[{"t":"idOrVar","v":"n"}," New Messages"],"other":[{"t":"idOrVar","v":"n"}," New Messages"]},"$x":[{"t":"idOrVar","v":"plural"},"n"]},{"$i":"new-emails-notify-one-account","$v":{"one":"1 封新郵件","two":[{"t":"idOrVar","v":"n"}," 封新郵件"],"few":[{"t":"idOrVar","v":"n"}," 封新郵件"],"many":[{"t":"idOrVar","v":"n"}," 封新郵件"],"other":[{"t":"idOrVar","v":"n"}," 封新郵件"]},"$x":[{"t":"idOrVar","v":"plural"},"n"]},{"$i":"new-emails-notify-multiple-accounts","$v":{"one":["1 封新郵件 (",{"t":"idOrVar","v":"accountName"},")"],"two":[{"t":"idOrVar","v":"n"}," 封新郵件 (",{"t":"idOrVar","v":"accountName"},")"],"few":[{"t":"idOrVar","v":"n"}," 封新郵件 (",{"t":"idOrVar","v":"accountName"},")"],"many":[{"t":"idOrVar","v":"n"}," 封新郵件 (",{"t":"idOrVar","v":"accountName"},")"],"other":[{"t":"idOrVar","v":"n"}," 封新郵件 (",{"t":"idOrVar","v":"accountName"},")"]},"$x":[{"t":"idOrVar","v":"plural"},"n"]},{"$i":"new-emails-notify-multiple-accounts-body","$v":[{"t":"idOrVar","v":"from"}," “",{"t":"idOrVar","v":"subject"},"”"]},{"$i":"weekday-0-long","$v":"星期日"},{"$i":"weekday-1-long","$v":"星期一"},{"$i":"weekday-2-long","$v":"星期二"},{"$i":"weekday-3-long","$v":"星期三"},{"$i":"weekday-4-long","$v":"星期四"},{"$i":"weekday-5-long","$v":"星期五"},{"$i":"weekday-6-long","$v":"星期六"},{"$i":"weekday-0-short","$v":"週日"},{"$i":"weekday-1-short","$v":"週一"},{"$i":"weekday-2-short","$v":"週二"},{"$i":"weekday-3-short","$v":"週三"},{"$i":"weekday-4-short","$v":"週四"},{"$i":"weekday-5-short","$v":"週五"},{"$i":"weekday-6-short","$v":"週六"},{"$i":"month-0-long","$v":"一月"},{"$i":"month-1-long","$v":"二月"},{"$i":"month-2-long","$v":"三月"},{"$i":"month-3-long","$v":"四月"},{"$i":"month-4-long","$v":"五月"},{"$i":"month-5-long","$v":"六月"},{"$i":"month-6-long","$v":"七月"},{"$i":"month-7-long","$v":"八月"},{"$i":"month-8-long","$v":"九月"},{"$i":"month-9-long","$v":"十月"},{"$i":"month-10-long","$v":"十一月"},{"$i":"month-11-long","$v":"十二月"},{"$i":"month-0-genitive","$v":"1 月"},{"$i":"month-1-genitive","$v":"2 月"},{"$i":"month-2-genitive","$v":"3 月"},{"$i":"month-3-genitive","$v":"4 月"},{"$i":"month-4-genitive","$v":"5 月"},{"$i":"month-5-genitive","$v":"6 月"},{"$i":"month-6-genitive","$v":"7 月"},{"$i":"month-7-genitive","$v":"8 月"},{"$i":"month-8-genitive","$v":"9 月"},{"$i":"month-9-genitive","$v":"10 月"},{"$i":"month-10-genitive","$v":"11 月"},{"$i":"month-11-genitive","$v":"12 月"},{"$i":"month-0-short","$v":"1 月"},{"$i":"month-1-short","$v":"2 月"},{"$i":"month-2-short","$v":"3 月"},{"$i":"month-3-short","$v":"4 月"},{"$i":"month-4-short","$v":"5 月"},{"$i":"month-5-short","$v":"6 月"},{"$i":"month-6-short","$v":"7 月"},{"$i":"month-7-short","$v":"8 月"},{"$i":"month-8-short","$v":"9 月"},{"$i":"month-9-short","$v":"10 月"},{"$i":"month-10-short","$v":"11 月"},{"$i":"month-11-short","$v":"12 月"},{"$i":"minutes-ago-long","$v":{"zero":"剛剛","one":"1 分鐘前","two":[{"t":"idOrVar","v":"value"}," 分鐘前"],"few":[{"t":"idOrVar","v":"value"}," 分鐘前"],"many":[{"t":"idOrVar","v":"value"}," 分鐘前"],"other":[{"t":"idOrVar","v":"value"}," 分鐘前"]},"$x":[{"t":"idOrVar","v":"plural"},"value"]},{"$i":"hours-ago-long","$v":{"zero":"剛剛","one":"1 小時前","two":[{"t":"idOrVar","v":"value"}," 小時前"],"few":[{"t":"idOrVar","v":"value"}," 小時前"],"many":[{"t":"idOrVar","v":"value"}," 小時前"],"other":[{"t":"idOrVar","v":"value"}," 小時前"]},"$x":[{"t":"idOrVar","v":"plural"},"value"]},{"$i":"days-ago-long","$v":{"zero":"今天","one":"昨天","two":[{"t":"idOrVar","v":"value"}," 天前"],"few":[{"t":"idOrVar","v":"value"}," 天前"],"many":[{"t":"idOrVar","v":"value"}," 天前"],"other":[{"t":"idOrVar","v":"value"}," 天前"]},"$x":[{"t":"idOrVar","v":"plural"},"value"]},{"$i":"weeks-ago-long","$v":{"zero":"本週","one":"上週","two":[{"t":"idOrVar","v":"value"}," 週前"],"few":[{"t":"idOrVar","v":"value"}," 週前"],"many":[{"t":"idOrVar","v":"value"}," 週前"],"other":[{"t":"idOrVar","v":"value"}," 週前"]},"$x":[{"t":"idOrVar","v":"plural"},"value"]},{"$i":"months-ago-long","$v":{"zero":"本月","one":"上月","two":[{"t":"idOrVar","v":"value"}," 月前"],"few":[{"t":"idOrVar","v":"value"}," 月前"],"many":[{"t":"idOrVar","v":"value"}," 月前"],"other":[{"t":"idOrVar","v":"value"}," 月前"]},"$x":[{"t":"idOrVar","v":"plural"},"value"]},{"$i":"years-ago-long","$v":{"zero":"今年","one":"去年","two":[{"t":"idOrVar","v":"value"}," 年前"],"few":[{"t":"idOrVar","v":"value"}," 年前"],"many":[{"t":"idOrVar","v":"value"}," 年前"],"other":[{"t":"idOrVar","v":"value"}," 年前"]},"$x":[{"t":"idOrVar","v":"plural"},"value"]},{"$i":"minutes-until-long","$v":{"zero":"現在","one":"1 分鐘內","two":[{"t":"idOrVar","v":"value"}," 分鐘內"],"few":[{"t":"idOrVar","v":"value"}," 分鐘內"],"many":[{"t":"idOrVar","v":"value"}," 分鐘內"],"other":[{"t":"idOrVar","v":"value"}," 分鐘內"]},"$x":[{"t":"idOrVar","v":"plural"},"value"]},{"$i":"hours-until-long","$v":{"zero":"現在","one":"1 小時內","two":[{"t":"idOrVar","v":"value"}," 小時前"],"few":[{"t":"idOrVar","v":"value"}," 小時前"],"many":[{"t":"idOrVar","v":"value"}," 小時前"],"other":[{"t":"idOrVar","v":"value"}," 小時前"]},"$x":[{"t":"idOrVar","v":"plural"},"value"]},{"$i":"days-until-long","$v":{"zero":"今天","one":"明天","two":[{"t":"idOrVar","v":"value"}," 天內"],"few":[{"t":"idOrVar","v":"value"}," 天內"],"many":[{"t":"idOrVar","v":"value"}," 天內"],"other":[{"t":"idOrVar","v":"value"}," 天內"]},"$x":[{"t":"idOrVar","v":"plural"},"value"]},{"$i":"weeks-until-long","$v":{"zero":"本週","one":"下週","two":[{"t":"idOrVar","v":"value"}," 週內"],"few":[{"t":"idOrVar","v":"value"}," 週內"],"many":[{"t":"idOrVar","v":"value"}," 週內"],"other":[{"t":"idOrVar","v":"value"}," 週內"]},"$x":[{"t":"idOrVar","v":"plural"},"value"]},{"$i":"months-until-long","$v":{"zero":"本月","one":"下月","two":[{"t":"idOrVar","v":"value"}," 月內"],"few":[{"t":"idOrVar","v":"value"}," 月內"],"many":[{"t":"idOrVar","v":"value"}," 月內"],"other":[{"t":"idOrVar","v":"value"}," 月內"]},"$x":[{"t":"idOrVar","v":"plural"},"value"]},{"$i":"years-until-long","$v":{"zero":"今年","one":"明年","two":[{"t":"idOrVar","v":"value"}," 年內"],"few":[{"t":"idOrVar","v":"value"}," 年內"],"many":[{"t":"idOrVar","v":"value"}," 年內"],"other":[{"t":"idOrVar","v":"value"}," 年內"]},"$x":[{"t":"idOrVar","v":"plural"},"value"]},{"$i":"minutes-ago-short","$v":{"zero":"剛剛","other":[{"t":"idOrVar","v":"value"}," 分前"]},"$x":[{"t":"idOrVar","v":"plural"},"value"]},{"$i":"hours-ago-short","$v":{"zero":"剛剛","other":[{"t":"idOrVar","v":"value"}," 時前"]},"$x":[{"t":"idOrVar","v":"plural"},"value"]},{"$i":"days-ago-short","$v":{"zero":"今天","other":[{"t":"idOrVar","v":"value"}," 天前"]},"$x":[{"t":"idOrVar","v":"plural"},"value"]},{"$i":"minutes-until-short","$v":{"zero":"現在","other":[{"t":"idOrVar","v":"value"}," 分內"]},"$x":[{"t":"idOrVar","v":"plural"},"value"]},{"$i":"hours-until-short","$v":{"zero":"現在","other":[{"t":"idOrVar","v":"value"}," 時內"]},"$x":[{"t":"idOrVar","v":"plural"},"value"]},{"$i":"days-until-short","$v":{"zero":"今天","other":[{"t":"idOrVar","v":"value"}," 天內"]},"$x":[{"t":"idOrVar","v":"plural"},"value"]},{"$i":"incorrectDate","$v":"（日期不正確）"},{"$i":"dateTimeFormat_%c","$v":"%Y年%b%d日 %a %p %I:%M:%S"},{"$i":"dateTimeFormat_%x","$v":"%Y/%m/%d"},{"$i":"dateTimeFormat_%X","$v":"%p %I:%M:%S"},{"$i":"shortTimeFormat","$v":"%p %I:%M"},{"$i":"shortTimeFormat12","$v":"%I:%M %p"},{"$i":"shortTimeFormat24","$v":"%H:%M"},{"$i":"shortDateTimeFormat","$v":"%x %p %I:%M"},{"$i":"weekStartsOnMonday","$v":"1"},{"$i":"time_am","$v":"上午"},{"$i":"time_pm","$v":"下午"}]