[{"$i":"music","$v":"Music"},{"$i":"mix","$v":"Mix"},{"$i":"playlists","$v":"Playlist"},{"$i":"artists","$v":"Artists"},{"$i":"albums","$v":"Albums"},{"$i":"songs","$v":"Songs"},{"$i":"more","$v":"More"},{"$i":"songArtist","$v":"Song artist"},{"$i":"songAlbum","$v":"Song album"},{"$i":"unknownArtist","$v":"Unknown artist"},{"$i":"unknownAlbum","$v":"Unknown album"},{"$i":"unknownTitle","$v":"Unknown title"},{"$i":"empty-title","$v":"Add songs to get started"},{"$i":"empty-text","$v":"Load songs on to the memory card."},{"$i":"nocard2-title","$v":"No memory card found"},{"$i":"nocard3-text","$v":"Insert a memory card to listen to songs."},{"$i":"pluggedin-title","$v":"Music can not be used while phone is plugged in"},{"$i":"pluggedin-text","$v":"Unplug the phone to play music."},{"$i":"upgrade-title","$v":"Database Upgrade"},{"$i":"upgrade-text","$v":"Please wait while Music updates its database."},{"$i":"search-music","placeholder":"Search Music"},{"$i":"search-cancel","$v":"Cancel"},{"$i":"search-artists","$v":"Artists"},{"$i":"search-albums","$v":"Albums"},{"$i":"search-titles","$v":"Tracks"},{"$i":"search-close","$v":"close"},{"$i":"playlists-shuffle-all","$v":"Shuffle all"},{"$i":"playlists-highest-rated","$v":"Highest rated"},{"$i":"playlists-recently-added","$v":"Recently added"},{"$i":"playlists-most-played","$v":"Most played"},{"$i":"playlists-least-played","$v":"Least played"},{"$i":"picker-title","$v":"Select a track"},{"$i":"save","$v":"Save"},{"$i":"saved","$v":["Saved ",{"t":"idOrVar","v":"title"}," to Music"]},{"$i":"audioinvalid","$v":"Audio cannot be played: format is unsupported or file is invalid."},{"$i":"overlay-cancel-button","$v":"Cancel"},{"$i":"music-paused-notification","$v":"Music paused during the call"},{"$i":"done","$v":"Done"}]