[{"$i":"music","$v":"Musique"},{"$i":"mix","$v":"Mix"},{"$i":"playlists","$v":"Liste de lecture"},{"$i":"artists","$v":"Artistes"},{"$i":"albums","$v":"Albums"},{"$i":"songs","$v":"Chansons"},{"$i":"more","$v":"Plus"},{"$i":"songArtist","$v":"Artiste"},{"$i":"songAlbum","$v":"Album"},{"$i":"unknownArtist","$v":"Artiste inconnu"},{"$i":"unknownAlbum","$v":"Album inconnu"},{"$i":"unknownTitle","$v":"Titre inconnu"},{"$i":"empty-title","$v":"Vous pouvez dès à présent commencer à ajouter des chansons"},{"$i":"empty-text","$v":"Chargez des chansons sur la carte mémoire."},{"$i":"nocard2-title","$v":"Aucune carte mémoire"},{"$i":"nocard3-text","$v":"Pour écouter de la musique, insérez une carte mémoire."},{"$i":"pluggedin-title","$v":"L’application Musique ne peut pas être utilisée tant que le téléphone est branché"},{"$i":"pluggedin-text","$v":"Pour écouter de la musique, débranchez le téléphone."},{"$i":"upgrade-title","$v":"Mise à jour base de données"},{"$i":"upgrade-text","$v":"Veuillez patienter pendant que Musique met à jour sa base de données."},{"$i":"search-music","placeholder":"Rechercher"},{"$i":"search-cancel","$v":"Annuler"},{"$i":"search-artists","$v":"Artistes"},{"$i":"search-albums","$v":"Albums"},{"$i":"search-titles","$v":"Pistes"},{"$i":"search-close","$v":"fermer"},{"$i":"playlists-shuffle-all","$v":"Lecture aléatoire"},{"$i":"playlists-highest-rated","$v":"Les mieux notées"},{"$i":"playlists-recently-added","$v":"Ajoutées récemment"},{"$i":"playlists-most-played","$v":"Les plus écoutées"},{"$i":"playlists-least-played","$v":"Les moins écoutées"},{"$i":"picker-title","$v":"Sélectionner une piste"},{"$i":"save","$v":"Enregistrer"},{"$i":"saved","$v":[{"t":"idOrVar","v":"title"}," enregistré dans Musique"]},{"$i":"audioinvalid","$v":"Impossible de lire l’audio : le format n’est pas pris en charge ou le fichier n’est pas valide."},{"$i":"overlay-cancel-button","$v":"Annuler"},{"$i":"music-paused-notification","$v":"Musique mise en pause durant l’appel"},{"$i":"done","$v":"Done"}]