[{"$i":"waitDuplicateContacts","$v":"جارِ البحث عن جهات الإتصال المكررة"},{"$i":"waitMergingDuplicateContacts","$v":"دمج جهات الإتصال المكررة"},{"$i":"alertNoDuplicateContacts","$v":"لا توجد جهات إتصال مكررة"},{"$i":"curtainCancel","$v":"إلغاء"},{"$i":"merge","ariaLabel":"Merge"},{"$i":"close","$v":"إغلاق"},{"$i":"mergeDuplicateTitle","$v":"دمج التكرارات"},{"$i":"suggestedDuplicateContacts","$v":["إقتراحات جهات الاتصال المكررة ل ",{"t":"idOrVar","v":"name"}]},{"$i":"mergeActionButtonLabel","$v":{"zero":"لا توجد جهات إتصال محددة","one":"دمج مع جهة إتصال","other":["دمج مع ",{"t":"idOrVar","v":"n"}," جهة إتصال"]},"$x":[{"t":"idOrVar","v":"plural"},"n"]},{"$i":"duplicatesFoundTitle","$v":"عثّر على تكرارات"},{"$i":"duplicatesFoundMessage","$v":[{"t":"idOrVar","v":"name"}," معلومات مكررة في جهات الإتصال التالية"]},{"$i":"ok","$v":"موافق"},{"$i":"import","$v":"استيراد"},{"$i":"update","$v":"تحديث"},{"$i":"fbFriends","$v":"اصدقاء الفيسبوك"},{"$i":"live-serviceName","$v":"Outlook"},{"$i":"gmail-serviceName","$v":"Gmail"},{"$i":"facebook-serviceName","$v":"اصدقاء الفيسبوك"},{"$i":"selectAll","$v":"Select all"},{"$i":"deselectAll","$v":"إلغاء اختيار الكل"},{"$i":"viewAll","$v":"عرض جميع اصدقاء الفيسبوك"},{"$i":"viewRecommend","$v":"عرض الموصى به فقط"},{"$i":"linkProposal","$v":{"zero":"لا يوجد نتائج. إظهار الكل.","one":"إختيار المُوصى به","two":"إختيار أحد المُوصى به","few":"إختيار أحد المُوصى به","many":"اختر احد المُوصى به","other":"اختر احد المُوصى به"},"$x":[{"t":"idOrVar","v":"plural"},"numFriends"]},{"$i":"fbFriendsFound","$v":{"zero":"تم استيراد جميع اصدقائك","one":"تم إيجاد صديق واحد للاستيراد","two":["تم العثور على ",{"t":"idOrVar","v":"numFriends"}," اصدقاء للاستيراد"],"few":["تم العثور على ",{"t":"idOrVar","v":"numFriends"}," اصدقاء للاستيراد"],"many":["تم العثور على ",{"t":"idOrVar","v":"numFriends"}," اصدقاء للاستيراد"],"other":["تم العثور على ",{"t":"idOrVar","v":"numFriends"}," اصدقاء للاستيراد"]},"$x":[{"t":"idOrVar","v":"plural"},"numFriends"]},{"$i":"fbNoFriends","$v":"No contacts available to import"},{"$i":"facebook","$v":"الفيسبوك"},{"$i":"search-contact","placeholder":"بحث"},{"$i":"noResults","$v":"لم يتم العثور على جهة اتصال"},{"$i":"done-search","$v":"تم"},{"$i":"progressFB3ImportTitle","$v":"استيراد الاصدقاء إلى الاسماء"},{"$i":"progressFB","$v":[{"t":"idOrVar","v":"current"},"/",{"t":"idOrVar","v":"total"}]},{"$i":"progressFB3UpdateTitle","$v":"جارِ تحديث الاصدقاء في الاسماء"},{"$i":"message2","$v":"ربما يتطلب عدة دقائق"},{"$i":"messageLinking","$v":"الرجاء الانتظار. جارِ ربط اصدقائك وجهات اتصالك"},{"$i":"messageCanceling","$v":"Please hold on. We are canceling the ongoing operation."},{"$i":"error1","$v":["خطأ ",{"t":"idOrVar","v":"from"}]},{"$i":"error2","$v":"هل تريد المحاولة مرة أخرى؟"},{"$i":"errorProposal","$v":"جارِ حساب المقترحات"},{"$i":"errorFriends","$v":"استرجاع الأصدقاء"},{"$i":"errorLinking","$v":"جارِ ربط جهة الاتصال "},{"$i":"timeout1","$v":[{"t":"idOrVar","v":"from"}," تجاوز المهلة"]},{"$i":"timeout2","$v":"هل تريد المحاولة مرة أخرى؟"},{"$i":"timeoutProposal","$v":"جارِ حساب المقترحات"},{"$i":"timeoutFriends","$v":"استرجاع الأصدقاء"},{"$i":"timeoutLinking","$v":"جارِ ربط جهات الاتصال"},{"$i":"wait1","$v":"الرجاء الانتظار"},{"$i":"wait2","$v":"ربما يتطلب عدة دقائق"},{"$i":"waitProposal","$v":"الرجاء الانتظار. نقوم بحساب المقترح."},{"$i":"waitFriends","$v":"انتظر، نقوم حاليا بالاتصال لجلب قائمة اصدقائك"},{"$i":"curtainRetry","$v":"محاولة مرة أخرى"},{"$i":"curtainOK","$v":"OK"},{"$i":"connectionLost","$v":"No Internet connection"},{"$i":"connectionLostMsg","$v":"Friends’ photos will not be added to your contacts. Continue anyway?"},{"$i":"yesOption","$v":"OK"},{"$i":"noOption","$v":"إلغاء"},{"$i":"friendsUpdated","$v":{"zero":"لم يتم تحديث أي صديق","one":"تم تحديث صديق واحد","two":["تم تحديث ",{"t":"idOrVar","v":"numFriends"}," أصدقاء"],"few":["تم تحديث ",{"t":"idOrVar","v":"numFriends"}," أصدقاء"],"many":["تم تحديث ",{"t":"idOrVar","v":"numFriends"}," أصدقاء"],"other":["تم تحديث ",{"t":"idOrVar","v":"numFriends"}," أصدقاء"]},"$x":[{"t":"idOrVar","v":"plural"},"numFriends"]},{"$i":"friendsMerged","$v":{"zero":"No duplicated friends merged","one":"One duplicated friend merged","two":[{"t":"idOrVar","v":"numDups"}," friends merged"],"few":[{"t":"idOrVar","v":"numDups"}," friends merged"],"many":[{"t":"idOrVar","v":"numDups"}," friends merged"],"other":[{"t":"idOrVar","v":"numDups"}," friends merged"]},"$x":[{"t":"idOrVar","v":"plural"},"numDups"]},{"$i":"notificationLogin","$v":"جلسة الفيسبوك انتهت. الرجاء تسجيل الدخول."},{"$i":"syncError","$v":"حدث خطأ في تزامن بيانات اصدقائك"},{"$i":"gaia-menu-cancel","$v":"Cancel"},{"$i":"gaia-sim-picker-dial-via-with-number","$v":["Dial ",{"t":"idOrVar","v":"phoneNumber"}," via"]},{"$i":"gaia-sim-picker-select-sim","$v":"Select SIM"},{"$i":"gaia-sim-picker-button","$v":["SIM",{"t":"idOrVar","v":"n"}]},{"$i":"gaia-sim-picker-button-default","$v":"(default)"},{"$i":"call","$v":"إتصال"},{"$i":"edit","$v":"تعديل"},{"$i":"cancel","$v":"إلغاء"},{"$i":"done","$v":"تم"},{"$i":"retry","$v":"محاولة مرة أخرى"},{"$i":"contacts","$v":"جهات الاتصال"},{"$i":"addContact","$v":"إضافة جهة اتصال"},{"$i":"deleteContact","$v":"حذف جهة اتصال"},{"$i":"selectContact","$v":"حدد جهة اتصال"},{"$i":"editContact","$v":"تحرير جهة اتصال"},{"$i":"deleteConfirmMsg","$v":"حذف جهة اتصال؟"},{"$i":"remove","$v":"إزالة"},{"$i":"delete","$v":"حذف"},{"$i":"comments","$v":"ملاحظات"},{"$i":"no_contact_phones","$v":"جهة الإتصال لا تحتوي رقم هاتف"},{"$i":"no_contact_email","$v":"جهة الإتصال لاتحتوي على بريد إلكتروني"},{"$i":"no_contact_data","$v":"This contact does not have a phone number and email address"},{"$i":"removePhotoConfirm","$v":"إزالة صورة جهة الإتصال؟"},{"$i":"loadingContacts","$v":"جارِ تحميل جهات الاتصال..."},{"$i":"noContactsActivity","$v":"لا يمكن الإضافة إلى جهات الإتصال بما أنك لا تملك أي جهات إتصال مسبقا"},{"$i":"noName","$v":"لا يوجد اسم"},{"$i":"givenName","placeholder":"الاسم"},{"$i":"familyName","placeholder":"إسم العائلة"},{"$i":"tel","placeholder":"الهاتف"},{"$i":"carrier","$v":"جوَّال","placeholder":"جوَّال"},{"$i":"separator","$v":","},{"$i":"email","$v":"البريد الالكتروني","placeholder":"البريد الالكتروني"},{"$i":"streetAddress","placeholder":"الشارع"},{"$i":"postalCode","placeholder":"الرمز البريدي"},{"$i":"locality","placeholder":"المدينة"},{"$i":"countryName","placeholder":"الدولة"},{"$i":"comment","placeholder":"ملاحظة"},{"$i":"org","placeholder":"الشركة"},{"$i":"date","$v":"التاريخ","placeholder":"التاريخ"},{"$i":"date-span-placeholder","$v":"Date"},{"$i":"birthday","$v":"تاريخ الميلاد"},{"$i":"dateFormat","$v":"%B %e"},{"$i":"dateOutput","$v":[{"t":"idOrVar","v":"dayMonthFormatted"}," ",{"t":"idOrVar","v":"year"}]},{"$i":"anniversary","$v":"الذكرى السنوية"},{"$i":"addPhoto","$v":"إضافة صورة"},{"$i":"addPhone","$v":"إضافة هاتف"},{"$i":"addEmail","$v":"إضافة بريد الكتروني"},{"$i":"addAddress","$v":"إضافة عنوان"},{"$i":"addDate","$v":"أضِف تاريخ"},{"$i":"addComment","$v":"إضافة ملاحظة"},{"$i":"addFavorite","$v":"إضافة للمفضلة"},{"$i":"removeFavorite","$v":"إزالة من المفضلة"},{"$i":"addButton","ariaLabel":"Add"},{"$i":"editButton","ariaLabel":"Edit"},{"$i":"settingsButton","ariaLabel":"Settings"},{"$i":"phoneDetail","ariaLabel":"Phone"},{"$i":"emailDetail","ariaLabel":"Email"},{"$i":"addressDetail","ariaLabel":"Address"},{"$i":"dateDetail","ariaLabel":"Date"},{"$i":"composeEmail","ariaLabel":"Email"},{"$i":"makeCall","ariaLabel":"Call"},{"$i":"phones","ariaLabel":"Phones"},{"$i":"emails","ariaLabel":"Emails"},{"$i":"addresses","ariaLabel":"Addresses"},{"$i":"dates","ariaLabel":"Dates"},{"$i":"notes","ariaLabel":"Notes"},{"$i":"exit","$v":"خروج"},{"$i":"expand","$v":"توسيع"},{"$i":"labelName","$v":"الاسم:"},{"$i":"labelLastName","$v":"اسم العائلة:"},{"$i":"labelPhoneNumber","$v":"رقم الهاتف:"},{"$i":"labelCarrier","$v":"الجوَّال:"},{"$i":"labelEmail","$v":"البريد الإلكتروني:"},{"$i":"labelStreet","$v":"الشارع:"},{"$i":"labelZip","$v":"الرمز البريدي:"},{"$i":"labelCity","$v":"المدينة:"},{"$i":"labelCountry","$v":"البلد:"},{"$i":"labelComment","$v":"ملاحظة:"},{"$i":"legendTitleMain","$v":"معلومات أساسية"},{"$i":"legendPhones","$v":"أرقام الهاتف"},{"$i":"legendEmail","$v":"البريد الإلكتروني"},{"$i":"legendAddress","$v":"العنوان"},{"$i":"transferContactsTitle","$v":"نقل جهات الاتصال"},{"$i":"importContactsTitle","$v":"إستورد جهات الإتصال"},{"$i":"importContactsButton","$v":"إستيراد جهات الإتصال"},{"$i":"exportContactsTitle","$v":"تصدير جهات الإتصال"},{"$i":"exportContactsButton","$v":"تصدير جهات الإتصال"},{"$i":"exportContactsAction","$v":"تصدير"},{"$i":"simExport-title","$v":"تصدير إلى SIM"},{"$i":"memoryCardExport-title","$v":"Export to memory card"},{"$i":"btExport-title","$v":"صدِّر إلى بلوتوث"},{"$i":"memoryCardUMSEnabled","$v":"Cannot use memory card because USB storage is enabled"},{"$i":"exportErrorTitle","$v":"خطأ في التصدير"},{"$i":"contactsExported2","$v":{"zero":"لم تصدَر جهات الإتصال","one":["تم تصدير",{"t":"idOrVar","v":"exported"},"/",{"t":"idOrVar","v":"total"}," جهة اتصال"],"two":"تم تصدير جهتان اتصال","few":["تم تصدير",{"t":"idOrVar","v":"exported"},"/",{"t":"idOrVar","v":"total"}," جهة اتصال"],"many":["تم تصدير",{"t":"idOrVar","v":"exported"},"/",{"t":"idOrVar","v":"total"}," جهة اتصال"],"other":["تم تصدير",{"t":"idOrVar","v":"exported"},"/",{"t":"idOrVar","v":"total"}," جهة اتصال"]},"$x":[{"t":"idOrVar","v":"plural"},"exported"]},{"$i":"exportError-general","$v":"حدثت بعض الأخطأ أثناء التصدير"},{"$i":"exportError-SD-shared","$v":"لا يمكن الوصول للذاكرة الخارجية لأنها في وضعية المشاركة"},{"$i":"exportError-SD-unavailable","$v":"بطاقة الذاكرة غير متاحة"},{"$i":"exportError-SD-noSpace","$v":"لا توجد مساحة كافية على بطاقة الذاكرة لتصدير جهات الاتصال"},{"$i":"exportError-SIM-unavailable","$v":"بطاقة SIM غير متاحة"},{"$i":"exportError-BT-shared","$v":"لا يمكن الوصول الى بطاقة الذاكرة لأنها في وضعية المشاركة"},{"$i":"exportError-BT-unavailable","$v":"بطاقة الذاكرة غير متاحة"},{"$i":"exportError-BT-noSpace","$v":"لا توجد مساحة كافية على بطاقة الذاكرة لتصدير جهات الاتصال"},{"$i":"social-network","$v":"الشبكات الاجتماعية"},{"$i":"social-link","$v":"ربط جهة اتصال"},{"$i":"social-unlink","$v":"إلغاء ربط جهة الاتصال"},{"$i":"social-unlink-confirm-title","$v":"هل تريد إلغاء الربط مع صديقك؟"},{"$i":"social-unlink-confirm-accept","$v":"إلغاء الربط"},{"$i":"facebook-import","$v":"إستيراد أصدقاء الفيسبوك"},{"$i":"show-fb-profile","$v":"عرض ملف الفيسبوك"},{"$i":"msg-send","$v":"رسالة"},{"$i":"wall-post","$v":"منشور جداري"},{"$i":"facebook-export-forbidden","$v":"The contact cannot be shared due to Facebook constraint."},{"$i":"otherAccount","$v":"حسابات أخرى"},{"$i":"facebookSwitchMsg","$v":"مزامنة الأصدقاء"},{"$i":"select_mobile","$v":"إختر جوٌّال"},{"$i":"select_email","$v":"إختر بريد إلكتروني"},{"$i":"select_recipient","$v":"Select recipient"},{"$i":"contactsOrderBy","$v":"ترتيب حسب الإسم الأخير"},{"$i":"importSim2","$v":"بطاقة SIM"},{"$i":"importGmail","$v":"Gmail"},{"$i":"bluetooth","$v":"بلوتوث"},{"$i":"importOutlook","$v":"Outlook"},{"$i":"fbUpdateFriends","$v":"تحديث الاصدقاء المستوردين"},{"$i":"cleaningFbData","$v":"جارِ حذف بيانات الفيسبوك"},{"$i":"loggingOutFb","$v":"جارِ تسجيل الخروج من الفيسبوك"},{"$i":"cleanFbConfirmMsg","$v":"حذف جميع بيانات الفيسبوك؟"},{"$i":"renewPwdMsg","$v":"تم تغيير كلمة سِّر الفيسبوك، الرجاء تحديثها."},{"$i":"notEnabledYet","$v":"غير مُفعَّل حتى الان"},{"$i":"genericNoConnection","$v":"لإستيراد جهات الإتصال قم بالإتصال بشبكة واي فاي أو بشبكة بيانات"},{"$i":"simCard","$v":"بطاقة SIM"},{"$i":"memoryCard","$v":"بطاقة الذاكرة"},{"$i":"simNumberNoMSISDN","$v":["SIM ",{"t":"idOrVar","v":"number"},":"]},{"$i":"simNumberWithMSISDN","$v":["SIM ",{"t":"idOrVar","v":"number"},": ",{"t":"idOrVar","v":"msisdn"}]},{"$i":"ICEContactsGroup","$v":"ICE Contacts"},{"$i":"setICEButton","$v":"Set ICE Contacts"},{"$i":"ICESettingTitle","$v":"ICE Contacts"},{"$i":"ICEDescription","$v":"Add two contacts for making “In Case of Emergency” calls."},{"$i":"ICEContact1","$v":"ICE Contact 1"},{"$i":"ICESelectContact","$v":"Select a contact"},{"$i":"ICEContact2","$v":"ICE Contact 2"},{"$i":"ICERepeatedContact","$v":"This contact is already an existing ICE contact"},{"$i":"ICEUnknownError","$v":"There was an error setting the contact as ICE"},{"$i":"ICEContactNoNumber","$v":"This contact doesn't have a phone number"},{"$i":"ICEFacebookContactNotAllowed","$v":"Facebook contacts cannot be set as ICE contacts"},{"$i":"ICEContactDelTel","$v":"Deleted phone numbers are removed from ICE Contact"},{"$i":"ICEContactDelTelAll","$v":"All the numbers are deleted. This contact is removed from the ICE Contacts."},{"$i":"no-contacts","$v":"لا توجد جهات اتصال"},{"$i":"start-adding","$v":"إبدأ بإضافتهم الآن"},{"$i":"notImported","$v":"لم يتم الإستيراد"},{"$i":"imported","$v":"إستورد"},{"$i":"today","$v":"اليوم"},{"$i":"yesterday","$v":"أمس"},{"$i":"organise-contacts","$v":"تنظيم جهات الإتصال"},{"$i":"find-merge-contacts","$v":"ابحث عن جهات الإتصال المكررة"},{"$i":"preparing-contacts","$v":"جارِ تجهيز جهات الإتصال"},{"$i":"exportError-SIM-NoFreeRecordFound","$v":"بطاقة SIM ممتلئة"},{"$i":"exportError-SIM-CannotAccessPhoneBook","$v":"لا يمكن الوصول إلى دفتر الهاتف في بطاقة SIM"},{"$i":"exportError-SIM-Unavailable","$v":"لم يتم إكتشاف SIM"},{"$i":"exportError-SIM-GenericError","$v":"حدث خطأ أثناء تصدير جهة الإتصال"},{"$i":"noSimMsgExport","$v":"لتصدير جهات الاتصال ادخل او فك قفل بطاقة SIM"},{"$i":"noMemoryCardMsgExport","$v":"لتصدير جهات الإتصال أدخل بطاقة الذاكرة"},{"$i":"ContactManagementTitle","$v":"Contacts Management"},{"$i":"DeleteTitle","$v":"Delete"},{"$i":"bulkDeleteButton","$v":"Delete Contacts"},{"$i":"BulkDelCancel","$v":"Contacts delete cancelled"},{"$i":"DeletedTxt","$v":{"zero":"No Contact to Delete","one":"1 Contact removed","two":[{"t":"idOrVar","v":"n"}," Contacts removed"],"few":[{"t":"idOrVar","v":"n"}," Contacts removed"],"many":[{"t":"idOrVar","v":"n"}," Contacts removed"],"other":[{"t":"idOrVar","v":"n"}," Contacts removed"]},"$x":[{"t":"idOrVar","v":"plural"},"n"]},{"$i":"DeletingContacts","$v":"Deleting contacts"},{"$i":"ContactConfirmDel","$v":{"zero":"No Contact to Delete","one":"Delete 1 Contact? This cannot be undone.","two":["Delete ",{"t":"idOrVar","v":"n"}," Contacts? This cannot be undone."],"few":["Delete ",{"t":"idOrVar","v":"n"}," Contacts? This cannot be undone."],"many":["Delete ",{"t":"idOrVar","v":"n"}," Contacts? This cannot be undone."],"other":["Delete ",{"t":"idOrVar","v":"n"}," Contacts? This cannot be undone."]},"$x":[{"t":"idOrVar","v":"plural"},"n"]},{"$i":"SelectedTxt","$v":{"zero":"Contacts","one":[{"t":"idOrVar","v":"n"}," selected"],"two":[{"t":"idOrVar","v":"n"}," selected"],"few":[{"t":"idOrVar","v":"n"}," selected"],"many":[{"t":"idOrVar","v":"n"}," selected"],"other":[{"t":"idOrVar","v":"n"}," selected"]},"$x":[{"t":"idOrVar","v":"plural"},"n"]},{"$i":"video","$v":"Video"},{"$i":"audio","$v":"Audio"},{"$i":"pick_destination","$v":[{"t":"idOrVar","v":"destination"}," ",{"t":"idOrVar","v":"carrier"}]},{"$i":"removeField","ariaLabel":"Remove"},{"$i":"undo","ariaLabel":"Undo"},{"$i":"send-sms-button","ariaLabel":"SMS"},{"$i":"ice_contacts","$v":"ICE Contacts"},{"$i":"edit-picture","$v":"Edit Picture"},{"$i":"remove-photo","$v":"Remove photo"},{"$i":"change-photo","$v":"Change photo"},{"$i":"photo-options","$v":"Photo options"},{"$i":"voiceMail","$v":"بريد صوتي"},{"$i":"back","$v":"رجوع"},{"$i":"noSimMsg","$v":"لاستيراد جهات الاتصال ادخل او فك قفل بطاقة SIM"},{"$i":"noMemoryCardMsg","$v":"لإستيراد جهات الإتصال أدخل بطاقة الذاكرة"},{"$i":"importMemoryCard","$v":"بطاقة الذاكرة"},{"$i":"noConnection11","$v":"للقيام باستيراد أصدقائك على فيسبوك أو جهات اتصال اربط الجهاز بشبكة واي فاي أو أي شبكة بيانات"},{"$i":"emptyAccount","$v":"No friends or contacts found in this account."},{"$i":"simContacts-import","$v":"إستيراد جهات اتصال من SIM"},{"$i":"simContacts-importing","$v":"جارِ استيراد جهات الاتصال..."},{"$i":"simContacts-reading","$v":"جارِ القراءة من بطاقة SIM..."},{"$i":"simContacts-error","$v":"تعذَر إستيراد جهات الاتصال من بطاقة SIM"},{"$i":"simContacts-imported3","$v":{"zero":"لم يتم العثور على جهات اتصال للاستيراد على شريحة الجوّال","one":"تم استيراد اسم واحد","two":["تم إستيراد ",{"t":"idOrVar","v":"n"}," أسماء"],"few":["تم إستيراد ",{"t":"idOrVar","v":"n"}," أسماء"],"many":["تم إستيراد ",{"t":"idOrVar","v":"n"}," أسماء"],"other":["تم إستيراد ",{"t":"idOrVar","v":"n"}," أسماء"]},"$x":[{"t":"idOrVar","v":"plural"},"n"]},{"$i":"memoryCardContacts-import","$v":"استورد جهات الاتصال من بطاقة الذاكرة"},{"$i":"memoryCardContacts-importing","$v":"جارِ إستيراد جهات الإتصال من بطاقة الذاكرة..."},{"$i":"memoryCardContacts-reading","$v":"جارِ القراءة من بطاقة الذاكرة..."},{"$i":"memoryCardContacts-error","$v":"تعذَر إستيراد جهات الاتصال من بطاقة الذاكرة"},{"$i":"memoryCardContacts-imported3","$v":{"zero":"لم يتم العثور على جهات اتصال للاستيراد على بطاقة الذاكرة","one":"تم استيراد جهة اتصال واحدة","two":["تم إستيراد ",{"t":"idOrVar","v":"n"}," جهات اتصال"],"few":["تم إستيراد ",{"t":"idOrVar","v":"n"}," أسماء"],"many":["تم إستيراد ",{"t":"idOrVar","v":"n"}," أسماء"],"other":["تم إستيراد ",{"t":"idOrVar","v":"n"}," أسماء"]},"$x":[{"t":"idOrVar","v":"plural"},"n"]},{"$i":"genericProgress","$v":[{"t":"idOrVar","v":"current"},"/",{"t":"idOrVar","v":"total"}]},{"$i":"facebook-import-msg2","$v":["تم استيراد ",{"t":"idOrVar","v":"imported"},"/",{"t":"idOrVar","v":"total"}," أ"]},{"$i":"contactsMerged","$v":{"zero":"No duplicated contacts merged","one":"One duplicated contact merged","two":[{"t":"idOrVar","v":"numDups"}," contacts merged"],"few":[{"t":"idOrVar","v":"numDups"}," contacts merged"],"many":[{"t":"idOrVar","v":"numDups"}," contacts merged"],"other":[{"t":"idOrVar","v":"numDups"}," contacts merged"]},"$x":[{"t":"idOrVar","v":"plural"},"numDups"]},{"$i":"weekday-0-long","$v":"الأحد"},{"$i":"weekday-1-long","$v":"الإثنين"},{"$i":"weekday-2-long","$v":"الثلاثاء"},{"$i":"weekday-3-long","$v":"الأربعاء"},{"$i":"weekday-4-long","$v":"الخميس"},{"$i":"weekday-5-long","$v":"الجمعة"},{"$i":"weekday-6-long","$v":"السبت"},{"$i":"weekday-0-short","$v":"أحد"},{"$i":"weekday-1-short","$v":"إثنين"},{"$i":"weekday-2-short","$v":"ثلاثاء"},{"$i":"weekday-3-short","$v":"أربعاء"},{"$i":"weekday-4-short","$v":"خميس"},{"$i":"weekday-5-short","$v":"جمعة"},{"$i":"weekday-6-short","$v":"سبت"},{"$i":"month-0-long","$v":"يناير"},{"$i":"month-1-long","$v":"فبراير"},{"$i":"month-2-long","$v":"مارس"},{"$i":"month-3-long","$v":"أبريل"},{"$i":"month-4-long","$v":"مايو"},{"$i":"month-5-long","$v":"يونيو"},{"$i":"month-6-long","$v":"يوليو"},{"$i":"month-7-long","$v":"أغسطس"},{"$i":"month-8-long","$v":"سبتمبر"},{"$i":"month-9-long","$v":"أكتوبر"},{"$i":"month-10-long","$v":"نوفمبر"},{"$i":"month-11-long","$v":"ديسمبر"},{"$i":"month-0-genitive","$v":"يناير"},{"$i":"month-1-genitive","$v":"فبراير"},{"$i":"month-2-genitive","$v":"مارس"},{"$i":"month-3-genitive","$v":"أبريل"},{"$i":"month-4-genitive","$v":"مايو"},{"$i":"month-5-genitive","$v":"يونيو"},{"$i":"month-6-genitive","$v":"يوليو"},{"$i":"month-7-genitive","$v":"أغسطس"},{"$i":"month-8-genitive","$v":"سبتمبر"},{"$i":"month-9-genitive","$v":"أكتوبر"},{"$i":"month-10-genitive","$v":"نوفمبر"},{"$i":"month-11-genitive","$v":"ديسمبر"},{"$i":"month-0-short","$v":"يناير"},{"$i":"month-1-short","$v":"فبراير"},{"$i":"month-2-short","$v":"مارس"},{"$i":"month-3-short","$v":"ابريل"},{"$i":"month-4-short","$v":"مايو"},{"$i":"month-5-short","$v":"يونيو"},{"$i":"month-6-short","$v":"يوليو"},{"$i":"month-7-short","$v":"أغسطس"},{"$i":"month-8-short","$v":"سبتمبر"},{"$i":"month-9-short","$v":"أكتوبر"},{"$i":"month-10-short","$v":"نوفمبر"},{"$i":"month-11-short","$v":"ديسمبر"},{"$i":"minutes-ago-long","$v":{"zero":"الآن","one":"منذ دقيقة","two":["منذ ",{"t":"idOrVar","v":"value"}," دقائق"],"few":["منذ ",{"t":"idOrVar","v":"value"}," دقائق"],"many":["منذ ",{"t":"idOrVar","v":"value"}," دقائق"],"other":["منذ ",{"t":"idOrVar","v":"value"}," دقائق"]},"$x":[{"t":"idOrVar","v":"plural"},"value"]},{"$i":"hours-ago-long","$v":{"zero":"الآن","one":"قبل ساعة واحدة","two":"منذ ساعتين","few":["قبل ",{"t":"idOrVar","v":"value"}," ساعات"],"many":["قبل ",{"t":"idOrVar","v":"value"}," ساعة"],"other":["قبل ",{"t":"idOrVar","v":"value"}," ساعة"]},"$x":[{"t":"idOrVar","v":"plural"},"value"]},{"$i":"days-ago-long","$v":{"zero":"اليوم","one":"الأمس","two":"قبل يومين","few":["قبل ",{"t":"idOrVar","v":"value"}," أيام"],"many":["قبل ",{"t":"idOrVar","v":"value"}," يوم"],"other":["قبل ",{"t":"idOrVar","v":"value"}," يوم"]},"$x":[{"t":"idOrVar","v":"plural"},"value"]},{"$i":"weeks-ago-long","$v":{"zero":"هذا الأسبوع","one":"الأسبوع الماضي","two":["منذ ",{"t":"idOrVar","v":"value"}," أسابيع"],"few":["منذ ",{"t":"idOrVar","v":"value"}," أسابيع"],"many":["منذ ",{"t":"idOrVar","v":"value"}," أسابيع"],"other":["منذ ",{"t":"idOrVar","v":"value"}," أسابيع"]},"$x":[{"t":"idOrVar","v":"plural"},"value"]},{"$i":"months-ago-long","$v":{"zero":"هذا الشهر","one":"الشهر الماضي","two":["منذ ",{"t":"idOrVar","v":"value"}," أشهر"],"few":["منذ ",{"t":"idOrVar","v":"value"}," أشهر"],"many":["منذ ",{"t":"idOrVar","v":"value"}," أشهر"],"other":["منذ ",{"t":"idOrVar","v":"value"}," أشهر"]},"$x":[{"t":"idOrVar","v":"plural"},"value"]},{"$i":"years-ago-long","$v":{"zero":"هذه السنة","one":"السنة الماضية","two":"منذ سنتين","few":["منذ ",{"t":"idOrVar","v":"value"}," سنوات"],"many":["منذ ",{"t":"idOrVar","v":"value"}," سنة"],"other":["منذ ",{"t":"idOrVar","v":"value"}," سنة"]},"$x":[{"t":"idOrVar","v":"plural"},"value"]},{"$i":"minutes-until-long","$v":{"zero":"الآن","one":"خلال دقيقة","two":"خلال دقيقتين","few":["خلال ",{"t":"idOrVar","v":"value"}," دقائق"],"many":["خلال ",{"t":"idOrVar","v":"value"}," دقيقة"],"other":["خلال ",{"t":"idOrVar","v":"value"}," دقيقة"]},"$x":[{"t":"idOrVar","v":"plural"},"value"]},{"$i":"hours-until-long","$v":{"zero":"الآن","one":"خلال ساعة","two":"خلال ساعتين","few":["خلال ",{"t":"idOrVar","v":"value"}," ساعات"],"many":["خلال ",{"t":"idOrVar","v":"value"}," ساعة"],"other":["خلال ",{"t":"idOrVar","v":"value"}," ساعة"]},"$x":[{"t":"idOrVar","v":"plural"},"value"]},{"$i":"days-until-long","$v":{"zero":"اليوم","one":"غداً","two":"خلال يومين","few":["خلال ",{"t":"idOrVar","v":"value"}," أيام"],"many":["خلال ",{"t":"idOrVar","v":"value"}," يوم"],"other":["خلال ",{"t":"idOrVar","v":"value"}," يوم"]},"$x":[{"t":"idOrVar","v":"plural"},"value"]},{"$i":"weeks-until-long","$v":{"zero":"هذا الأسبوع","one":"الأسبوع القادم","two":"خلال اسبوعين","few":["خلال ",{"t":"idOrVar","v":"value"}," أسابيع"],"many":["خلال ",{"t":"idOrVar","v":"value"}," أسبوع"],"other":["خلال ",{"t":"idOrVar","v":"value"}," أسبوع"]},"$x":[{"t":"idOrVar","v":"plural"},"value"]},{"$i":"months-until-long","$v":{"zero":"هذا الشهر","one":"الشهر القادم","two":"خلال شهرين","few":["خلال ",{"t":"idOrVar","v":"value"}," أشهر"],"many":["خلال ",{"t":"idOrVar","v":"value"}," شهر"],"other":["خلال ",{"t":"idOrVar","v":"value"}," شهر"]},"$x":[{"t":"idOrVar","v":"plural"},"value"]},{"$i":"years-until-long","$v":{"zero":"هذه السنة","one":"السنة القادمة","two":"خلال سنتين","few":["خلال ",{"t":"idOrVar","v":"value"}," سنوات"],"many":["خلال ",{"t":"idOrVar","v":"value"}," سنة"],"other":["خلال ",{"t":"idOrVar","v":"value"}," سنة"]},"$x":[{"t":"idOrVar","v":"plural"},"value"]},{"$i":"minutes-ago-short","$v":{"zero":"الآن","other":["منذ ",{"t":"idOrVar","v":"value"}," دقيقة"]},"$x":[{"t":"idOrVar","v":"plural"},"value"]},{"$i":"hours-ago-short","$v":{"zero":"الآن","other":["منذ ",{"t":"idOrVar","v":"value"}," س"]},"$x":[{"t":"idOrVar","v":"plural"},"value"]},{"$i":"days-ago-short","$v":{"zero":"اليوم","other":["منذ ",{"t":"idOrVar","v":"value"}," ي"]},"$x":[{"t":"idOrVar","v":"plural"},"value"]},{"$i":"minutes-until-short","$v":{"zero":"الآن","other":["خلال ",{"t":"idOrVar","v":"value"}," د"]},"$x":[{"t":"idOrVar","v":"plural"},"value"]},{"$i":"hours-until-short","$v":{"zero":"الآن","other":["خلال ",{"t":"idOrVar","v":"value"}," س"]},"$x":[{"t":"idOrVar","v":"plural"},"value"]},{"$i":"days-until-short","$v":{"zero":"اليوم","other":["خلال ",{"t":"idOrVar","v":"value"}," ي"]},"$x":[{"t":"idOrVar","v":"plural"},"value"]},{"$i":"incorrectDate","$v":"(تاريخ غير صحيح)"},{"$i":"dateTimeFormat_%c","$v":"%a %b %e %Y %I:%M:%S %p"},{"$i":"dateTimeFormat_%x","$v":"%m/%d/%Y"},{"$i":"dateTimeFormat_%X","$v":"%I:%M:%S %p"},{"$i":"shortTimeFormat","$v":"%I:%M %p"},{"$i":"shortTimeFormat12","$v":"%I:%M %p"},{"$i":"shortTimeFormat24","$v":"%H:%M"},{"$i":"shortDateTimeFormat","$v":"%x %I:%M %p"},{"$i":"weekStartsOnMonday","$v":"0"},{"$i":"time_am","$v":"ص"},{"$i":"time_pm","$v":"م"},{"$i":"label","$v":"ملصق"},{"$i":"mobile","$v":"جوَّال"},{"$i":"home","$v":"المنزل"},{"$i":"work","$v":"العمل"},{"$i":"personal","$v":"شخصي"},{"$i":"faxHome","$v":"فاكس المنزل"},{"$i":"faxOffice","$v":"فاكس المكتب"},{"$i":"faxOther","$v":"فاكس آخر"},{"$i":"another","$v":"آخر"},{"$i":"other","$v":"آخرى"},{"$i":"customTag","placeholder":"Custom tag"},{"$i":"current","$v":"الحالي"},{"$i":"itemWithLabel","$v":[{"t":"idOrVar","v":"label"},", ",{"t":"idOrVar","v":"item"}]},{"$i":"addNewNumber","$v":"Add new number"},{"$i":"contactDetails","$v":"Contact details"},{"$i":"addToExistingContact","$v":"إضافة إلى جهة اتصال موجوده"},{"$i":"all","$v":"All","ariaLabel":"All"},{"$i":"bluetoothOption","ariaLabel":"Bluetooth"},{"$i":"callLog","$v":"سجل المكالمات"},{"$i":"callLogEdit","title":"Edit call log"},{"$i":"callLogEditDialog","ariaLabel":"Edit call log dialog"},{"$i":"connecting","$v":"جارِ الاتصال"},{"$i":"connectingEllipsis","$v":"Connecting…"},{"$i":"call-forwarding-async","$v":["غير متزامن: ",{"t":"idOrVar","v":"async"}]},{"$i":"call-forwarding-data","$v":["معلومات: ",{"t":"idOrVar","v":"data"}]},{"$i":"call-forwarding-error","$v":"حدث خطأ عند محاولة الحصول على حالة تحويل المكالمات"},{"$i":"call-forwarding-fax","$v":["فاكس: ",{"t":"idOrVar","v":"fax"}]},{"$i":"call-forwarding-inactive","$v":"غير فعال"},{"$i":"call-forwarding-packet","$v":["حزمة: ",{"t":"idOrVar","v":"packet"}]},{"$i":"call-forwarding-pad","$v":["باد: ",{"t":"idOrVar","v":"pad"}]},{"$i":"call-forwarding-sms","$v":["رسالة قصيرة: ",{"t":"idOrVar","v":"sms"}]},{"$i":"call-forwarding-status","$v":"حالة تحويل المكالمات"},{"$i":"call-forwarding-sync","$v":["متزامن: ",{"t":"idOrVar","v":"sync"}]},{"$i":"call-forwarding-voice","$v":["صوت: ",{"t":"idOrVar","v":"voice"}]},{"$i":"confirm-deletion","$v":"حذف المكالمات المختارة ؟"},{"$i":"createNewContact","$v":"إنشاء جهة اتصال جديدة"},{"$i":"dialerAddContact","ariaLabel":"Add contact"},{"$i":"dialerAddContactDialog","ariaLabel":"Add Contact Dialog"},{"$i":"callInformation","$v":"Call Information"},{"$i":"edit-selected","$v":{"one":[{"t":"idOrVar","v":"n"}," مُختارة"],"two":[{"t":"idOrVar","v":"n"}," مُختارة"],"few":[{"t":"idOrVar","v":"n"}," مُختارة"],"many":[{"t":"idOrVar","v":"n"}," مُختارة"],"other":[{"t":"idOrVar","v":"n"}," مُختارة"]},"$x":[{"t":"idOrVar","v":"plural"},"n"]},{"$i":"hideKeypad","ariaLabel":"Hide keypad"},{"$i":"ignore","$v":"تجاهل الإتصال"},{"$i":"incoming","$v":"الواردة"},{"$i":"keypad","ariaLabel":"Keypad"},{"$i":"info-missed","$v":"Missed"},{"$i":"missed","$v":"Missed","ariaLabel":"Missed"},{"$i":"canceled","$v":"Canceled"},{"$i":"missedCall","$v":"مكالمة فائتة"},{"$i":"missedCallMultiSims","$v":["(SIM ",{"t":"idOrVar","v":"n"},") المكالمات الفائتة"]},{"$i":"mmi-error","$v":"حدث خطأ عند محاولة ارسال الرسالة"},{"$i":"mmi-session-expired","$v":"انتهت الجلسة"},{"$i":"mmi-successfully-sent","$v":"تم ارسال الرسالة بنجاح"},{"$i":"mmi-notification-title-with-sim","$v":["(",{"t":"idOrVar","v":"sim"},") ",{"t":"idOrVar","v":"title"}]},{"$i":"mute","ariaLabel":"Mute"},{"$i":"newCall","ariaLabel":"New call"},{"$i":"no-logs-msg-1","$v":"لم يتم تسجيل أي مكالمة"},{"$i":"no-logs-msg-2","$v":"بدء التواصل الآن"},{"$i":"no-logs-msg-3","$v":"لا يوجد أي مكالمات لم يرد عليها"},{"$i":"onHoldOption","ariaLabel":"On hold"},{"$i":"outgoing","$v":"Outgoing"},{"$i":"recents","ariaLabel":"Recent calls"},{"$i":"reply","$v":"الرد"},{"$i":"send","$v":"إرسال"},{"$i":"switch-calls","$v":"تحويل المكالمات"},{"$i":"withheld-number","$v":"الأرقام المحجوبة"},{"$i":"from-contact","$v":["من ",{"t":"idOrVar","v":"contact"}]},{"$i":"from-number","$v":["من ",{"t":"idOrVar","v":"number"}]},{"$i":"from-withheld-number","$v":"من رقم محجوب"},{"$i":"sending","$v":"جارِ الإرسال..."},{"$i":"speakerOption","ariaLabel":"Speaker"},{"$i":"ussd-services","$v":["خدمات ",{"t":"idOrVar","v":"operator"}]},{"$i":"toggleKeypad","ariaLabel":"Toggle keypad"},{"$i":"type-your-response","placeholder":"أُكتب رّدك..."},{"$i":"clear-all-text","$v":"مسح الكل"},{"$i":"hide","$v":"أخفِ"},{"$i":"hold","ariaLabel":"معلق"},{"$i":"resume","$v":"Resume","ariaLabel":"Resume"},{"$i":"sendSms","$v":"أرسل رسالة"},{"$i":"callEnded","$v":"إنتهت المكالمة"},{"$i":"via-sim","$v":"بواسطة n}}SIM}}"},{"$i":"sim-number","$v":"n }} SIM }}"},{"$i":"unknown","$v":"Unknown"},{"$i":"hangup-a11y-button","ariaLabel":"Hang Up"},{"$i":"pickup-a11y-button","ariaLabel":"Pick up"},{"$i":"unlock-a11y-button","ariaLabel":"Slider"},{"$i":"settings","$v":"إعدادات"},{"$i":"delete-n-log?","$v":{"zero":"لا شيﺀ مختار","one":"حذف السجل المحدد؟","two":"حذف السجِّلين؟","few":["حذف ",{"t":"idOrVar","v":"n"}," السجلات؟"],"many":["حذف ",{"t":"idOrVar","v":"n"}," سجل؟"],"other":["حذف ",{"t":"idOrVar","v":"n"}," سجل؟"]},"$x":[{"t":"idOrVar","v":"plural"},"n"]},{"$i":"callDurationMinutes","$v":[{"t":"idOrVar","v":"m"},":",{"t":"idOrVar","v":"s"}]},{"$i":"callDurationHours","$v":[{"t":"idOrVar","v":"h"},":",{"t":"idOrVar","v":"m"},":",{"t":"idOrVar","v":"s"}]},{"$i":"callDurationTextFormatSeconds","$v":[{"t":"idOrVar","v":"s"}," s"]},{"$i":"callDurationTextFormatMinutes","$v":[{"t":"idOrVar","v":"m"}," m ",{"t":"idOrVar","v":"s"}," s"]},{"$i":"callDurationTextFormatHours","$v":[{"t":"idOrVar","v":"h"}," h ",{"t":"idOrVar","v":"m"}," m ",{"t":"idOrVar","v":"s"}," s"]},{"$i":"suggestionMatches","$v":{"one":["نتيجة واحدة مطابقة لـ \"",{"t":"idOrVar","v":"matchNumber"},"\""],"two":["تطابقان لـ \"",{"t":"idOrVar","v":"matchNumber"},"\""],"few":[{"t":"idOrVar","v":"n"}," تطابقات لـ \"",{"t":"idOrVar","v":"matchNumber"},"\""],"many":[{"t":"idOrVar","v":"n"}," من النتائج المطابقة لـ \"",{"t":"idOrVar","v":"matchNumber"},"\""],"other":[{"t":"idOrVar","v":"n"}," من النتائج المطابقة لـ \"",{"t":"idOrVar","v":"matchNumber"},"\""]},"$x":[{"t":"idOrVar","v":"plural"},"n"]},{"$i":"scCallBarring","$v":"حظر المكالمات"},{"$i":"scCallForwarding","$v":"تحويل المكالمات"},{"$i":"scClip","$v":"المعرَف بجهة الاتصال"},{"$i":"scClir","$v":"معرف المتصل الصادر"},{"$i":"scPwd","$v":"تغيير كلمة السر"},{"$i":"scCallWaiting","$v":"إنتظار المكالمة"},{"$i":"scPin","$v":"تغيير رمز PIN"},{"$i":"scPin2","$v":"تغيير رمز PIN2"},{"$i":"scPuk","$v":"فك إقفال PIN"},{"$i":"scPuk2","$v":"فك أقفال PIN2"},{"$i":"scImei","$v":"IMEI"},{"$i":"scUssd","$v":"USSD"},{"$i":"serviceClassVoice","$v":"صوت"},{"$i":"serviceClassData","$v":"بيانات"},{"$i":"serviceClassFax","$v":"فاكس"},{"$i":"serviceClassSms","$v":"رسالة نصية"},{"$i":"serviceClassDataSync","$v":"مزامنة"},{"$i":"serviceClassDataAsync","$v":"متزامن"},{"$i":"serviceClassPacket","$v":"الحزمة"},{"$i":"serviceClassPad","$v":"PAD"},{"$i":"smServiceEnabled","$v":"تم تفعيل الخدمة"},{"$i":"smServiceDisabled","$v":"تم تعطيل الخدمة"},{"$i":"smServiceRegistered","$v":"تم التسجيل بنجاح"},{"$i":"smServiceErased","$v":"تم المحو بنجاح"},{"$i":"smServiceInterrogated","$v":"تم الطلب بنجاح"},{"$i":"smServiceNotProvisioned","$v":"خدمة غير متوفرة"},{"$i":"smClirPermanent","$v":"لا يمكنك تغيير إعداد معرف المتصل"},{"$i":"smClirDefaultOnNextCallOn","$v":"الإعدادات الافتراضية لإظهار رقم المتصل هي مقيدة. المكالمة التالية: مقيدة"},{"$i":"smClirDefaultOnNextCallOff","$v":"الإعدادات الافتراضية لإظهار رقم المتصل هي مقيدة. المكالمة التالية: غير مقيدة"},{"$i":"smClirDefaultOffNextCallOn","$v":"الإعدادات الافتراضية لإظهار رقم المتصل هي غير مقيدة. المكالمة التالية: مقيدة"},{"$i":"smClirDefaultOffNextCallOff","$v":"الإعدادات الافتراضية لإظهار رقم المتصل هي غيرمقيدة. المكالمة التالية: غير مقيدة"},{"$i":"smServiceEnabledFor","$v":"تم تفعيل الخدمة ل:"},{"$i":"smPinChanged","$v":"تمَّ تغيير PIN بنجاح"},{"$i":"smPinUnblocked","$v":"رفع الحجب عن PIN بنجاح"},{"$i":"smPin2Changed","$v":"تمَّ تغيير PIN2 بنجاح"},{"$i":"smPin2Unblocked","$v":"ُُرُفع الحجب عن PIN2 بنجاح"},{"$i":"ServiceIsEnabled","$v":"Service is enabled"},{"$i":"ServiceIsDisabled","$v":"Service is disabled"},{"$i":"ServiceIsEnabledFor","$v":"Service is enabled for:"},{"$i":"emMmiError","$v":"مشكلة في الإتصال أو رمز MMI خاطئ"},{"$i":"emMmiErrorPasswordIncorrect","$v":"كلمة سر خاطئة"},{"$i":"emMmiErrorNotSupported","$v":"رمز MMI خاطئ أو غير مدعوم"},{"$i":"emMmiErrorInvalidAction","$v":"إجراء خاطئ."},{"$i":"emMmiErrorInvalidScCode","$v":"رمز خدمة خاطئ"},{"$i":"emMmiErrorBadPuk","$v":"رمز PUK الذي قمت بإدخاله غير صحيح"},{"$i":"emMmiErrorBadPin","$v":"PIN القديم الذي كتبته غير صحيح."},{"$i":"emMmiErrorNeedPuk2","$v":"قم بإدخال رمز PUK2 لفتح الشريحة"},{"$i":"emMmiErrorMismatchPin","$v":"لا يوجد تطابق بين رموز PIN التي أدخلتها"},{"$i":"emMmiErrorInvalidPin","$v":"قم بإدخال رمز PIN مكون من 4 إلى 8 أرقام"},{"$i":"emMmiErrorNeedsPuk","$v":"شريحتك مغلقة برمز PUK"},{"$i":"emMmiErrorEnablePin","$v":"غير ناجح , قم بتفعيل قفل ال SIM/RUIM"},{"$i":"emMmiErrorMmiFdn","$v":"العملية تقتصرعلى أرقام إاتصال ثابتة فقط"},{"$i":"emMmiErrorStkCcUssdDial","$v":"يتم تعديل طلب USSD لطلب DIAL"},{"$i":"emMmiErrorStkCcUssdSs","$v":"طلب USSD تعدل الى طلب SS"},{"$i":"emMmiErrorStkCcUssdUssd","$v":"يتم تعديل طلب USSD لطلب USSD جديد"},{"$i":"emMmiErrorStkCcSsDial","$v":"يتم تعديل الطلب SS لطلب DIAL"},{"$i":"emMmiErrorStkCcSsUssd","$v":"يتم تعديل الطلب SS لطلب USSD"},{"$i":"emMmiErrorStkCcSsSs","$v":"طلب SS تعدل الى طلب SS جديد"},{"$i":"emMmiErrorPinPukAttempts","$v":{"one":"بقيت محاولة واحدة فقط","two":"تبقت محاولتين اثنتين","few":["تبقى ",{"t":"idOrVar","v":"n"}," المحاولات"],"many":["تبقى ",{"t":"idOrVar","v":"n"}," محاولة"],"other":["تبقى ",{"t":"idOrVar","v":"n"}," محاولة"]},"$x":[{"t":"idOrVar","v":"plural"},"n"]},{"$i":"emMmiErrorSimBlocked","$v":"لقد تجاوزت الحد الأقصى من المحولات . حُجِبت الـ SIM"},{"$i":"RadioNotAvailable","$v":"الراديو غير متوفر"},{"$i":"GenericFailure","$v":"فشل"},{"$i":"PasswordIncorrect","$v":"كلمة سر غير صحيحة"},{"$i":"SimPin2","$v":"SIM PIN2"},{"$i":"SimPuk2","$v":"SIM PUK2"},{"$i":"RequestNotSupported","$v":"الطلب غير مدعوم"},{"$i":"OpNotAllowedDuringVoiceCall","$v":"العملية غير مسموحة أثناء الإتصال الصوتي"},{"$i":"SmsSendFailRetry","$v":"فشل في إرسال SMS اعدالمحاولة"},{"$i":"SimAbsent","$v":"الشريحة غير موجودة"},{"$i":"SubscriptionNotAvailable","$v":"الإشتراك غير متاح"},{"$i":"ModeNotSupported","$v":"الوضع غير مدعوم"},{"$i":"FdnCheckFailure","$v":"فشل اختيار Fdn"},{"$i":"IllegalSimOrMe","$v":"SIM غير قانونية أو ME"},{"$i":"DialModifiedToUssd","$v":"طلب تعديل USSD"},{"$i":"DialModifiedToSs","$v":"طلب تعديل SS"},{"$i":"DialModifiedToDial","$v":"عدّل الإتصال الهاتفي للإتصال"},{"$i":"UssdModifiedToDial","$v":"تعديل USSD للإتصال"},{"$i":"UssdModifiedToSs","$v":"تعديل USSD إلى SS"},{"$i":"UssdModifiedToUssd","$v":"تعديل USSD إلى USSD"},{"$i":"SsModifiedToDial","$v":"تعديل SS للاتصال"},{"$i":"SsModifiedToUssd","$v":"تعديل SS إلىUSSD"},{"$i":"SsModifiedToSs","$v":"تعديل SS إلى SS "},{"$i":"SubscriptionNotSupported","$v":"الإشتراك غير مدعوم"},{"$i":"InvalidParameter","$v":"معامل غير صالح"},{"$i":"RejectedByRemote","$v":"تم الرفض من طرف الخادم"},{"$i":"conferenceCall","$v":["Conference (",{"t":"idOrVar","v":"n"},")"]},{"$i":"caller-left-call","$v":[{"t":"idOrVar","v":"caller"}," المتصل غادر المكالمة."]},{"$i":"conferenceAddError","$v":"غير قادر على دمج المكالمات"},{"$i":"conferenceRemoveError","$v":"غير قادر على إلغاء دمج المكالمات"},{"$i":"longDateFormat","$v":"%A, %B %e"},{"$i":"select-audio-sources","$v":"اختر مصادر الصوت"},{"$i":"bluetooth-handsfree-device","$v":"أجهزة البلوتوث اليدوية"},{"$i":"receiver","$v":"المُستقبل"},{"$i":"speaker","$v":"مكبر الصوت"},{"$i":"voicemailNoNumberTitle","$v":"Voicemail number is unavailable"},{"$i":"voicemailNoNumberText","$v":"Unable to call the voicemail. Set up the voicemail number to place the call."},{"$i":"voicemailNoNumberSettings","$v":"Settings"},{"$i":"voicemailNoNumberCancel","$v":"Cancel"},{"$i":"phoneNumberInput","ariaLabel":"Phone number"},{"$i":"keypadDelete","ariaLabel":"Delete"},{"$i":"voiceMailKey","ariaLabel":"Voicemail"},{"$i":"asterisk","ariaLabel":"Asterisk"},{"$i":"hashSign","ariaLabel":"Hash sign"},{"$i":"emergencyNumber","$v":"رقم الطوارئ"},{"$i":"callAirplaneModeMessage","$v":"لإجراء مكالمة، قم بإلغاء وضع الطيران من الاعدادات."},{"$i":"callAirplaneModeBtnOk","$v":"موافق"},{"$i":"callAirplaneModeTitle","$v":"وضع الطيران مُفعّل"},{"$i":"numberIsBusyTitle","$v":"الرقم مشغول"},{"$i":"numberIsBusyMessage","$v":"الرقم مشغول حاليا. يرجى المحاولة مرة أخرى في وقت لاحق."},{"$i":"fdnIsActiveTitle","$v":"FDN active"},{"$i":"fdnIsActiveMessage","$v":["FDN (Fixed Dialing Numbers) is activated and the following number is not in your FDN list: ",{"t":"idOrVar","v":"number"}]},{"$i":"emergencyDialogBodyBadNumber","$v":"للإتصال يجب أن يكون الجوال مُتصل بشبكة."},{"$i":"emergencyDialogBodyDeviceNotAccepted","$v":"مكالمات الطوارئ غير مسموحة من الشبكة."},{"$i":"emergencyDialogBtnOk","$v":"موافق"},{"$i":"emergencyDialogTitle","$v":"لا يوجد اتصال بالشبكة "},{"$i":"invalidNumberToDialTitle","$v":"رقم هاتف غير صحيح"},{"$i":"invalidNumberToDialMessage","$v":"رقم الهاتف الذي تحاول الاتصال به غير صحيح"},{"$i":"unableToCallTitle","$v":"إجراء مكالمة هاتفية الآن غير ممكن"},{"$i":"unableToCallMessage","$v":"لا يمكن إجراء المكالمة , إذا كنت تقوم باتصال آخر , رجاءً أغلق الاتصال القديم أولاً."},{"$i":"otherConnectionInUseTitle","$v":"وسيلة اتصال اخرى قيد الاستخدام"},{"$i":"otherConnectionInUseMessage","$v":"لديك مكالمة نشطة على اتصال آخر. يمكنك فقط استخدام اتصال واحد في كل مرة."}]