[{"$i":"waitDuplicateContacts","$v":"正在尋找重複的聯絡人"},{"$i":"waitMergingDuplicateContacts","$v":"正在合併重複的聯絡人"},{"$i":"alertNoDuplicateContacts","$v":"找不到重複的聯絡人"},{"$i":"curtainCancel","$v":"取消"},{"$i":"merge","ariaLabel":"Merge"},{"$i":"close","$v":"關閉"},{"$i":"mergeDuplicateTitle","$v":"合併重複"},{"$i":"suggestedDuplicateContacts","$v":[{"t":"idOrVar","v":"name"}," 可能的重複聯絡人"]},{"$i":"mergeActionButtonLabel","$v":{"zero":"未選擇聯絡人","one":["合併 ",{"t":"idOrVar","v":"n"}," 位聯絡人"],"other":["合併 ",{"t":"idOrVar","v":"n"}," 位聯絡人"]},"$x":[{"t":"idOrVar","v":"plural"},"n"]},{"$i":"duplicatesFoundTitle","$v":"找到重複"},{"$i":"duplicatesFoundMessage","$v":["找到 ",{"t":"idOrVar","v":"name"}," 的重複聯絡資訊"]},{"$i":"ok","$v":"確定"},{"$i":"import","$v":"匯入"},{"$i":"update","$v":"更新"},{"$i":"fbFriends","$v":"Facebook 朋友"},{"$i":"live-serviceName","$v":"Outlook"},{"$i":"gmail-serviceName","$v":"Gmail"},{"$i":"facebook-serviceName","$v":"Facebook 朋友"},{"$i":"selectAll","$v":"全部選擇"},{"$i":"deselectAll","$v":"全部不選"},{"$i":"viewAll","$v":"檢視所有的 Facebook 朋友"},{"$i":"viewRecommend","$v":"僅檢視推薦項目"},{"$i":"linkProposal","$v":{"zero":"沒有符合的朋友。改顯示全部","one":"選擇建議的朋友","two":"選擇建議的朋友","few":"選擇建議的朋友","many":"選擇建議的朋友","other":"選擇建議的朋友"},"$x":[{"t":"idOrVar","v":"plural"},"numFriends"]},{"$i":"fbFriendsFound","$v":{"zero":"已匯入您所有的朋友","one":"找到一位可匯入的朋友","two":["找到 ",{"t":"idOrVar","v":"numFriends"}," 位可以匯入的朋友"],"few":["找到 ",{"t":"idOrVar","v":"numFriends"}," 位可以匯入的朋友"],"many":["找到 ",{"t":"idOrVar","v":"numFriends"}," 位可以匯入的朋友"],"other":["找到 ",{"t":"idOrVar","v":"numFriends"}," 位可以匯入的朋友"]},"$x":[{"t":"idOrVar","v":"plural"},"numFriends"]},{"$i":"fbNoFriends","$v":"No contacts available to import"},{"$i":"facebook","$v":"Facebook"},{"$i":"search-contact","placeholder":"搜尋"},{"$i":"noResults","$v":"找不到聯絡人"},{"$i":"done-search","$v":"完成"},{"$i":"progressFB3ImportTitle","$v":"正在將朋友匯入至通訊錄"},{"$i":"progressFB","$v":[{"t":"idOrVar","v":"current"},"/",{"t":"idOrVar","v":"total"}]},{"$i":"progressFB3UpdateTitle","$v":"正在更新通訊錄中的朋友"},{"$i":"message2","$v":"這可能要花一點時間"},{"$i":"messageLinking","$v":"請稍候。我們正在連結您的朋友與聯絡人。"},{"$i":"messageCanceling","$v":"請稍候，我們正在取消目前的操作。"},{"$i":"error1","$v":["錯誤 ",{"t":"idOrVar","v":"from"}]},{"$i":"error2","$v":"再試一次？"},{"$i":"errorProposal","$v":"正在計算請求"},{"$i":"errorFriends","$v":"正在擷取朋友"},{"$i":"errorLinking","$v":"正在連結聯絡人"},{"$i":"timeout1","$v":["超過時限 ",{"t":"idOrVar","v":"from"}]},{"$i":"timeout2","$v":"再試一次？"},{"$i":"timeoutProposal","$v":"正在計算請求"},{"$i":"timeoutFriends","$v":"正在擷取朋友"},{"$i":"timeoutLinking","$v":"正在連結聯絡人"},{"$i":"wait1","$v":"請稍候"},{"$i":"wait2","$v":"這可能要花一點時間"},{"$i":"waitProposal","$v":"請稍候。我們正在計算請求。"},{"$i":"waitFriends","$v":"請稍候，我們正在連線取得您的朋友清單。"},{"$i":"curtainRetry","$v":"重試"},{"$i":"curtainOK","$v":"確定"},{"$i":"connectionLost","$v":"沒有網際網路連線"},{"$i":"connectionLostMsg","$v":"朋友的照片將不會加入您的聯絡人清單。確定要繼續嗎？"},{"$i":"yesOption","$v":"確定"},{"$i":"noOption","$v":"取消"},{"$i":"friendsUpdated","$v":{"zero":"未更新朋友","one":"已更新一位朋友","two":["已更新 ",{"t":"idOrVar","v":"numFriends"}," 位朋友"],"few":["已更新 ",{"t":"idOrVar","v":"numFriends"}," 位朋友"],"many":["已更新 ",{"t":"idOrVar","v":"numFriends"}," 位朋友"],"other":["已更新 ",{"t":"idOrVar","v":"numFriends"}," 位朋友"]},"$x":[{"t":"idOrVar","v":"plural"},"numFriends"]},{"$i":"friendsMerged","$v":{"zero":"No duplicated friends merged","one":"One duplicated friend merged","two":[{"t":"idOrVar","v":"numDups"}," friends merged"],"few":[{"t":"idOrVar","v":"numDups"}," friends merged"],"many":[{"t":"idOrVar","v":"numDups"}," friends merged"],"other":[{"t":"idOrVar","v":"numDups"}," friends merged"]},"$x":[{"t":"idOrVar","v":"plural"},"numDups"]},{"$i":"notificationLogin","$v":"您的 Facebook 作業階段無效。請重新登入。"},{"$i":"syncError","$v":"同步您朋友的資料時發生錯誤。"},{"$i":"gaia-menu-cancel","$v":"Cancel"},{"$i":"gaia-sim-picker-dial-via-with-number","$v":["Dial ",{"t":"idOrVar","v":"phoneNumber"}," via"]},{"$i":"gaia-sim-picker-select-sim","$v":"Select SIM"},{"$i":"gaia-sim-picker-button","$v":["SIM",{"t":"idOrVar","v":"n"}]},{"$i":"gaia-sim-picker-button-default","$v":"(default)"},{"$i":"call","$v":"撥號"},{"$i":"edit","$v":"編輯"},{"$i":"cancel","$v":"取消"},{"$i":"done","$v":"完成"},{"$i":"retry","$v":"重試"},{"$i":"contacts","$v":"聯絡人"},{"$i":"addContact","$v":"新增聯絡人"},{"$i":"deleteContact","$v":"刪除聯絡人"},{"$i":"selectContact","$v":"選擇聯絡人"},{"$i":"editContact","$v":"編輯聯絡人"},{"$i":"deleteConfirmMsg","$v":"要刪除聯絡人？"},{"$i":"remove","$v":"移除"},{"$i":"delete","$v":"刪除"},{"$i":"comments","$v":"附註"},{"$i":"no_contact_phones","$v":"此聯絡人沒有電話號碼"},{"$i":"no_contact_email","$v":"此聯絡人沒有電子郵件地址"},{"$i":"no_contact_data","$v":"This contact does not have a phone number and email address"},{"$i":"removePhotoConfirm","$v":"移除聯絡人大頭照？"},{"$i":"loadingContacts","$v":"正在載入聯絡人…"},{"$i":"noContactsActivity","$v":"因為您的聯絡人清單是空的，無法新增至聯絡人"},{"$i":"noName","$v":"無名"},{"$i":"givenName","placeholder":"名字"},{"$i":"familyName","placeholder":"姓氏"},{"$i":"tel","placeholder":"電話"},{"$i":"carrier","$v":"電信業者","placeholder":"電信業者"},{"$i":"separator","$v":","},{"$i":"email","$v":"電子郵件","placeholder":"電子郵件"},{"$i":"streetAddress","placeholder":"街道"},{"$i":"postalCode","placeholder":"郵遞區號"},{"$i":"locality","placeholder":"城市"},{"$i":"countryName","placeholder":"國家"},{"$i":"comment","placeholder":"附註"},{"$i":"org","placeholder":"公司"},{"$i":"date","$v":"日期","placeholder":"日期"},{"$i":"date-span-placeholder","$v":"Date"},{"$i":"birthday","$v":"生日"},{"$i":"dateFormat","$v":"%b %e 日"},{"$i":"dateOutput","$v":[{"t":"idOrVar","v":"year"}," ",{"t":"idOrVar","v":"dayMonthFormatted"}]},{"$i":"anniversary","$v":"周年紀念日"},{"$i":"addPhoto","$v":"新增大頭照"},{"$i":"addPhone","$v":"新增電話號碼"},{"$i":"addEmail","$v":"新增電子郵件地址"},{"$i":"addAddress","$v":"新增地址"},{"$i":"addDate","$v":"新增日期"},{"$i":"addComment","$v":"新增附註"},{"$i":"addFavorite","$v":"加入我的最愛"},{"$i":"removeFavorite","$v":"自我的最愛移除"},{"$i":"addButton","ariaLabel":"Add"},{"$i":"editButton","ariaLabel":"Edit"},{"$i":"settingsButton","ariaLabel":"Settings"},{"$i":"phoneDetail","ariaLabel":"Phone"},{"$i":"emailDetail","ariaLabel":"Email"},{"$i":"addressDetail","ariaLabel":"Address"},{"$i":"dateDetail","ariaLabel":"Date"},{"$i":"composeEmail","ariaLabel":"Email"},{"$i":"makeCall","ariaLabel":"Call"},{"$i":"phones","ariaLabel":"Phones"},{"$i":"emails","ariaLabel":"Emails"},{"$i":"addresses","ariaLabel":"Addresses"},{"$i":"dates","ariaLabel":"Dates"},{"$i":"notes","ariaLabel":"Notes"},{"$i":"exit","$v":"結束"},{"$i":"expand","$v":"展開"},{"$i":"labelName","$v":"名字:"},{"$i":"labelLastName","$v":"姓氏:"},{"$i":"labelPhoneNumber","$v":"電話號碼:"},{"$i":"labelCarrier","$v":"電信業者:"},{"$i":"labelEmail","$v":"電子郵件:"},{"$i":"labelStreet","$v":"街道:"},{"$i":"labelZip","$v":"郵遞區號:"},{"$i":"labelCity","$v":"縣／市:"},{"$i":"labelCountry","$v":"國家:"},{"$i":"labelComment","$v":"附註:"},{"$i":"legendTitleMain","$v":"主要資訊"},{"$i":"legendPhones","$v":"電話號碼"},{"$i":"legendEmail","$v":"電子郵件地址"},{"$i":"legendAddress","$v":"住址"},{"$i":"transferContactsTitle","$v":"轉移聯絡人"},{"$i":"importContactsTitle","$v":"匯入聯絡人"},{"$i":"importContactsButton","$v":"匯入聯絡人"},{"$i":"exportContactsTitle","$v":"匯出聯絡人"},{"$i":"exportContactsButton","$v":"匯出聯絡人"},{"$i":"exportContactsAction","$v":"匯出"},{"$i":"simExport-title","$v":"匯出至 SIM 卡"},{"$i":"memoryCardExport-title","$v":"Export to memory card"},{"$i":"btExport-title","$v":"匯出至藍牙"},{"$i":"memoryCardUMSEnabled","$v":"Cannot use memory card because USB storage is enabled"},{"$i":"exportErrorTitle","$v":"匯出錯誤"},{"$i":"contactsExported2","$v":{"zero":"未匯出聯絡人","one":["已匯出 ",{"t":"idOrVar","v":"exported"},"/",{"t":"idOrVar","v":"total"},"  聯絡人"],"two":["已匯出 ",{"t":"idOrVar","v":"exported"},"/",{"t":"idOrVar","v":"total"},"  聯絡人"],"few":["已匯出 ",{"t":"idOrVar","v":"exported"},"/",{"t":"idOrVar","v":"total"},"  聯絡人"],"many":["已匯出 ",{"t":"idOrVar","v":"exported"},"/",{"t":"idOrVar","v":"total"},"  聯絡人"],"other":["已匯出 ",{"t":"idOrVar","v":"exported"},"/",{"t":"idOrVar","v":"total"},"  聯絡人"]},"$x":[{"t":"idOrVar","v":"plural"},"exported"]},{"$i":"exportError-general","$v":"匯出時發生錯誤"},{"$i":"exportError-SD-shared","$v":"因為已共享，無法存取記憶卡"},{"$i":"exportError-SD-unavailable","$v":"無法使用記憶卡"},{"$i":"exportError-SD-noSpace","$v":"記憶卡剩餘空間不足，無法匯出聯絡人"},{"$i":"exportError-SIM-unavailable","$v":"無法使用 SIM 卡"},{"$i":"exportError-BT-shared","$v":"因為已共享，無法存取記憶卡"},{"$i":"exportError-BT-unavailable","$v":"無法使用記憶卡"},{"$i":"exportError-BT-noSpace","$v":"記憶卡剩餘空間不足，無法匯出聯絡人"},{"$i":"social-network","$v":"社群網路"},{"$i":"social-link","$v":"連結聯絡人"},{"$i":"social-unlink","$v":"解除連結聯絡人"},{"$i":"social-unlink-confirm-title","$v":"您是否想要取消您朋友的連結？"},{"$i":"social-unlink-confirm-accept","$v":"解除連結"},{"$i":"facebook-import","$v":"匯入 Facebook 上的朋友"},{"$i":"show-fb-profile","$v":"檢視 Facebook 個人資訊"},{"$i":"msg-send","$v":"訊息"},{"$i":"wall-post","$v":"動態時報貼文"},{"$i":"facebook-export-forbidden","$v":"The contact cannot be shared due to Facebook constraint."},{"$i":"otherAccount","$v":"其他帳號"},{"$i":"facebookSwitchMsg","$v":"同步朋友"},{"$i":"select_mobile","$v":"選擇行動電話號碼"},{"$i":"select_email","$v":"選擇電子郵件地址"},{"$i":"select_recipient","$v":"Select recipient"},{"$i":"contactsOrderBy","$v":"依照姓氏排序"},{"$i":"importSim2","$v":"SIM 卡"},{"$i":"importGmail","$v":"Gmail"},{"$i":"bluetooth","$v":"藍牙"},{"$i":"importOutlook","$v":"Outlook"},{"$i":"fbUpdateFriends","$v":"更新匯入的朋友"},{"$i":"cleaningFbData","$v":"移除 Facebook 資料"},{"$i":"loggingOutFb","$v":"自 Facebook 登出"},{"$i":"cleanFbConfirmMsg","$v":"移除所有 Facebook 資料？"},{"$i":"renewPwdMsg","$v":"您的 Facebook 密碼已更動。請更新。"},{"$i":"notEnabledYet","$v":"未啟用"},{"$i":"genericNoConnection","$v":"請連線至 Wi-Fi 或數據網路以匯入聯絡人"},{"$i":"simCard","$v":"SIM 卡"},{"$i":"memoryCard","$v":"記憶卡"},{"$i":"simNumberNoMSISDN","$v":["SIM ",{"t":"idOrVar","v":"number"},":"]},{"$i":"simNumberWithMSISDN","$v":["SIM ",{"t":"idOrVar","v":"number"},": ",{"t":"idOrVar","v":"msisdn"}]},{"$i":"ICEContactsGroup","$v":"ICE Contacts"},{"$i":"setICEButton","$v":"Set ICE Contacts"},{"$i":"ICESettingTitle","$v":"ICE Contacts"},{"$i":"ICEDescription","$v":"Add two contacts for making “In Case of Emergency” calls."},{"$i":"ICEContact1","$v":"ICE Contact 1"},{"$i":"ICESelectContact","$v":"Select a contact"},{"$i":"ICEContact2","$v":"ICE Contact 2"},{"$i":"ICERepeatedContact","$v":"This contact is already an existing ICE contact"},{"$i":"ICEUnknownError","$v":"There was an error setting the contact as ICE"},{"$i":"ICEContactNoNumber","$v":"This contact doesn't have a phone number"},{"$i":"ICEFacebookContactNotAllowed","$v":"Facebook contacts cannot be set as ICE contacts"},{"$i":"ICEContactDelTel","$v":"Deleted phone numbers are removed from ICE Contact"},{"$i":"ICEContactDelTelAll","$v":"All the numbers are deleted. This contact is removed from the ICE Contacts."},{"$i":"no-contacts","$v":"無聯絡人"},{"$i":"start-adding","$v":"開始新增聯絡人吧"},{"$i":"notImported","$v":"未匯入"},{"$i":"imported","$v":"已匯入"},{"$i":"today","$v":"今天"},{"$i":"yesterday","$v":"昨天"},{"$i":"organise-contacts","$v":"管理聯絡人"},{"$i":"find-merge-contacts","$v":"搜尋重複的聯絡人"},{"$i":"preparing-contacts","$v":"正在整理聯絡人"},{"$i":"exportError-SIM-NoFreeRecordFound","$v":"SIM 卡已滿"},{"$i":"exportError-SIM-CannotAccessPhoneBook","$v":"無法存取 SIM 卡通訊錄"},{"$i":"exportError-SIM-Unavailable","$v":"未偵測到 SIM 卡"},{"$i":"exportError-SIM-GenericError","$v":"匯出聯絡人時發生錯誤"},{"$i":"noSimMsgExport","$v":"要匯出聯絡人，請插入或解鎖您的 SIM 卡"},{"$i":"noMemoryCardMsgExport","$v":"請插入記憶卡以匯出聯絡人"},{"$i":"ContactManagementTitle","$v":"Contacts Management"},{"$i":"DeleteTitle","$v":"Delete"},{"$i":"bulkDeleteButton","$v":"Delete Contacts"},{"$i":"BulkDelCancel","$v":"Contacts delete cancelled"},{"$i":"DeletedTxt","$v":{"zero":"No Contact to Delete","one":"1 Contact removed","two":[{"t":"idOrVar","v":"n"}," Contacts removed"],"few":[{"t":"idOrVar","v":"n"}," Contacts removed"],"many":[{"t":"idOrVar","v":"n"}," Contacts removed"],"other":[{"t":"idOrVar","v":"n"}," Contacts removed"]},"$x":[{"t":"idOrVar","v":"plural"},"n"]},{"$i":"DeletingContacts","$v":"Deleting contacts"},{"$i":"ContactConfirmDel","$v":{"zero":"No Contact to Delete","one":"Delete 1 Contact? This cannot be undone.","two":["Delete ",{"t":"idOrVar","v":"n"}," Contacts? This cannot be undone."],"few":["Delete ",{"t":"idOrVar","v":"n"}," Contacts? This cannot be undone."],"many":["Delete ",{"t":"idOrVar","v":"n"}," Contacts? This cannot be undone."],"other":["Delete ",{"t":"idOrVar","v":"n"}," Contacts? This cannot be undone."]},"$x":[{"t":"idOrVar","v":"plural"},"n"]},{"$i":"SelectedTxt","$v":{"zero":"Contacts","one":[{"t":"idOrVar","v":"n"}," selected"],"two":[{"t":"idOrVar","v":"n"}," selected"],"few":[{"t":"idOrVar","v":"n"}," selected"],"many":[{"t":"idOrVar","v":"n"}," selected"],"other":[{"t":"idOrVar","v":"n"}," selected"]},"$x":[{"t":"idOrVar","v":"plural"},"n"]},{"$i":"video","$v":"Video"},{"$i":"audio","$v":"Audio"},{"$i":"pick_destination","$v":[{"t":"idOrVar","v":"destination"}," ",{"t":"idOrVar","v":"carrier"}]},{"$i":"removeField","ariaLabel":"Remove"},{"$i":"undo","ariaLabel":"Undo"},{"$i":"send-sms-button","ariaLabel":"SMS"},{"$i":"ice_contacts","$v":"ICE Contacts"},{"$i":"edit-picture","$v":"Edit Picture"},{"$i":"remove-photo","$v":"Remove photo"},{"$i":"change-photo","$v":"Change photo"},{"$i":"photo-options","$v":"Photo options"},{"$i":"voiceMail","$v":"語音信箱"},{"$i":"back","$v":"上一頁"},{"$i":"noSimMsg","$v":"請插入或解鎖 SIM 卡以匯入聯絡人"},{"$i":"noMemoryCardMsg","$v":"請插入記憶卡以匯入聯絡人"},{"$i":"importMemoryCard","$v":"記憶卡"},{"$i":"noConnection11","$v":"請先連線到 Wi-Fi 或數據網路以匯入 Facebook 朋友或聯絡人"},{"$i":"emptyAccount","$v":"No friends or contacts found in this account."},{"$i":"simContacts-import","$v":"匯入 SIM 卡中的聯絡人"},{"$i":"simContacts-importing","$v":"正在匯入 SIM 卡中的聯絡人…"},{"$i":"simContacts-reading","$v":"正在讀取 SIM 卡…"},{"$i":"simContacts-error","$v":"無法自 SIM 卡中匯入聯絡人"},{"$i":"simContacts-imported3","$v":{"zero":"SIM 卡上找不到可匯入的聯絡人","one":"已匯入 1 位聯絡人","two":["已匯入 ",{"t":"idOrVar","v":"n"}," 位聯絡人"],"few":["已匯入 ",{"t":"idOrVar","v":"n"}," 位聯絡人"],"many":["已匯入 ",{"t":"idOrVar","v":"n"}," 位聯絡人"],"other":["已匯入 ",{"t":"idOrVar","v":"n"}," 位聯絡人"]},"$x":[{"t":"idOrVar","v":"plural"},"n"]},{"$i":"memoryCardContacts-import","$v":"自記憶卡中匯入聯絡人"},{"$i":"memoryCardContacts-importing","$v":"正在自記憶卡中匯入聯絡人…"},{"$i":"memoryCardContacts-reading","$v":"正在讀取記憶卡…"},{"$i":"memoryCardContacts-error","$v":"無法自記憶卡中匯入聯絡人"},{"$i":"memoryCardContacts-imported3","$v":{"zero":"記憶卡中偵測不到聯絡人","one":"已匯入 1 位聯絡人","two":["已匯入 ",{"t":"idOrVar","v":"n"}," 位聯絡人"],"few":["已匯入 ",{"t":"idOrVar","v":"n"}," 位聯絡人"],"many":["已匯入 ",{"t":"idOrVar","v":"n"}," 位聯絡人"],"other":["已匯入 ",{"t":"idOrVar","v":"n"}," 位聯絡人"]},"$x":[{"t":"idOrVar","v":"plural"},"n"]},{"$i":"genericProgress","$v":[{"t":"idOrVar","v":"current"},"/",{"t":"idOrVar","v":"total"}]},{"$i":"facebook-import-msg2","$v":["已匯入 ",{"t":"idOrVar","v":"imported"},"/",{"t":"idOrVar","v":"total"}," 位朋友"]},{"$i":"contactsMerged","$v":{"zero":"No duplicated contacts merged","one":"One duplicated contact merged","two":[{"t":"idOrVar","v":"numDups"}," contacts merged"],"few":[{"t":"idOrVar","v":"numDups"}," contacts merged"],"many":[{"t":"idOrVar","v":"numDups"}," contacts merged"],"other":[{"t":"idOrVar","v":"numDups"}," contacts merged"]},"$x":[{"t":"idOrVar","v":"plural"},"numDups"]},{"$i":"weekday-0-long","$v":"星期日"},{"$i":"weekday-1-long","$v":"星期一"},{"$i":"weekday-2-long","$v":"星期二"},{"$i":"weekday-3-long","$v":"星期三"},{"$i":"weekday-4-long","$v":"星期四"},{"$i":"weekday-5-long","$v":"星期五"},{"$i":"weekday-6-long","$v":"星期六"},{"$i":"weekday-0-short","$v":"週日"},{"$i":"weekday-1-short","$v":"週一"},{"$i":"weekday-2-short","$v":"週二"},{"$i":"weekday-3-short","$v":"週三"},{"$i":"weekday-4-short","$v":"週四"},{"$i":"weekday-5-short","$v":"週五"},{"$i":"weekday-6-short","$v":"週六"},{"$i":"month-0-long","$v":"一月"},{"$i":"month-1-long","$v":"二月"},{"$i":"month-2-long","$v":"三月"},{"$i":"month-3-long","$v":"四月"},{"$i":"month-4-long","$v":"五月"},{"$i":"month-5-long","$v":"六月"},{"$i":"month-6-long","$v":"七月"},{"$i":"month-7-long","$v":"八月"},{"$i":"month-8-long","$v":"九月"},{"$i":"month-9-long","$v":"十月"},{"$i":"month-10-long","$v":"十一月"},{"$i":"month-11-long","$v":"十二月"},{"$i":"month-0-genitive","$v":"1 月"},{"$i":"month-1-genitive","$v":"2 月"},{"$i":"month-2-genitive","$v":"3 月"},{"$i":"month-3-genitive","$v":"4 月"},{"$i":"month-4-genitive","$v":"5 月"},{"$i":"month-5-genitive","$v":"6 月"},{"$i":"month-6-genitive","$v":"7 月"},{"$i":"month-7-genitive","$v":"8 月"},{"$i":"month-8-genitive","$v":"9 月"},{"$i":"month-9-genitive","$v":"10 月"},{"$i":"month-10-genitive","$v":"11 月"},{"$i":"month-11-genitive","$v":"12 月"},{"$i":"month-0-short","$v":"1 月"},{"$i":"month-1-short","$v":"2 月"},{"$i":"month-2-short","$v":"3 月"},{"$i":"month-3-short","$v":"4 月"},{"$i":"month-4-short","$v":"5 月"},{"$i":"month-5-short","$v":"6 月"},{"$i":"month-6-short","$v":"7 月"},{"$i":"month-7-short","$v":"8 月"},{"$i":"month-8-short","$v":"9 月"},{"$i":"month-9-short","$v":"10 月"},{"$i":"month-10-short","$v":"11 月"},{"$i":"month-11-short","$v":"12 月"},{"$i":"minutes-ago-long","$v":{"zero":"剛剛","one":"1 分鐘前","two":[{"t":"idOrVar","v":"value"}," 分鐘前"],"few":[{"t":"idOrVar","v":"value"}," 分鐘前"],"many":[{"t":"idOrVar","v":"value"}," 分鐘前"],"other":[{"t":"idOrVar","v":"value"}," 分鐘前"]},"$x":[{"t":"idOrVar","v":"plural"},"value"]},{"$i":"hours-ago-long","$v":{"zero":"剛剛","one":"1 小時前","two":[{"t":"idOrVar","v":"value"}," 小時前"],"few":[{"t":"idOrVar","v":"value"}," 小時前"],"many":[{"t":"idOrVar","v":"value"}," 小時前"],"other":[{"t":"idOrVar","v":"value"}," 小時前"]},"$x":[{"t":"idOrVar","v":"plural"},"value"]},{"$i":"days-ago-long","$v":{"zero":"今天","one":"昨天","two":[{"t":"idOrVar","v":"value"}," 天前"],"few":[{"t":"idOrVar","v":"value"}," 天前"],"many":[{"t":"idOrVar","v":"value"}," 天前"],"other":[{"t":"idOrVar","v":"value"}," 天前"]},"$x":[{"t":"idOrVar","v":"plural"},"value"]},{"$i":"weeks-ago-long","$v":{"zero":"本週","one":"上週","two":[{"t":"idOrVar","v":"value"}," 週前"],"few":[{"t":"idOrVar","v":"value"}," 週前"],"many":[{"t":"idOrVar","v":"value"}," 週前"],"other":[{"t":"idOrVar","v":"value"}," 週前"]},"$x":[{"t":"idOrVar","v":"plural"},"value"]},{"$i":"months-ago-long","$v":{"zero":"本月","one":"上月","two":[{"t":"idOrVar","v":"value"}," 月前"],"few":[{"t":"idOrVar","v":"value"}," 月前"],"many":[{"t":"idOrVar","v":"value"}," 月前"],"other":[{"t":"idOrVar","v":"value"}," 月前"]},"$x":[{"t":"idOrVar","v":"plural"},"value"]},{"$i":"years-ago-long","$v":{"zero":"今年","one":"去年","two":[{"t":"idOrVar","v":"value"}," 年前"],"few":[{"t":"idOrVar","v":"value"}," 年前"],"many":[{"t":"idOrVar","v":"value"}," 年前"],"other":[{"t":"idOrVar","v":"value"}," 年前"]},"$x":[{"t":"idOrVar","v":"plural"},"value"]},{"$i":"minutes-until-long","$v":{"zero":"現在","one":"1 分鐘內","two":[{"t":"idOrVar","v":"value"}," 分鐘內"],"few":[{"t":"idOrVar","v":"value"}," 分鐘內"],"many":[{"t":"idOrVar","v":"value"}," 分鐘內"],"other":[{"t":"idOrVar","v":"value"}," 分鐘內"]},"$x":[{"t":"idOrVar","v":"plural"},"value"]},{"$i":"hours-until-long","$v":{"zero":"現在","one":"1 小時內","two":[{"t":"idOrVar","v":"value"}," 小時前"],"few":[{"t":"idOrVar","v":"value"}," 小時前"],"many":[{"t":"idOrVar","v":"value"}," 小時前"],"other":[{"t":"idOrVar","v":"value"}," 小時前"]},"$x":[{"t":"idOrVar","v":"plural"},"value"]},{"$i":"days-until-long","$v":{"zero":"今天","one":"明天","two":[{"t":"idOrVar","v":"value"}," 天內"],"few":[{"t":"idOrVar","v":"value"}," 天內"],"many":[{"t":"idOrVar","v":"value"}," 天內"],"other":[{"t":"idOrVar","v":"value"}," 天內"]},"$x":[{"t":"idOrVar","v":"plural"},"value"]},{"$i":"weeks-until-long","$v":{"zero":"本週","one":"下週","two":[{"t":"idOrVar","v":"value"}," 週內"],"few":[{"t":"idOrVar","v":"value"}," 週內"],"many":[{"t":"idOrVar","v":"value"}," 週內"],"other":[{"t":"idOrVar","v":"value"}," 週內"]},"$x":[{"t":"idOrVar","v":"plural"},"value"]},{"$i":"months-until-long","$v":{"zero":"本月","one":"下月","two":[{"t":"idOrVar","v":"value"}," 月內"],"few":[{"t":"idOrVar","v":"value"}," 月內"],"many":[{"t":"idOrVar","v":"value"}," 月內"],"other":[{"t":"idOrVar","v":"value"}," 月內"]},"$x":[{"t":"idOrVar","v":"plural"},"value"]},{"$i":"years-until-long","$v":{"zero":"今年","one":"明年","two":[{"t":"idOrVar","v":"value"}," 年內"],"few":[{"t":"idOrVar","v":"value"}," 年內"],"many":[{"t":"idOrVar","v":"value"}," 年內"],"other":[{"t":"idOrVar","v":"value"}," 年內"]},"$x":[{"t":"idOrVar","v":"plural"},"value"]},{"$i":"minutes-ago-short","$v":{"zero":"剛剛","other":[{"t":"idOrVar","v":"value"}," 分前"]},"$x":[{"t":"idOrVar","v":"plural"},"value"]},{"$i":"hours-ago-short","$v":{"zero":"剛剛","other":[{"t":"idOrVar","v":"value"}," 時前"]},"$x":[{"t":"idOrVar","v":"plural"},"value"]},{"$i":"days-ago-short","$v":{"zero":"今天","other":[{"t":"idOrVar","v":"value"}," 天前"]},"$x":[{"t":"idOrVar","v":"plural"},"value"]},{"$i":"minutes-until-short","$v":{"zero":"現在","other":[{"t":"idOrVar","v":"value"}," 分內"]},"$x":[{"t":"idOrVar","v":"plural"},"value"]},{"$i":"hours-until-short","$v":{"zero":"現在","other":[{"t":"idOrVar","v":"value"}," 時內"]},"$x":[{"t":"idOrVar","v":"plural"},"value"]},{"$i":"days-until-short","$v":{"zero":"今天","other":[{"t":"idOrVar","v":"value"}," 天內"]},"$x":[{"t":"idOrVar","v":"plural"},"value"]},{"$i":"incorrectDate","$v":"（日期不正確）"},{"$i":"dateTimeFormat_%c","$v":"%Y年%b%d日 %a %p %I:%M:%S"},{"$i":"dateTimeFormat_%x","$v":"%Y/%m/%d"},{"$i":"dateTimeFormat_%X","$v":"%p %I:%M:%S"},{"$i":"shortTimeFormat","$v":"%p %I:%M"},{"$i":"shortTimeFormat12","$v":"%I:%M %p"},{"$i":"shortTimeFormat24","$v":"%H:%M"},{"$i":"shortDateTimeFormat","$v":"%x %p %I:%M"},{"$i":"weekStartsOnMonday","$v":"1"},{"$i":"time_am","$v":"上午"},{"$i":"time_pm","$v":"下午"},{"$i":"label","$v":"標籤"},{"$i":"mobile","$v":"行動電話"},{"$i":"home","$v":"住家"},{"$i":"work","$v":"商務"},{"$i":"personal","$v":"私人"},{"$i":"faxHome","$v":"家用傳真"},{"$i":"faxOffice","$v":"公司傳真"},{"$i":"faxOther","$v":"其他傳真"},{"$i":"another","$v":"另一個"},{"$i":"other","$v":"其他"},{"$i":"customTag","placeholder":"Custom tag"},{"$i":"current","$v":"目前"},{"$i":"itemWithLabel","$v":[{"t":"idOrVar","v":"label"},": ",{"t":"idOrVar","v":"item"}]},{"$i":"addNewNumber","$v":"Add new number"},{"$i":"contactDetails","$v":"Contact details"},{"$i":"addToExistingContact","$v":"新增到現有聯絡人資料"},{"$i":"all","$v":"All","ariaLabel":"All"},{"$i":"bluetoothOption","ariaLabel":"Bluetooth"},{"$i":"callLog","$v":"通話紀錄"},{"$i":"callLogEdit","title":"Edit call log"},{"$i":"callLogEditDialog","ariaLabel":"Edit call log dialog"},{"$i":"connecting","$v":"撥號中"},{"$i":"connectingEllipsis","$v":"Connecting…"},{"$i":"call-forwarding-async","$v":["非同步: ",{"t":"idOrVar","v":"async"}]},{"$i":"call-forwarding-data","$v":["資料：",{"t":"idOrVar","v":"data"}]},{"$i":"call-forwarding-error","$v":"取得通話轉接狀態時發生錯誤"},{"$i":"call-forwarding-fax","$v":["傳真: ",{"t":"idOrVar","v":"fax"}]},{"$i":"call-forwarding-inactive","$v":"停用"},{"$i":"call-forwarding-packet","$v":["封包: ",{"t":"idOrVar","v":"packet"}]},{"$i":"call-forwarding-pad","$v":["PAD: ",{"t":"idOrVar","v":"pad"}]},{"$i":"call-forwarding-sms","$v":["簡訊：",{"t":"idOrVar","v":"sms"}]},{"$i":"call-forwarding-status","$v":"通話轉接狀態"},{"$i":"call-forwarding-sync","$v":["同步: ",{"t":"idOrVar","v":"sync"}]},{"$i":"call-forwarding-voice","$v":["語音：",{"t":"idOrVar","v":"voice"}]},{"$i":"confirm-deletion","$v":"清除所選的來電？"},{"$i":"createNewContact","$v":"建立新聯絡人"},{"$i":"dialerAddContact","ariaLabel":"Add contact"},{"$i":"dialerAddContactDialog","ariaLabel":"Add Contact Dialog"},{"$i":"callInformation","$v":"Call Information"},{"$i":"edit-selected","$v":{"one":["已選擇 ",{"t":"idOrVar","v":"n"}," 筆"],"two":["已選擇 ",{"t":"idOrVar","v":"n"}," 筆"],"few":["已選擇 ",{"t":"idOrVar","v":"n"}," 筆"],"many":["已選擇 ",{"t":"idOrVar","v":"n"}," 筆"],"other":["已選擇 ",{"t":"idOrVar","v":"n"}," 筆"]},"$x":[{"t":"idOrVar","v":"plural"},"n"]},{"$i":"hideKeypad","ariaLabel":"Hide keypad"},{"$i":"ignore","$v":"忽略通話"},{"$i":"incoming","$v":"來電"},{"$i":"keypad","ariaLabel":"Keypad"},{"$i":"info-missed","$v":"Missed"},{"$i":"missed","$v":"Missed","ariaLabel":"Missed"},{"$i":"canceled","$v":"Canceled"},{"$i":"missedCall","$v":"未接來電"},{"$i":"missedCallMultiSims","$v":["(SIM ",{"t":"idOrVar","v":"n"},") 未接來電"]},{"$i":"mmi-error","$v":"傳送訊息時發生錯誤"},{"$i":"mmi-session-expired","$v":"Session 已過期"},{"$i":"mmi-successfully-sent","$v":"訊息已成功送出"},{"$i":"mmi-notification-title-with-sim","$v":["(",{"t":"idOrVar","v":"sim"},") ",{"t":"idOrVar","v":"title"}]},{"$i":"mute","ariaLabel":"Mute"},{"$i":"newCall","ariaLabel":"New call"},{"$i":"no-logs-msg-1","$v":"未紀錄來電"},{"$i":"no-logs-msg-2","$v":"立刻開始通訊"},{"$i":"no-logs-msg-3","$v":"無未接來電"},{"$i":"onHoldOption","ariaLabel":"On hold"},{"$i":"outgoing","$v":"Outgoing"},{"$i":"recents","ariaLabel":"Recent calls"},{"$i":"reply","$v":"回覆"},{"$i":"send","$v":"傳送"},{"$i":"switch-calls","$v":"切換通話"},{"$i":"withheld-number","$v":"隱藏發話號碼"},{"$i":"from-contact","$v":["來自 ",{"t":"idOrVar","v":"contact"}]},{"$i":"from-number","$v":["來自 ",{"t":"idOrVar","v":"number"}]},{"$i":"from-withheld-number","$v":"來電號碼隱藏"},{"$i":"sending","$v":"傳送中…"},{"$i":"speakerOption","ariaLabel":"Speaker"},{"$i":"ussd-services","$v":[{"t":"idOrVar","v":"operator"}," 服務"]},{"$i":"toggleKeypad","ariaLabel":"Toggle keypad"},{"$i":"type-your-response","placeholder":"輸入您的回應…"},{"$i":"clear-all-text","$v":"清除所有文字"},{"$i":"hide","$v":"隱藏"},{"$i":"hold","ariaLabel":"保留"},{"$i":"resume","$v":"Resume","ariaLabel":"Resume"},{"$i":"sendSms","$v":"寄送郵件"},{"$i":"callEnded","$v":"通話已結束"},{"$i":"via-sim","$v":["透過 SIM",{"t":"idOrVar","v":"n"}]},{"$i":"sim-number","$v":["SIM",{"t":"idOrVar","v":"n"}]},{"$i":"unknown","$v":"Unknown"},{"$i":"hangup-a11y-button","ariaLabel":"Hang Up"},{"$i":"pickup-a11y-button","ariaLabel":"Pick up"},{"$i":"unlock-a11y-button","ariaLabel":"Slider"},{"$i":"settings","$v":"設定"},{"$i":"delete-n-log?","$v":{"zero":"未選取項目","one":"要刪除所選的紀錄？","two":["要刪除 ",{"t":"idOrVar","v":"n"}," 筆紀錄？"],"few":["要刪除 ",{"t":"idOrVar","v":"n"}," 筆紀錄？"],"many":["要刪除 ",{"t":"idOrVar","v":"n"}," 筆紀錄？"],"other":["要刪除 ",{"t":"idOrVar","v":"n"}," 筆紀錄？"]},"$x":[{"t":"idOrVar","v":"plural"},"n"]},{"$i":"callDurationMinutes","$v":[{"t":"idOrVar","v":"m"},":",{"t":"idOrVar","v":"s"}]},{"$i":"callDurationHours","$v":[{"t":"idOrVar","v":"h"},":",{"t":"idOrVar","v":"m"},":",{"t":"idOrVar","v":"s"}]},{"$i":"callDurationTextFormatSeconds","$v":[{"t":"idOrVar","v":"s"}," s"]},{"$i":"callDurationTextFormatMinutes","$v":[{"t":"idOrVar","v":"m"}," m ",{"t":"idOrVar","v":"s"}," s"]},{"$i":"callDurationTextFormatHours","$v":[{"t":"idOrVar","v":"h"}," h ",{"t":"idOrVar","v":"m"}," m ",{"t":"idOrVar","v":"s"}," s"]},{"$i":"suggestionMatches","$v":{"one":["「",{"t":"idOrVar","v":"matchNumber"},"」找到 ",{"t":"idOrVar","v":"n"}," 筆"],"two":["「",{"t":"idOrVar","v":"matchNumber"},"」找到 ",{"t":"idOrVar","v":"n"}," 筆"],"few":["「",{"t":"idOrVar","v":"matchNumber"},"」找到 ",{"t":"idOrVar","v":"n"}," 筆"],"many":["「",{"t":"idOrVar","v":"matchNumber"},"」找到 ",{"t":"idOrVar","v":"n"}," 筆"],"other":["「",{"t":"idOrVar","v":"matchNumber"},"」找到 ",{"t":"idOrVar","v":"n"}," 筆"]},"$x":[{"t":"idOrVar","v":"plural"},"n"]},{"$i":"scCallBarring","$v":"通話限制"},{"$i":"scCallForwarding","$v":"通話轉接"},{"$i":"scClip","$v":"來電號碼"},{"$i":"scClir","$v":"去話號碼"},{"$i":"scPwd","$v":"修改密碼"},{"$i":"scCallWaiting","$v":"來電等待"},{"$i":"scPin","$v":"修改 PIN 碼"},{"$i":"scPin2","$v":"修改 PIN2 碼"},{"$i":"scPuk","$v":"解鎖 PIN 碼"},{"$i":"scPuk2","$v":"解鎖 PIN2 碼"},{"$i":"scImei","$v":"IMEI"},{"$i":"scUssd","$v":"USSD"},{"$i":"serviceClassVoice","$v":"語音"},{"$i":"serviceClassData","$v":"數據"},{"$i":"serviceClassFax","$v":"傳真"},{"$i":"serviceClassSms","$v":"簡訊"},{"$i":"serviceClassDataSync","$v":"同步"},{"$i":"serviceClassDataAsync","$v":"非同步"},{"$i":"serviceClassPacket","$v":"封包"},{"$i":"serviceClassPad","$v":"PAD"},{"$i":"smServiceEnabled","$v":"服務已啟用"},{"$i":"smServiceDisabled","$v":"服務已停用"},{"$i":"smServiceRegistered","$v":"已成功註冊"},{"$i":"smServiceErased","$v":"已成功解除註冊"},{"$i":"smServiceInterrogated","$v":"已成功完成請求"},{"$i":"smServiceNotProvisioned","$v":"服務未開通"},{"$i":"smClirPermanent","$v":"您無法修改通話號碼選項"},{"$i":"smClirDefaultOnNextCallOn","$v":"通話號碼預設不顯示。下次通話：不顯示"},{"$i":"smClirDefaultOnNextCallOff","$v":"通話號碼預設不顯示。下次通話：顯示"},{"$i":"smClirDefaultOffNextCallOn","$v":"通話號碼預設顯示。下次通話：不顯示"},{"$i":"smClirDefaultOffNextCallOff","$v":"通話號碼預設顯示。下次通話：顯示"},{"$i":"smServiceEnabledFor","$v":"已啟用下列服務:"},{"$i":"smPinChanged","$v":"成功更改 PIN 碼"},{"$i":"smPinUnblocked","$v":"成功解鎖 PIN 碼"},{"$i":"smPin2Changed","$v":"成功更改 PIN2 碼"},{"$i":"smPin2Unblocked","$v":"成功解鎖 PIN2 碼"},{"$i":"ServiceIsEnabled","$v":"Service is enabled"},{"$i":"ServiceIsDisabled","$v":"Service is disabled"},{"$i":"ServiceIsEnabledFor","$v":"Service is enabled for:"},{"$i":"emMmiError","$v":"連線問題或無效的 MMI 碼"},{"$i":"emMmiErrorPasswordIncorrect","$v":"密碼不正確"},{"$i":"emMmiErrorNotSupported","$v":"無效或未支援的 MMI 碼"},{"$i":"emMmiErrorInvalidAction","$v":"無效行為"},{"$i":"emMmiErrorInvalidScCode","$v":"服務碼無效"},{"$i":"emMmiErrorBadPuk","$v":"您輸入的 PUK 碼不正確"},{"$i":"emMmiErrorBadPin","$v":"您輸入的舊 PIN 碼不正確。"},{"$i":"emMmiErrorNeedPuk2","$v":"輸入 PUK2 碼以解除封鎖 SIM 卡"},{"$i":"emMmiErrorMismatchPin","$v":"您輸入的 PIN 碼不相同"},{"$i":"emMmiErrorInvalidPin","$v":"輸入 4 到 8 位數的 PIN 碼"},{"$i":"emMmiErrorNeedsPuk","$v":"您的 SIM 卡已被鎖定，需要輸入 PUK 碼"},{"$i":"emMmiErrorEnablePin","$v":"未成功，啟用 SIM/RUIM 鎖定"},{"$i":"emMmiErrorMmiFdn","$v":"操作被限制為僅能撥打固定號碼"},{"$i":"emMmiErrorStkCcUssdDial","$v":"USSD 請求被修改為撥號請求"},{"$i":"emMmiErrorStkCcUssdSs","$v":"USSD 請求被修改為 SS 請求"},{"$i":"emMmiErrorStkCcUssdUssd","$v":"USSD 請求被修改為新的 USSD 請求"},{"$i":"emMmiErrorStkCcSsDial","$v":"SS 請求被修改為撥號請求"},{"$i":"emMmiErrorStkCcSsUssd","$v":"SS 請求被修改為 USSD 請求"},{"$i":"emMmiErrorStkCcSsSs","$v":"SS 請求被修改為新的 SS 請求"},{"$i":"emMmiErrorPinPukAttempts","$v":{"one":["僅剩下 ",{"t":"idOrVar","v":"n"}," 次重試機會"],"two":["剩下 ",{"t":"idOrVar","v":"n"}," 次重試機會"],"few":["剩下 ",{"t":"idOrVar","v":"n"}," 次重試機會"],"many":["剩下 ",{"t":"idOrVar","v":"n"}," 次重試機會"],"other":["剩下 ",{"t":"idOrVar","v":"n"}," 次重試機會"]},"$x":[{"t":"idOrVar","v":"plural"},"n"]},{"$i":"emMmiErrorSimBlocked","$v":"已達最大重試次數，SIM 卡已被封鎖"},{"$i":"RadioNotAvailable","$v":"無法使用無線訊號"},{"$i":"GenericFailure","$v":"一般失敗"},{"$i":"PasswordIncorrect","$v":"密碼不正確"},{"$i":"SimPin2","$v":"SIM PIN2"},{"$i":"SimPuk2","$v":"SIM PUK2"},{"$i":"RequestNotSupported","$v":"請求未支援"},{"$i":"OpNotAllowedDuringVoiceCall","$v":"語音通話時不允許進行操作"},{"$i":"SmsSendFailRetry","$v":"簡訊傳送失敗重試"},{"$i":"SimAbsent","$v":"SIM 卡不存在"},{"$i":"SubscriptionNotAvailable","$v":"訂閱無法使用"},{"$i":"ModeNotSupported","$v":"模式未支援"},{"$i":"FdnCheckFailure","$v":"Fdn 檢查失敗"},{"$i":"IllegalSimOrMe","$v":"無效的 SIM 卡或 ME"},{"$i":"DialModifiedToUssd","$v":"撥號請求被修改為 USSD 請求"},{"$i":"DialModifiedToSs","$v":"撥號請求被修改為 SS 請求"},{"$i":"DialModifiedToDial","$v":"撥號請求被修改為新的撥號請求"},{"$i":"UssdModifiedToDial","$v":"USSD 請求被修改為撥號請求"},{"$i":"UssdModifiedToSs","$v":"USSD 請求被修改為 SS 請求"},{"$i":"UssdModifiedToUssd","$v":"USSD 請求被修改為新的 USSD 請求"},{"$i":"SsModifiedToDial","$v":"SS 請求被修改為撥號請求"},{"$i":"SsModifiedToUssd","$v":"SS 請求被修改為 USSD 請求"},{"$i":"SsModifiedToSs","$v":"SS 請求被修改為新的 SS 請求"},{"$i":"SubscriptionNotSupported","$v":"訂閱不被支援"},{"$i":"InvalidParameter","$v":"參數無效"},{"$i":"RejectedByRemote","$v":"被遠端拒絕"},{"$i":"conferenceCall","$v":["Conference (",{"t":"idOrVar","v":"n"},")"]},{"$i":"caller-left-call","$v":[{"t":"idOrVar","v":"caller"}," 已離開通話。"]},{"$i":"conferenceAddError","$v":"無法合併通話"},{"$i":"conferenceRemoveError","$v":"無法取消合併通話"},{"$i":"longDateFormat","$v":"%b %e 日 %A"},{"$i":"select-audio-sources","$v":"選擇音訊來源"},{"$i":"bluetooth-handsfree-device","$v":"藍牙免持裝置"},{"$i":"receiver","$v":"接收器"},{"$i":"speaker","$v":"擴音"},{"$i":"voicemailNoNumberTitle","$v":"Voicemail number is unavailable"},{"$i":"voicemailNoNumberText","$v":"Unable to call the voicemail. Set up the voicemail number to place the call."},{"$i":"voicemailNoNumberSettings","$v":"Settings"},{"$i":"voicemailNoNumberCancel","$v":"Cancel"},{"$i":"phoneNumberInput","ariaLabel":"Phone number"},{"$i":"keypadDelete","ariaLabel":"Delete"},{"$i":"voiceMailKey","ariaLabel":"Voicemail"},{"$i":"asterisk","ariaLabel":"Asterisk"},{"$i":"hashSign","ariaLabel":"Hash sign"},{"$i":"emergencyNumber","$v":"緊急號碼"},{"$i":"callAirplaneModeMessage","$v":"若要撥打電話，您需要在設定畫面停用飛航模式。"},{"$i":"callAirplaneModeBtnOk","$v":"確定"},{"$i":"callAirplaneModeTitle","$v":"已啟用飛航模式"},{"$i":"numberIsBusyTitle","$v":"號碼忙線中"},{"$i":"numberIsBusyMessage","$v":"您所撥的號碼忙線中，請稍候再撥。"},{"$i":"fdnIsActiveTitle","$v":"FDN active"},{"$i":"fdnIsActiveMessage","$v":["FDN (Fixed Dialing Numbers) is activated and the following number is not in your FDN list: ",{"t":"idOrVar","v":"number"}]},{"$i":"emergencyDialogBodyBadNumber","$v":"手機必須連線到通訊網路才能撥打電話。"},{"$i":"emergencyDialogBodyDeviceNotAccepted","$v":"通訊網路不允許撥打緊急電話。"},{"$i":"emergencyDialogBtnOk","$v":"確定"},{"$i":"emergencyDialogTitle","$v":"無網路連線"},{"$i":"invalidNumberToDialTitle","$v":"無效的電話號碼"},{"$i":"invalidNumberToDialMessage","$v":"您撥打的電話號碼無效。"},{"$i":"unableToCallTitle","$v":"目前無法撥號"},{"$i":"unableToCallMessage","$v":"無法撥號，若您正在撥號請先掛斷。"},{"$i":"otherConnectionInUseTitle","$v":"其他使用中的連線"},{"$i":"otherConnectionInUseMessage","$v":"您還有通話進行中，您同時只能使用一個連線。"}]