[{"$i":"bluetooth-header","$v":[{"t":"idOrVar","v":"bluetooth"}]},{"$i":"bluetooth-enable-msg","$v":"Turn Bluetooth on to view devices in the area."},{"$i":"bluetooth-paired-devices","$v":"Appareils associés"},{"$i":"bluetooth-devices-in-area","$v":"Appareils à proximité"},{"$i":"bluetooth-visible-to-all","$v":"Visible to all"},{"$i":"bluetooth-name-maxlength-alert","$v":["Your device name exceeds ",{"t":"idOrVar","v":"length"}," characters. Please retry again."]},{"$i":"bluetooth-address","$v":"Bluetooth Address"},{"$i":"bluetooth-address-unavailable","$v":"Not available"},{"$i":"bt-status-nopaired","$v":"No devices paired"},{"$i":"bt-status-turnoff","$v":"Turned off"},{"$i":"bt-status-paired","$v":{"zero":[{"t":"idOrVar","v":"name"}],"one":[{"t":"idOrVar","v":"name"},", +",{"t":"idOrVar","v":"n"}," more"],"two":[{"t":"idOrVar","v":"name"},", +",{"t":"idOrVar","v":"n"}," more"],"few":[{"t":"idOrVar","v":"name"},", +",{"t":"idOrVar","v":"n"}," more"],"many":[{"t":"idOrVar","v":"name"},", +",{"t":"idOrVar","v":"n"}," more"],"other":[{"t":"idOrVar","v":"name"},", +",{"t":"idOrVar","v":"n"}," more"]},"$x":[{"t":"idOrVar","v":"plural"},"n"]},{"$i":"device-status-tap-connect","$v":"Appuyer pour établir la connexion"},{"$i":"device-status-pairing","$v":"Association avec l’appareil…"},{"$i":"device-status-waiting","$v":"En attente de l’autre appareil…"},{"$i":"device-status-paired","$v":"Associé"},{"$i":"device-status-connecting","$v":"Connexion…"},{"$i":"device-status-connected","$v":"Connecté"},{"$i":"device-status-connected-phone","$v":"Connected to phone audio"},{"$i":"device-status-connected-media","$v":"Connected to media audio"},{"$i":"device-status-connected-phone-media","$v":"Connected to phone/media audio"},{"$i":"device-option-unpair","$v":"Unpair"},{"$i":"device-option-confirm","$v":"Confirm"},{"$i":"device-option-unpair-confirmation","$v":"Confirmation"},{"$i":"device-option-unpair-device","$v":"Unpair device?"},{"$i":"device-option-connect","$v":"Connect"},{"$i":"device-option-disconnect","$v":"Disconnect"},{"$i":"search-for-device","$v":"Recherche d’appareils…"},{"$i":"search-device","$v":"Rechercher des appareils"},{"$i":"rename-device","$v":"Rename my device"},{"$i":"unnamed-device","$v":"Appareil inconnu"},{"$i":"change-phone-name","$v":"Change phone name"},{"$i":"change-phone-name-desc","$v":"Change the name of your device as it appears in your computer"},{"$i":"bluetooth-new-name","$v":"New name"},{"$i":"error-pair-title","$v":"Impossible d’associer les appareils"},{"$i":"error-pair-pincode","$v":"Impossible de s’associer avec l’appareil. Vérifiez que le code PIN est correct."},{"$i":"error-pair-toofast","$v":"Impossible de s’associer avec l’appareil. Demandes trop nombreuses."},{"$i":"error-connect-title","$v":"Unable to connect devices"},{"$i":"error-connect-msg","$v":"Check that the device you’re trying to connect with is still in range and has Bluetooth turned on."},{"$i":"unpair-title","$v":"Unpair a connected device?"},{"$i":"unpair-msg","$v":"You are currently connected to this device. Unpairing will also disconnect from it."},{"$i":"bluetooth","$v":"Bluetooth"},{"$i":"confirmation","$v":"Confirmation"},{"$i":"bluetooth-status-description","$v":"Le Bluetooth est désactivé"},{"$i":"turn-bluetooth-on","$v":"Voulez-vous activer le Bluetooth ?"},{"$i":"cancel","$v":"Annuler"},{"$i":"turn-on","$v":"Activer"},{"$i":"error-transfer-title","$v":"Échec du transfert par Bluetooth"},{"$i":"error-transfer-settings","$v":"Échec du transfert du fichier par Bluetooth. Vérifiez que les paramètres Bluetooth sont corrects."},{"$i":"ok","$v":"OK"},{"$i":"pair","$v":"Pair"},{"$i":"active-pair","$v":"Confirm devices to pair"},{"$i":"active-pair-confirmation","$v":["To pair with ",{"t":"idOrVar","v":"device"},", make sure that both devices currently have the following PIN displayed:"]},{"$i":"active-pair-pincode","$v":["To pair with ",{"t":"idOrVar","v":"device"},", enter the PIN on the device."]},{"$i":"active-pair-passkey","$v":["To pair with ",{"t":"idOrVar","v":"device"},", enter the passkey on the device."]},{"$i":"passive-pair","$v":"Bluetooth pairing request"},{"$i":"passive-pair-confirmation","$v":[{"t":"idOrVar","v":"device"}," would like to pair with this phone. To accept, make sure that both devices currently have the following PIN displayed:"]},{"$i":"passive-pair-pincode","$v":[{"t":"idOrVar","v":"device"}," would like to pair with this phone. To accept, enter the PIN on the device."]},{"$i":"passive-pair-passkey","$v":[{"t":"idOrVar","v":"device"}," would like to pair with this phone. To accept, enter the passkey on the device."]},{"$i":"pair-view-title","$v":"Bluetooth Request From"},{"$i":"bluetooth-pairing-request-now-title","$v":"Bluetooth pairing request"},{"$i":"pairing-request-timeout-title","$v":"Bluetooth Pairing Request"},{"$i":"pairing-request-timeout-description","$v":"Bluetooth pairing request expired. Try to pair again."}]