[{"$i":"bluetooth-header","$v":[{"t":"idOrVar","v":"bluetooth"}]},{"$i":"bluetooth-enable-msg","$v":"Turn Bluetooth on to view devices in the area."},{"$i":"bluetooth-paired-devices","$v":"已配對裝置"},{"$i":"bluetooth-devices-in-area","$v":"附近的裝置"},{"$i":"bluetooth-visible-to-all","$v":"Visible to all"},{"$i":"bluetooth-name-maxlength-alert","$v":["Your device name exceeds ",{"t":"idOrVar","v":"length"}," characters. Please retry again."]},{"$i":"bluetooth-address","$v":"Bluetooth Address"},{"$i":"bluetooth-address-unavailable","$v":"Not available"},{"$i":"bt-status-nopaired","$v":"No devices paired"},{"$i":"bt-status-turnoff","$v":"Turned off"},{"$i":"bt-status-paired","$v":{"zero":[{"t":"idOrVar","v":"name"}],"one":[{"t":"idOrVar","v":"name"},", +",{"t":"idOrVar","v":"n"}," more"],"two":[{"t":"idOrVar","v":"name"},", +",{"t":"idOrVar","v":"n"}," more"],"few":[{"t":"idOrVar","v":"name"},", +",{"t":"idOrVar","v":"n"}," more"],"many":[{"t":"idOrVar","v":"name"},", +",{"t":"idOrVar","v":"n"}," more"],"other":[{"t":"idOrVar","v":"name"},", +",{"t":"idOrVar","v":"n"}," more"]},"$x":[{"t":"idOrVar","v":"plural"},"n"]},{"$i":"device-status-tap-connect","$v":"點擊以連線"},{"$i":"device-status-pairing","$v":"正在配對…"},{"$i":"device-status-waiting","$v":"正在等待另一台裝置…"},{"$i":"device-status-paired","$v":"已配對"},{"$i":"device-status-connecting","$v":"連線中…"},{"$i":"device-status-connected","$v":"已連線"},{"$i":"device-status-connected-phone","$v":"Connected to phone audio"},{"$i":"device-status-connected-media","$v":"Connected to media audio"},{"$i":"device-status-connected-phone-media","$v":"Connected to phone/media audio"},{"$i":"device-option-unpair","$v":"Unpair"},{"$i":"device-option-confirm","$v":"Confirm"},{"$i":"device-option-unpair-confirmation","$v":"Confirmation"},{"$i":"device-option-unpair-device","$v":"Unpair device?"},{"$i":"device-option-connect","$v":"Connect"},{"$i":"device-option-disconnect","$v":"Disconnect"},{"$i":"search-for-device","$v":"正在搜尋裝置…"},{"$i":"search-device","$v":"搜尋裝置"},{"$i":"rename-device","$v":"Rename my device"},{"$i":"unnamed-device","$v":"未知的裝置"},{"$i":"change-phone-name","$v":"Change phone name"},{"$i":"change-phone-name-desc","$v":"Change the name of your device as it appears in your computer"},{"$i":"bluetooth-new-name","$v":"New name"},{"$i":"error-pair-title","$v":"無法與裝置配對"},{"$i":"error-pair-pincode","$v":"無法與裝置配對。請確定 PIN 正確。"},{"$i":"error-pair-toofast","$v":"太多請求，無法與裝置配對。"},{"$i":"error-connect-title","$v":"Unable to connect devices"},{"$i":"error-connect-msg","$v":"Check that the device you’re trying to connect with is still in range and has Bluetooth turned on."},{"$i":"unpair-title","$v":"Unpair a connected device?"},{"$i":"unpair-msg","$v":"You are currently connected to this device. Unpairing will also disconnect from it."},{"$i":"bluetooth","$v":"藍牙"},{"$i":"confirmation","$v":"確認"},{"$i":"bluetooth-status-description","$v":"藍牙已關閉"},{"$i":"turn-bluetooth-on","$v":"您想要開啓藍牙嗎？"},{"$i":"cancel","$v":"取消"},{"$i":"turn-on","$v":"開啟"},{"$i":"error-transfer-title","$v":"藍牙檔案傳輸失敗"},{"$i":"error-transfer-settings","$v":"藍牙檔案傳輸失敗。請檢查藍牙設定是否正確。"},{"$i":"ok","$v":"確定"},{"$i":"pair","$v":"Pair"},{"$i":"active-pair","$v":"Confirm devices to pair"},{"$i":"active-pair-confirmation","$v":["To pair with ",{"t":"idOrVar","v":"device"},", make sure that both devices currently have the following PIN displayed:"]},{"$i":"active-pair-pincode","$v":["To pair with ",{"t":"idOrVar","v":"device"},", enter the PIN on the device."]},{"$i":"active-pair-passkey","$v":["To pair with ",{"t":"idOrVar","v":"device"},", enter the passkey on the device."]},{"$i":"passive-pair","$v":"Bluetooth pairing request"},{"$i":"passive-pair-confirmation","$v":[{"t":"idOrVar","v":"device"}," would like to pair with this phone. To accept, make sure that both devices currently have the following PIN displayed:"]},{"$i":"passive-pair-pincode","$v":[{"t":"idOrVar","v":"device"}," would like to pair with this phone. To accept, enter the PIN on the device."]},{"$i":"passive-pair-passkey","$v":[{"t":"idOrVar","v":"device"}," would like to pair with this phone. To accept, enter the passkey on the device."]},{"$i":"pair-view-title","$v":"Bluetooth Request From"},{"$i":"bluetooth-pairing-request-now-title","$v":"Bluetooth pairing request"},{"$i":"pairing-request-timeout-title","$v":"Bluetooth Pairing Request"},{"$i":"pairing-request-timeout-description","$v":"Bluetooth pairing request expired. Try to pair again."}]