{"search_page":{"provider":"EverythingME","debug":false,"separate_page":false,"enabled":false},"tap_threshold":10,"tap_effect_delay":140,"move_collection_threshold":1500,"swipe":{"threshold":0.25,"friction":0.1,"transition_duration":300},"prediction":{"enabled":true,"lookahead":16},"grid":[[{"name":"Browser","manifestURL":"app://search.gaiamobile.org/manifest.webapp","icon":"app://search.gaiamobile.org/shared/resources/branding/browser_126.png"},{"name":"E-Mail","manifestURL":"app://email.gaiamobile.org/manifest.webapp","icon":"app://email.gaiamobile.org/style/icons/email_126.png"},{"name":"Gallery","manifestURL":"app://gallery.gaiamobile.org/manifest.webapp","icon":"app://gallery.gaiamobile.org/style/icons/gallery_126.png"},{"name":"Music","manifestURL":"app://music.gaiamobile.org/manifest.webapp","icon":"app://music.gaiamobile.org/style/icons/music_126.png"},{"entry_point":"contacts","name":"Contacts","manifestURL":"app://communications.gaiamobile.org/manifest.webapp","icon":"app://communications.gaiamobile.org/contacts/style/icons/contacts_126.png"},{"name":"Calendar","manifestURL":"app://calendar.gaiamobile.org/manifest.webapp","icon":"app://calendar.gaiamobile.org/style/icons/calendar_126.png"}]]}