[{"$i":"wrapper-search-name","$v":[{"t":"idOrVar","v":"topic"}," on ",{"t":"idOrVar","v":"name"}]},{"$i":"contextmenu-add-wallpaper","$v":"Change Wallpaper"},{"$i":"contextmenu-add-smart-collections","$v":"Add Smart Collections"},{"$i":"delete-title","$v":["Delete ",{"t":"idOrVar","v":"name"}]},{"$i":"delete-body","$v":[{"t":"idOrVar","v":"name"}," and all of its data will be deleted."]},{"$i":"delete","$v":"Delete"},{"$i":"cancel","$v":"Cancel"},{"$i":"remove-title-2","$v":["Remove ",{"t":"idOrVar","v":"name"}]},{"$i":"remove-body","$v":["Remove ",{"t":"idOrVar","v":"name"}," from the homescreen?"]},{"$i":"remove","$v":"Remove"},{"$i":"longDateFormat","$v":"%A, %B %e"},{"$i":"download","$v":"Download"},{"$i":"restart-download-title","$v":"Restart Download"},{"$i":"restart-download-body","$v":["Do you want to download ",{"t":"idOrVar","v":"name"},"?"]},{"$i":"paginationBarText","$v":["Page ",{"t":"idOrVar","v":"current"}," of ",{"t":"idOrVar","v":"total"}]},{"$i":"paginationScroller","ariaLabel":"Homescreen"},{"$i":"loadingEvme2","$v":"Loading…"},{"$i":"evme-searchbar-default","$v":"Everything…","placeholder":"I’m thinking of…"},{"$i":"evme-searchbar-default2","$v":"I’m thinking of…","placeholder":"I’m thinking of…"},{"$i":"evme-searchbar-clear","$v":"Back"},{"$i":"evme-searchbar-title","$v":"Everything"},{"$i":"evme-helper-default","$v":"Enter any topic or search query"},{"$i":"evme-helper-default2","$v":"Enter any topic or keyword"},{"$i":"evme-helper-dismiss","$v":"Dismiss"},{"$i":"evme-helper-no-refine","$v":"No options found"},{"$i":"evme-helper-history-title","$v":"History:"},{"$i":"evme-helper-history-link","$v":"History"},{"$i":"evme-helper-history-clear","$v":"Clear history"},{"$i":"evme-helper-didyoumean-title","$v":"Did you mean:"},{"$i":"evme-helper-refine-title","$v":"Did you mean:"},{"$i":"evme-helper-title-prefix","$v":"Everything"},{"$i":"evme-helper-title-empty","$v":"Everything"},{"$i":"evme-helper-save-search","$v":"Add to homescreen"},{"$i":"evme-helper-unsave-search","$v":"Remove from homescreen"},{"$i":"evme-apps-market-download","$v":"Download"},{"$i":"evme-apps-market-more-apps","$v":"More Apps"},{"$i":"evme-apps-loading-app","$v":"Loading…"},{"$i":"evme-appsmore-loading","$v":"Loading…"},{"$i":"evme-alert-app-install-confirm","$v":["Add ",{"t":"idOrVar","v":"name"}," to Home Screen?"]},{"$i":"evme-alert-app-install-exists","$v":[{"t":"idOrVar","v":"name"}," was already added to Home Screen"]},{"$i":"evme-alert-offline-smart-collections-more","$v":"Connect to the internet to add more Smart Collections"},{"$i":"evme-alert-save-wallpaper","$v":"Set as wallpaper?"},{"$i":"evme-alert-no-more-smart-collections","$v":"No Smart Collections to add"},{"$i":"evme-banner-app-install-success","$v":[{"t":"idOrVar","v":"name"}," added to Home Screen"]},{"$i":"evme-banner-save-wallpaper","$v":"Wallpaper set successfully"},{"$i":"evme-shortcuts-more","$v":"More"},{"$i":"evme-collectionssuggest-loading","$v":"Loading…"},{"$i":"evme-collectionssuggest-loading-cancel","$v":"Cancel"},{"$i":"evme-collectionssuggest-prompt-create-custom","$v":"Create your own Smart Collection"},{"$i":"evme-backgroundimage-source-label","$v":"Source:"},{"$i":"evme-collection-title-prefix","$v":"Everything"},{"$i":"evme-collection-title-suffix","$v":"Phone"},{"$i":"evme-collection-loading-more","$v":"Loading…"},{"$i":"evme-connectionmessage-apps","$v":["Connect to the internet to get apps for ",{"t":"idOrVar","v":"query"}]},{"$i":"evme-connectionmessage-apps-has-installed","$v":["Connect to the internet to get even more apps for ",{"t":"idOrVar","v":"query"}]},{"$i":"evme-tips-app-explain","innerHTML":"Find the things you love with the coolest apps."},{"$i":"evme-tips-searchbar-focus","innerHTML":"For example, find your favorite singer or band…"},{"$i":"evme-tips-exact-results","innerHTML":["These are the apps for <b>",{"t":"idOrVar","v":"query"},"</b>,<br /><br /> tap any icon to open it."]},{"$i":"evme-shortcut-custom","$v":"Custom…"},{"$i":"evme-shortcut-id-astrology","$v":"Astrology"},{"$i":"evme-shortcut-id-autos","$v":"Autos"},{"$i":"evme-shortcut-id-beauty","$v":"Beauty"},{"$i":"evme-shortcut-id-books","$v":"Books"},{"$i":"evme-shortcut-id-celebs","$v":"Celebs"},{"$i":"evme-shortcut-id-daily-deals","$v":"Daily Deals"},{"$i":"evme-shortcut-id-dating","$v":"Dating"},{"$i":"evme-shortcut-id-electronics","$v":"Electronics"},{"$i":"evme-shortcut-id-email","$v":"Email"},{"$i":"evme-shortcut-id-entertainment","$v":"Entertainment"},{"$i":"evme-shortcut-id-environment","$v":"Environment"},{"$i":"evme-shortcut-id-fashion","$v":"Fashion"},{"$i":"evme-shortcut-id-funny","$v":"Funny"},{"$i":"evme-shortcut-id-games","$v":"Games"},{"$i":"evme-shortcut-id-government","$v":"Government"},{"$i":"evme-shortcut-id-health","$v":"Health"},{"$i":"evme-shortcut-id-jobs","$v":"Jobs"},{"$i":"evme-shortcut-id-local","$v":"Local"},{"$i":"evme-shortcut-id-maps","$v":"Maps"},{"$i":"evme-shortcut-id-movies","$v":"Movies"},{"$i":"evme-shortcut-id-music","$v":"Music"},{"$i":"evme-shortcut-id-new-apps","$v":"New Apps"},{"$i":"evme-shortcut-id-news","$v":"News"},{"$i":"evme-shortcut-id-photography","$v":"Photography"},{"$i":"evme-shortcut-id-recipes","$v":"Recipes"},{"$i":"evme-shortcut-id-restaurants","$v":"Restaurants"},{"$i":"evme-shortcut-id-shopping","$v":"Shopping"},{"$i":"evme-shortcut-id-social","$v":"Social"},{"$i":"evme-shortcut-id-sports","$v":"Sports"},{"$i":"evme-shortcut-id-tech-news","$v":"Tech News"},{"$i":"evme-shortcut-id-top-apps","$v":"Top Apps"},{"$i":"evme-shortcut-id-travel","$v":"Travel"},{"$i":"evme-shortcut-id-tv","$v":"TV"},{"$i":"evme-shortcut-id-video","$v":"Video"},{"$i":"evme-shortcut-id-utilities","$v":"Utilities"},{"$i":"evme-shortcut-id-weather","$v":"Weather"},{"$i":"evme-add-to-top-of-collection","$v":"Add to top of collection"},{"$i":"evme-save-to-homescreen","$v":"Save to Homescreen"},{"$i":"edit-dialog-header","$v":"Edit"},{"$i":"edit-dialog-name","$v":"Website name"},{"$i":"edit-dialog-url","$v":"Address"},{"$i":"edit-dialog-cancel","$v":"Cancel"},{"$i":"edit-dialog-done","$v":"Done"},{"$i":"evme-close","ariaLabel":"Close"},{"$i":"evme-done","ariaLabel":"Save"},{"$i":"Showbiz","$v":"Showbiz"},{"$i":"Social","$v":"Social"},{"$i":"Games","$v":"Games"},{"$i":"Music","$v":"Music"}]