[{"$i":"wrapper-search-name","$v":[{"t":"idOrVar","v":"topic"}," 於 ",{"t":"idOrVar","v":"name"}]},{"$i":"contextmenu-add-wallpaper","$v":"修改桌面背景"},{"$i":"contextmenu-add-smart-collections","$v":"新增智慧收藏集"},{"$i":"delete-title","$v":["刪除 ",{"t":"idOrVar","v":"name"}]},{"$i":"delete-body","$v":[{"t":"idOrVar","v":"name"}," 與其所有資料將會被刪除。"]},{"$i":"delete","$v":"刪除"},{"$i":"cancel","$v":"取消"},{"$i":"remove-title-2","$v":["移除 ",{"t":"idOrVar","v":"name"}]},{"$i":"remove-body","$v":["將 ",{"t":"idOrVar","v":"name"}," 自裝置主畫面移除？"]},{"$i":"remove","$v":"移除"},{"$i":"longDateFormat","$v":"%b %e 日 %A"},{"$i":"download","$v":"下載"},{"$i":"restart-download-title","$v":"重新開始下載"},{"$i":"restart-download-body","$v":["想要下載 ",{"t":"idOrVar","v":"name"}," 嗎？"]},{"$i":"paginationBarText","$v":["Page ",{"t":"idOrVar","v":"current"}," of ",{"t":"idOrVar","v":"total"}]},{"$i":"paginationScroller","ariaLabel":"Homescreen"},{"$i":"loadingEvme2","$v":"載入中…"},{"$i":"evme-searchbar-default","$v":"Everything…","placeholder":"我想要…"},{"$i":"evme-searchbar-default2","$v":"我想要…","placeholder":"我想要…"},{"$i":"evme-searchbar-clear","$v":"返回"},{"$i":"evme-searchbar-title","$v":"Everything"},{"$i":"evme-helper-default","$v":"輸入任何類型或搜尋字串"},{"$i":"evme-helper-default2","$v":"輸入任何主題或關鍵字"},{"$i":"evme-helper-dismiss","$v":"解除"},{"$i":"evme-helper-no-refine","$v":"找不到選項"},{"$i":"evme-helper-history-title","$v":"歷史:"},{"$i":"evme-helper-history-link","$v":"歷史"},{"$i":"evme-helper-history-clear","$v":"清除歷史"},{"$i":"evme-helper-didyoumean-title","$v":"您是不是指:"},{"$i":"evme-helper-refine-title","$v":"您是不是指:"},{"$i":"evme-helper-title-prefix","$v":"Everything"},{"$i":"evme-helper-title-empty","$v":"Everything"},{"$i":"evme-helper-save-search","$v":"Add to homescreen"},{"$i":"evme-helper-unsave-search","$v":"Remove from homescreen"},{"$i":"evme-apps-market-download","$v":"下載"},{"$i":"evme-apps-market-more-apps","$v":"更多應用程式"},{"$i":"evme-apps-loading-app","$v":"載入中…"},{"$i":"evme-appsmore-loading","$v":"載入中…"},{"$i":"evme-alert-app-install-confirm","$v":["新增 ",{"t":"idOrVar","v":"name"}," 到裝置主畫面？"]},{"$i":"evme-alert-app-install-exists","$v":[{"t":"idOrVar","v":"name"}," 已存在於裝置主畫面"]},{"$i":"evme-alert-offline-smart-collections-more","$v":"連線到網路以新增更多智慧收藏集"},{"$i":"evme-alert-save-wallpaper","$v":"設定為桌面背景？"},{"$i":"evme-alert-no-more-smart-collections","$v":"無智慧收藏集可新增"},{"$i":"evme-banner-app-install-success","$v":["已新增 ",{"t":"idOrVar","v":"name"}," 到裝置主畫面"]},{"$i":"evme-banner-save-wallpaper","$v":"成功設定桌面背景"},{"$i":"evme-shortcuts-more","$v":"更多"},{"$i":"evme-collectionssuggest-loading","$v":"載入中…"},{"$i":"evme-collectionssuggest-loading-cancel","$v":"取消"},{"$i":"evme-collectionssuggest-prompt-create-custom","$v":"建立您自己的智慧收藏集"},{"$i":"evme-backgroundimage-source-label","$v":"來源:"},{"$i":"evme-collection-title-prefix","$v":"Everything"},{"$i":"evme-collection-title-suffix","$v":"電話"},{"$i":"evme-collection-loading-more","$v":"載入中…"},{"$i":"evme-connectionmessage-apps","$v":["連線到網際網路以下載 ",{"t":"idOrVar","v":"query"}," 的應用程式"]},{"$i":"evme-connectionmessage-apps-has-installed","$v":["連線到網際網路以下載更多 ",{"t":"idOrVar","v":"query"}," 的應用程式"]},{"$i":"evme-tips-app-explain","innerHTML":"透過最酷的應用程式尋找您喜愛的東西。"},{"$i":"evme-tips-searchbar-focus","innerHTML":"例如，尋找您最愛的歌手或樂團…"},{"$i":"evme-tips-exact-results","innerHTML":["找到一些 <b>",{"t":"idOrVar","v":"query"},"</b> 的應用程式，<br /><br /> 點擊任何圖示開啟。"]},{"$i":"evme-shortcut-custom","$v":"自訂…"},{"$i":"evme-shortcut-id-astrology","$v":"Astrology"},{"$i":"evme-shortcut-id-autos","$v":"Autos"},{"$i":"evme-shortcut-id-beauty","$v":"Beauty"},{"$i":"evme-shortcut-id-books","$v":"Books"},{"$i":"evme-shortcut-id-celebs","$v":"Celebs"},{"$i":"evme-shortcut-id-daily-deals","$v":"Daily Deals"},{"$i":"evme-shortcut-id-dating","$v":"Dating"},{"$i":"evme-shortcut-id-electronics","$v":"Electronics"},{"$i":"evme-shortcut-id-email","$v":"Email"},{"$i":"evme-shortcut-id-entertainment","$v":"Entertainment"},{"$i":"evme-shortcut-id-environment","$v":"Environment"},{"$i":"evme-shortcut-id-fashion","$v":"Fashion"},{"$i":"evme-shortcut-id-funny","$v":"Funny"},{"$i":"evme-shortcut-id-games","$v":"Games"},{"$i":"evme-shortcut-id-government","$v":"Government"},{"$i":"evme-shortcut-id-health","$v":"Health"},{"$i":"evme-shortcut-id-jobs","$v":"Jobs"},{"$i":"evme-shortcut-id-local","$v":"Local"},{"$i":"evme-shortcut-id-maps","$v":"Maps"},{"$i":"evme-shortcut-id-movies","$v":"Movies"},{"$i":"evme-shortcut-id-music","$v":"Music"},{"$i":"evme-shortcut-id-new-apps","$v":"New Apps"},{"$i":"evme-shortcut-id-news","$v":"News"},{"$i":"evme-shortcut-id-photography","$v":"Photography"},{"$i":"evme-shortcut-id-recipes","$v":"Recipes"},{"$i":"evme-shortcut-id-restaurants","$v":"Restaurants"},{"$i":"evme-shortcut-id-shopping","$v":"Shopping"},{"$i":"evme-shortcut-id-social","$v":"Social"},{"$i":"evme-shortcut-id-sports","$v":"Sports"},{"$i":"evme-shortcut-id-tech-news","$v":"Tech News"},{"$i":"evme-shortcut-id-top-apps","$v":"Top Apps"},{"$i":"evme-shortcut-id-travel","$v":"Travel"},{"$i":"evme-shortcut-id-tv","$v":"TV"},{"$i":"evme-shortcut-id-video","$v":"Video"},{"$i":"evme-shortcut-id-utilities","$v":"Utilities"},{"$i":"evme-shortcut-id-weather","$v":"Weather"},{"$i":"evme-add-to-top-of-collection","$v":"新增至收藏集頂端"},{"$i":"evme-save-to-homescreen","$v":"儲存至主畫面"},{"$i":"edit-dialog-header","$v":"編輯"},{"$i":"edit-dialog-name","$v":"網站名稱"},{"$i":"edit-dialog-url","$v":"網址"},{"$i":"edit-dialog-cancel","$v":"取消"},{"$i":"edit-dialog-done","$v":"完成"},{"$i":"evme-close","ariaLabel":"Close"},{"$i":"evme-done","ariaLabel":"Save"},{"$i":"Showbiz","$v":"Showbiz"},{"$i":"Social","$v":"Social"},{"$i":"Games","$v":"Games"},{"$i":"Music","$v":"Music"}]