[{"$i":"install-marketplace-title","$v":["安裝 ",{"t":"idOrVar","v":"title"}]},{"$i":"history","$v":"HISTORY"},{"$i":"top-sites","$v":"TOP SITES"},{"$i":"suggestions","ariaLabel":"Suggestions"},{"$i":"contacts","ariaLabel":"Contacts"},{"$i":"places","ariaLabel":"Places"},{"$i":"apps","ariaLabel":"Apps"},{"$i":"suggestions-settings-notice","$v":"The characters you type are used to show you search suggestions. Go to the Search section of Settings to change your search preferences."},{"$i":"ok","$v":"OK"},{"$i":"add-to-home-screen","label":"Add to Home Screen"},{"$i":"offline-message","$v":"No internet connection"},{"$i":"future","$v":"FUTURE"},{"$i":"today","$v":"TODAY"},{"$i":"yesterday","$v":"YESTERDAY"},{"$i":"last-7-days","$v":"LAST 7 DAYS"},{"$i":"this-month","$v":"THIS MONTH"},{"$i":"last-6-months","$v":"LAST 6 MONTHS"},{"$i":"older-than-6-months","$v":"OLDER THAN 6 MONTHS"},{"$i":"month-0","$v":"JANUARY"},{"$i":"month-1","$v":"FEBRUARY"},{"$i":"month-2","$v":"MARCH"},{"$i":"month-3","$v":"APRIL"},{"$i":"month-4","$v":"MAY"},{"$i":"month-5","$v":"JUNE"},{"$i":"month-6","$v":"JULY"},{"$i":"month-7","$v":"AUGUST"},{"$i":"month-8","$v":"SEPTEMBER"},{"$i":"month-9","$v":"OCTOBER"},{"$i":"month-10","$v":"NOVEMBER"},{"$i":"month-11","$v":"DECEMBER"},{"$i":"gaia-grid-stop-download-title","$v":["Stop ",{"t":"idOrVar","v":"name"}]},{"$i":"gaia-grid-stop-download-body","$v":"Do you want to stop the download in progress?"},{"$i":"gaia-grid-stop-download-action","$v":"Stop"},{"$i":"gaia-grid-resume-download-title","$v":"Restart Download"},{"$i":"gaia-grid-resume-download-body","$v":["Do you want to download ",{"t":"idOrVar","v":"name"},"?"]},{"$i":"gaia-grid-resume-download-action","$v":"Download"},{"$i":"gaia-grid-cancel","$v":"Cancel"},{"$i":"gaia-grid-enter-group-name","$v":"Enter a group name"}]