{
  "af"        : "Afrikaans",
  "ar"        : "عربي",
  "as"        : "অসমীয়া",
  "ast"       : "Asturianu",
  "be"        : "Беларуская",
  "bg"        : "български",
  "bn-BD"     : "বাংলা (বাংলাদেশ)",
  "bn-IN"     : "বাংলা (ভারত)",
  "br"        : "Brezhoneg",
  "bs"        : "Bosanski",
  "ca"        : "Català",
  "cs"        : "Čeština",
  "cy"        : "Cymraeg",
  "da"        : "Dansk",
  "de"        : "Deutsch",
  "ee"        : "Èʋe",
  "el"        : "Ελληνικά",
  "en-GB"     : "English (GB)",
  "en-US"     : "English (US)",
  "eo"        : "Esperanto",
  "es"        : "Español",
  "et"        : "Eesti keel",
  "eu"        : "Euskara",
  "ff"        : "Pulaar-Fulfulde",
  "fi"        : "suomi",
  "fr"        : "Français",
  "fy-NL"     : "Frysk",
  "ga-IE"     : "Gaeilge (Éire)",
  "gd"        : "Gàidhlig",
  "gl"        : "Galego",
  "gu"        : "ગુજરાતી",
  "he"        : "עברית",
  "hi-IN"     : "हिन्दी (भारत)",
  "hr"        : "Hrvatski",
  "ht"        : "Kreyòl ayisyen",
  "hu"        : "Magyar",
  "hy-AM"     : "Հայերեն",
  "id"        : "Bahasa Indonesia",
  "it"        : "Italiano",
  "ja"        : "日本語",
  "km"        : "ខ្មែរ",
  "kn"        : "ಕನ್ನಡ",
  "ko"        : "한국어",
  "lij"       : "Ligure",
  "ln"        : "Ngala",
  "lt"        : "Lietuvių",
  "lv"        : "Latviešu valoda",
  "mai"       : "मैथिली",
  "mk"        : "Македонски",
  "ml"        : "മലയാളം",
  "mr"        : "मराठी",
  "ms"        : "Melayu",
  "nb-NO"     : "Norsk bokmål",
  "ne-NP"     : "नेपाली",
  "nl"        : "Nederlands",
  "or"        : "ଓଡ଼ିଆ",
  "pa"        : "ਪੰਜਾਬੀ",
  "pl"        : "Polski",
  "pt-BR"     : "Português (do Brasil)",
  "pt-PT"     : "Português (Europeu)",
  "ro"        : "Română",
  "ru"        : "Русский",
  "si"        : "සිංහල",
  "sk"        : "Slovenčina",
  "sl"        : "Slovenščina",
  "son"       : "Soŋay",
  "sq"        : "Shqip",
  "sr-Cyrl"   : "Српски",
  "sr-Latn"   : "Srpski",
  "sv-SE"     : "Svenska",
  "sw"        : "Kiswahili",
  "ta"        : "தமிழ்",
  "te"        : "తెలుగు",
  "th"        : "ไทย",
  "tr"        : "Türkçe",
  "ur"        : "اُردو",
  "vi"        : "Tiếng Việt",
  "wo"        : "Wolof",
  "xh"        : "isiXhosa",
  "zh-CN"     : "中文 (简体)",
  "zh-TW"     : "正體中文 (繁體)",
  "zu"        : "isiZulu"
}
