[{"$i":"brandShortName","$v":"Firefox OS"},{"$i":"browserBrandShortName","$v":"Firefox"},{"$i":"browserBrandFullName","$v":"Mozilla Firefox"},{"$i":"ringtoneBrandName","$v":"Firefox"},{"$i":"ringtoneSectionBrandName","$v":"Firefox"},{"$i":"ok","$v":"موافق"},{"$i":"back","$v":"العودة"},{"$i":"help","$v":"مساعدة"},{"$i":"cancel","$v":"إلغاء"},{"$i":"close","$v":"إغلاق"},{"$i":"skip","$v":"تخطّي"},{"$i":"clear","ariaLabel":"Clear"},{"$i":"enable","$v":"Enable"},{"$i":"turnOn","$v":"Turn On"},{"$i":"undo","ariaLabel":"Undo"},{"$i":"enterPIN","$v":"أدخل كود PIN"},{"$i":"mediaPlaybackTrack","ariaLabel":"Track title and artist"},{"$i":"mediaPlaybackControls","ariaLabel":"Playback controls"},{"$i":"mediaPlaybackPrevious","ariaLabel":"Previous"},{"$i":"mediaPlaybackPlay","ariaLabel":"Play"},{"$i":"mediaPlaybackPause","ariaLabel":"Pause"},{"$i":"mediaPlaybackNext","ariaLabel":"Next"},{"$i":"UnknownTrack","$v":"Unknown track"},{"$i":"wifiButton-on","$v":"Wi-Fi on"},{"$i":"wifiButton-on-initializing","$v":"Wi-Fi on, initializing"},{"$i":"wifiButton-off","$v":"Wi-Fi off"},{"$i":"dataButton-on","$v":["Data ",{"t":"idOrVar","v":"type"}," on"]},{"$i":"dataButton-off","$v":["Data ",{"t":"idOrVar","v":"type"}," off"]},{"$i":"bluetoothButton-on","$v":"Bluetooth on"},{"$i":"bluetoothButton-on-initializing","$v":"Bluetooth on, initializing"},{"$i":"bluetoothButton-off","$v":"Bluetooth off"},{"$i":"airplaneMode-on","$v":"Airplane mode on"},{"$i":"airplaneMode-off","$v":"Airplane mode off"},{"$i":"settingsButton","ariaLabel":"Settings"},{"$i":"utilityTray","ariaLabel":"Utility tray"},{"$i":"statusbarLabel","$v":[{"t":"idOrVar","v":"operator"}," ،",{"t":"idOrVar","v":"date"}]},{"$i":"statusbarDateFormat","$v":"%b %e"},{"$i":"statusbar","ariaLabel":"Status Bar"},{"$i":"statusbarBattery","ariaLabel":["Battery ",{"t":"idOrVar","v":"level"}," percent"]},{"$i":"statusbarBatteryCharging","ariaLabel":["Battery ",{"t":"idOrVar","v":"level"}," percent, charging"]},{"$i":"statusbarFlightMode","ariaLabel":"Airplane mode on"},{"$i":"statusbarWiFiConnecting","$v":"Wi-Fi: connecting"},{"$i":"statusbarWiFiConnected","$v":["Wi-Fi: ",{"t":"idOrVar","v":"level"}," of 4 bars"]},{"$i":"statusbarSignal","$v":[{"t":"idOrVar","v":"operator"}," network, ",{"t":"idOrVar","v":"level"}," of 5 bars"]},{"$i":"statusbarSignalRoaming","$v":[{"t":"idOrVar","v":"operator"}," network (roaming), ",{"t":"idOrVar","v":"level"}," of 5 bars"]},{"$i":"statusbarSignalNoneSearching","$v":"Searching… Emergency calls only"},{"$i":"statusbarHeadphones","ariaLabel":"Headphones on"},{"$i":"statusbarBluetoothHeadphones","ariaLabel":"Bluetooth headphones on"},{"$i":"statusbarBluetoothTransferring","ariaLabel":"Bluetooth transfer active"},{"$i":"statusbarIconOn-tethering","$v":"Tethering on"},{"$i":"statusbarIconOnActive-tethering","$v":"Tethering on, active"},{"$i":"statusbarAlarm","ariaLabel":"Alarm on"},{"$i":"statusbarIconOn-bluetooth","$v":"Bluetooth on"},{"$i":"statusbarIconOnActive-bluetooth","$v":"Bluetooth on, active"},{"$i":"statusbarIconOn-mute","$v":"Mute on"},{"$i":"statusbarIconOn-vibration","$v":"Vibration on"},{"$i":"statusbarRecording","ariaLabel":"Recording on"},{"$i":"statusbarGeolocation","ariaLabel":"Geolocation on"},{"$i":"statusbarUsb","ariaLabel":"USB on"},{"$i":"statusbarForwarding","$v":"Call forwarding on"},{"$i":"statusbarPlaying","ariaLabel":"Media playing"},{"$i":"statusbarNfc","ariaLabel":"NFC on"},{"$i":"statusbarDownloads","ariaLabel":"Downloading…"},{"$i":"statusbarNetworkActivity","ariaLabel":"Networking on"},{"$i":"statusbarEmergencyCBNotification","ariaLabel":"Emergency callback"},{"$i":"statusbarNotifications","$v":{"one":[{"t":"idOrVar","v":"n"}," Notification"],"two":[{"t":"idOrVar","v":"n"}," Notifications"],"few":[{"t":"idOrVar","v":"n"}," Notifications"],"many":[{"t":"idOrVar","v":"n"}," Notifications"],"other":[{"t":"idOrVar","v":"n"}," Notifications"]},"$x":[{"t":"idOrVar","v":"plural"},"n"]},{"$i":"statusbarNotifications-unread","ariaLabel":{"$x":[{"t":"idOrVar","v":"plural"},"n"],"$v":{"one":[{"t":"idOrVar","v":"n"}," unread notification"],"two":[{"t":"idOrVar","v":"n"}," unread notifications"],"few":[{"t":"idOrVar","v":"n"}," unread notifications"],"many":[{"t":"idOrVar","v":"n"}," unread notifications"],"other":[{"t":"idOrVar","v":"n"}," unread notifications"]}}},{"$i":"notifications","$v":"التنبيهات"},{"$i":"clear-all","$v":"إزالة الكل"},{"$i":"attentionScreen-tapToShow","$v":"Tap to show"},{"$i":"newVoicemails","$v":{"zero":"لا يوجد بريد صوتي جديد","one":"رسالة صوتية جديدة","two":[{"t":"idOrVar","v":"n"}," رسائل صوتية جديدة"],"few":[{"t":"idOrVar","v":"n"}," رسائل صوتية جديدة"],"many":[{"t":"idOrVar","v":"n"}," رسائل صوتية جديدة"],"other":[{"t":"idOrVar","v":"n"}," رسائل صوتية جديدة"]},"$x":[{"t":"idOrVar","v":"plural"},"n"]},{"$i":"newVoicemailsUnknown","$v":"رسالة صوتية جديدة"},{"$i":"dialNumber","$v":["إتصال ب  ",{"t":"idOrVar","v":"number"}]},{"$i":"voicemailNotificationMultiSim","$v":["(SIM ",{"t":"idOrVar","v":"n"},") ",{"t":"idOrVar","v":"title"}]},{"$i":"euRoamingNotificationTitle","$v":"EU internet detected"},{"$i":"euRoamingNotificationMsg","$v":"Tap to change."},{"$i":"confirmNFCConnectBTenabledNameUnknown","$v":"Are you sure you want to connect to the device?"},{"$i":"confirmNFCConnectBTdisabledNameUnknown","$v":"Turn on Bluetooth and connect to the device?"},{"$i":"confirmNFCConnectBTenabledNameKnown","$v":["Are you sure you want to connect to ",{"t":"idOrVar","v":"deviceName"},"?"]},{"$i":"confirmNFCConnectBTdisabledNameKnown","$v":["Turn on Bluetooth and connect to ",{"t":"idOrVar","v":"deviceName"},"?"]},{"$i":"confirmNFCConnectBTdisabled","$v":"Turn on"},{"$i":"dismissNFCConnectBTdisabled","$v":"Cancel"},{"$i":"confirmation","$v":"Confirmation"},{"$i":"deviceMenu","$v":"الهاتف"},{"$i":"airplane","$v":"تفعيل وضع الطيران"},{"$i":"airplaneOff","$v":"تعطيل وضع الطيران"},{"$i":"silent","$v":"إسكات المكالمات الواردة"},{"$i":"normal","$v":"رنين المكالمات الواردة"},{"$i":"restart","$v":"إعادة التشغيل"},{"$i":"power","$v":"إيقاف التشغيل"},{"$i":"no-recent-app-windows","$v":"Your recent app windows show up here"},{"$i":"no-recent-browser-windows","$v":"Your recent browser windows show up here"},{"$i":"closeCard","ariaLabel":"Close"},{"$i":"openCard","ariaLabel":"Open"},{"$i":"yes","$v":"نعم"},{"$i":"no","$v":"لا"},{"$i":"dontallow","$v":"Don’t allow"},{"$i":"allow","$v":"سماح"},{"$i":"dontshare-geolocation","$v":"لا تُشارك"},{"$i":"share-geolocation","$v":"مُشاركة"},{"$i":"dontshare-audio-capture","$v":"لا تُشارك"},{"$i":"share-audio-capture","$v":"مُشاركة"},{"$i":"dontshare-video-capture","$v":"لا تُشارك"},{"$i":"share-video-capture","$v":"مُشاركة"},{"$i":"dontshare-media-capture","$v":"لا تُشارك"},{"$i":"share-media-capture","$v":"مُشاركة"},{"$i":"device-front","$v":"الكاميرا الأمامية"},{"$i":"device-back","$v":"الكاميرا الخلفية"},{"$i":"remember-my-choice","$v":"تذكر إختياري"},{"$i":"more-info","$v":"مزيد من المعلومات"},{"$i":"hide-info","$v":"Hide info"},{"$i":"install-app","$v":["تثبيت ",{"t":"idOrVar","v":"name"},"?"]},{"$i":"size","$v":"الحجم"},{"$i":"author","$v":"المُبرمج"},{"$i":"size-unknown","$v":"غير معرف"},{"$i":"author-unknown","$v":"غير معرف"},{"$i":"install","$v":["تثبيت ",{"t":"idOrVar","v":"name"}," من ",{"t":"idOrVar","v":"origin"},"؟"]},{"$i":"bytes","$v":"بايت"},{"$i":"kB","$v":"كيلوبايت"},{"$i":"MB","$v":"ميجا بايت"},{"$i":"GB","$v":"جيجا بايت"},{"$i":"TB","$v":"تيرا بايت"},{"$i":"PB","$v":"بيتا بايت"},{"$i":"app-install-generic-error","$v":["توقف تنزيل ",{"t":"idOrVar","v":"&nbsp;appName"}," "]},{"$i":"app-install-download-failed","$v":["فشل في تنزيل ",{"t":"idOrVar","v":"appName"}]},{"$i":"app-install-install-failed","$v":["فشل في تثبيت ",{"t":"idOrVar","v":"appName"}," "]},{"$i":"cancelling-will-not-refund","$v":"الالغاء لن يعيد النقود للمشترى. إعادة النقود للمحتوى المُشترى فقط من خلال البائع الاصلي."},{"$i":"apps-can-be-installed-later","$v":"يمكن تثبيت التطبيقات لاحقا من مصدر التثبيت الاصلي."},{"$i":"are-you-sure-you-want-to-cancel","$v":"هل أنت متأكد من إلغاء التثبيت؟"},{"$i":"cancel-install","$v":"إلغاء التثبيت"},{"$i":"cancel-install-button","$v":"Cancel Install"},{"$i":"resume","$v":"إستئناف"},{"$i":"continue","$v":"تابِع"},{"$i":"stopDownloading","$v":["إيقاف تنزيل ",{"t":"idOrVar","v":"app"},"؟"]},{"$i":"app-download-can-be-restarted","$v":"يمكنك إعادة بدء التنزيل لاحقا."},{"$i":"app-download-stop-button","$v":"إيقاف التنزيل"},{"$i":"not-enough-space","$v":"لا توجد مساحة كافية "},{"$i":"not-enough-space-message","$v":"لا توجد مساحة كافية. اخذف التطبيقات القديمة أو الوسائط لتوفير مساحة وحاول التنزيل مرة اخرى من المصدر الرئيسي."},{"$i":"app-install-success","$v":[{"t":"idOrVar","v":"appName"}," تم تثبيته"]},{"$i":"setup","$v":"الإعداد"},{"$i":"ime-addkeyboards","$v":"إضافة لوحة مفاتيح"},{"$i":"later","$v":"لاحقاً"},{"$i":"download","$v":"تنزيل"},{"$i":"wantToDownload","$v":"تنزيل التحديث الآن؟"},{"$i":"wantToInstallNow","$v":"Do you want to install the update now? You will not be able to use your phone for a few minutes."},{"$i":"installNow","$v":"التثبيت الآن"},{"$i":"notNow","$v":"ليس الآن"},{"$i":"downloadingUpdateMessage","innerHTML":["جارِ تنزيل التحديثات...<span>",{"t":"idOrVar","v":"progress"}," تم تنزيله.</span>"]},{"$i":"downloadingAppMessage","$v":["جاري تنزيل ",{"t":"idOrVar","v":"appName"}]},{"$i":"downloadingAppProgressNoMax","$v":["تم تنزيل ",{"t":"idOrVar","v":"progress"}]},{"$i":"downloadingAppProgressIndeterminate","$v":"جاري التنزيل"},{"$i":"downloadingAppProgress","$v":["تم تنزيل ",{"t":"idOrVar","v":"progress"}," / ",{"t":"idOrVar","v":"max"}," "]},{"$i":"cancelAllDownloads","$v":"إلغاء جميع التنزيلات"},{"$i":"wantToCancelAll","$v":"هل أنت متأكد من إلغاء جميع التنزيلات؟"},{"$i":"downloadError","$v":"حدث خطأ عند تنزيل التحديثات."},{"$i":"updateAvailableInfo","innerHTML":{"$x":[{"t":"idOrVar","v":"plural"},"n"],"$v":{"one":[{"t":"idOrVar","v":"n"}," تحديثات متاحة. <span> اضغط للتحميل.</span>"],"two":[{"t":"idOrVar","v":"n"}," تحديثات متاحة. <span> اضغط لمزيد من المعلومات.</span>"],"few":[{"t":"idOrVar","v":"n"}," تحديثات متاحة. <span> اضغط لمزيد من المعلومات.</span>"],"many":[{"t":"idOrVar","v":"n"}," تحديثات متاحة. <span> اضغط لمزيد من المعلومات.</span>"],"other":[{"t":"idOrVar","v":"n"}," تحديثات متاحة. <span> اضغط لمزيد من المعلومات.</span>"]}}},{"$i":"numberOfUpdates","$v":{"one":["متوفر ",{"t":"idOrVar","v":"n"}," تحديث"],"two":["متوفر ",{"t":"idOrVar","v":"n"}," تحديثات"],"few":["متوفر ",{"t":"idOrVar","v":"n"}," تحديثات"],"many":["متوفر ",{"t":"idOrVar","v":"n"}," تحديثات"],"other":["متوفر ",{"t":"idOrVar","v":"n"}," تحديثات"]},"$x":[{"t":"idOrVar","v":"plural"},"n"]},{"$i":"systemUpdate","$v":"تحديث النظام"},{"$i":"systemUpdateReady","$v":"تحديث النظام جاهز"},{"$i":"systemUpdateLowBatteryThreshold","$v":["You need at least ",{"t":"idOrVar","v":"threshold"},"% battery level to install the update."]},{"$i":"required","$v":"مطلوب"},{"$i":"uncompressingMessage","innerHTML":"جارِ فك الضغط… <span>ربما يحتاج لبضعة دقائق.</span>"},{"$i":"downloadWifiPrioritizedUsing2G","$v":"Updates are downloaded via data connection when Wi-Fi is not available. When using data connection, phone calls may be blocked and additional charges may also apply."},{"$i":"downloadWifiPrioritized3","$v":"Updates are downloaded via data connection when Wi-Fi is not available. When using data connection, additional charges may apply."},{"$i":"downloadNoWifiWarning","$v":"اللاسلكي غير متاح. التحديث باستخدام هذه الشبكة ربما سيترتب عليه رسوم اضافية."},{"$i":"downloadOfflineWarning2","$v":"Connect to a network to download updates."},{"$i":"downloadUpdatesViaDataConnection","$v":"تنزيل التحديثات عن طريق وصلة البيانات؟"},{"$i":"downloadUpdatesVia2GForbidden3","$v":"Downloading updates is not possible on slow connections (2G). Please connect via Wi-Fi or 3G (if available) and try again."},{"$i":"downloadUpdatesViaDataConnectionMessage3","$v":"When using a data connection, additional costs may apply. Do you want to continue?"},{"$i":"downloadUpdatesViaDataRoamingConnection","$v":"Download updates via data roaming?"},{"$i":"downloadUpdatesViaDataRoamingConnectionMessage","$v":"You are currently roaming and additional charges may apply. Do you want to continue?"},{"$i":"screenshotSaved","$v":"تم حفظ لقطة الشاشة في الأستوديو"},{"$i":"screenshotFailed","$v":"لم يتم حفظ لقطة الشاشة"},{"$i":"screenshotNoSDCard","$v":"لم يتم العثور على بطاقة ذاكرة"},{"$i":"screenshotSDCardInUse","$v":"بطاقة الذاكرة قيد الاستعمال"},{"$i":"screenshotSDCardLow","$v":"لا توجد مساحة كافية على بطاقة الذاكرة"},{"$i":"logsSaved","$v":"Logs saved to storage"},{"$i":"logsSaveError","$v":"Error while saving logs"},{"$i":"logsSaving","$v":"Capturing logs…"},{"$i":"logsOperationFailed","$v":["Operation ",{"t":"idOrVar","v":"operation"}," failed."]},{"$i":"logsGenericError","$v":"Unexpected error occurred."},{"$i":"logsSDCardMaybeShared","$v":"Make sure your SD card is not shared with your computer."},{"$i":"emergency-call-button","$v":"مكالمة الطوارئ"},{"$i":"emergency-call","$v":"مكالمة الطوارئ"},{"$i":"unlock-a11y-button","ariaLabel":"فتح القفل"},{"$i":"camera-a11y-button","ariaLabel":"الكاميرا"},{"$i":"longDateFormat","$v":"%A, %B %e"},{"$i":"panel-passcode","ariaLabel":"Passcode panel"},{"$i":"open-notification","$v":"open"},{"$i":"softwareHomeButton","ariaLabel":"الرئيسية"},{"$i":"login","$v":"تسجيل الدخول"},{"$i":"sign-in-to-website","$v":"Sign in to website"},{"$i":"username","$v":"اسم المستخدم"},{"$i":"password","$v":"كلمة السِّر"},{"$i":"http-authentication-message2","$v":["The website ",{"t":"idOrVar","v":"host"}," requires you to sign in."]},{"$i":"error-message","$v":["لم يتم تحميل التطبيق ",{"t":"idOrVar","v":"name"}," صورة صحيحة"]},{"$i":"error-title","$v":["يواجه التطبيق ",{"t":"idOrVar","v":"name"}," مشاكل"]},{"$i":"unable-to-connect","$v":"تعذّر الاتصال"},{"$i":"tap-to-check-settings","$v":"Tap to check settings"},{"$i":"delete-title","$v":["Delete ",{"t":"idOrVar","v":"name"}]},{"$i":"delete-body","$v":[{"t":"idOrVar","v":"name"}," and all of its data will be deleted."]},{"$i":"delete","$v":"Delete"},{"$i":"unrecoverable-error-title","$v":"Remove Application"},{"$i":"unrecoverable-error-body","$v":"Cannot install application due to an unrecoverable error. Please try downloading again. The application will be removed."},{"$i":"unrecoverable-error-action","$v":"OK"},{"$i":"data-roaming-enabled-title","$v":"Turn on data roaming?"},{"$i":"data-roaming-enabled-warning2","$v":"In order to access the Internet, you need to turn on data roaming. Depending on your service agreement, extra charges may apply. Do you want to turn data on?"},{"$i":"select-time","$v":"حدد وقت"},{"$i":"choose-option","$v":"حدد"},{"$i":"choose-options","$v":"حدد"},{"$i":"select-day","$v":"حدد يوم"},{"$i":"battery-almost-empty3","$v":"Your battery is low."},{"$i":"plug-in-your-charger","$v":"Please plug in your charger."},{"$i":"new-window","$v":"New window"},{"$i":"new-private-window","$v":"New private window"},{"$i":"show-windows","$v":"Show windows"},{"$i":"add-to-home-screen","$v":"أضف إلى الشاشة الرئيسية"},{"$i":"share","$v":"Share"},{"$i":"crash-dialog2-os","$v":[{"t":"idOrVar","v":"brandShortName"}," تم استرجاعه من الانهيار"]},{"$i":"crash-dialog-app","$v":[{"t":"idOrVar","v":"name"}," توقف عن العمل"]},{"$i":"crash-dialog-app-noname","$v":"Something"},{"$i":"crash-dialog-message","$v":"هل ترغب في ارسال تقرير عن الانهيار لموزيلا للمساعدة في حل المشكلة؟ (ترسل التقارير عبر الواي فاي فقط.)"},{"$i":"crash-info-link","$v":"ماذا يحتوي تقرير الحادث؟"},{"$i":"crash-always-report","$v":"دائما قم بإرسال تقرير لموزيلا عند حدوث انهيار."},{"$i":"crash-dont-send","$v":"لا ترسل"},{"$i":"crash-end","$v":"أرسل التقرير"},{"$i":"crashReports","$v":"تقارير الانهيارات"},{"$i":"done","$v":"تم"},{"$i":"crash-reports-description-1","$v":"تقرير الانهيار يحتوي على تفاصيل الانهيار و جوّالك ولمحة عن حالة جوّالك لحظه حدوث الانهيار."},{"$i":"crash-reports-description-2","$v":"ربما يحتوي على الصفحات المفتوحة والتطبيقات، بعض النصوص المطبوعة ومحتوى الرسائل المفتوحة، اخر تأريخ التصفح أو موقعك الجغرافي المستخدم في التطبيق المفتوح."},{"$i":"crash-reports-description-3-start","$v":"نحن نستخدم تقارير الأعطال في محاولة لإصلاح المشاكل وتحسين منتجاتنا. علينا التعامل مع المعلومات الخاصة بك كما هو موضح في ourȀ"},{"$i":"crash-reports-description-3-privacy","$v":"سياسة الخصوصية"},{"$i":"crash-reports-description-3-end","$v":"."},{"$i":"crash-banner-os2","$v":[{"t":"idOrVar","v":"brandShortName"}," انهار الآن."]},{"$i":"crash-banner-app","$v":[{"t":"idOrVar","v":"name"}," توقف عن العمل ."]},{"$i":"crash-banner-report","$v":"التقرير"},{"$i":"bluetooth-sending-progress","$v":"جارِ الإرسال من البلوتوث"},{"$i":"bluetooth-receiving-progress","$v":"جارِ الاستلام من البلوتوث.."},{"$i":"acceptFileTransfer","$v":"قبول نقل الملف عبر البلوتوث؟"},{"$i":"wantToReceiveFile","$v":["يرغب ",{"t":"idOrVar","v":"deviceName"},"  بنقل ",{"t":"idOrVar","v":"fileName"}," (",{"t":"idOrVar","v":"fileSize"},")."]},{"$i":"transfer-confirmation-title","$v":[{"t":"idOrVar","v":"deviceName"}]},{"$i":"transfer-confirmation-description","$v":"إعدة النظر في طلب التحويل."},{"$i":"byteUnit-B","$v":"بايت"},{"$i":"byteUnit-KB","$v":"كيلوبايت"},{"$i":"byteUnit-MB","$v":"ميجابايت"},{"$i":"byteUnit-GB","$v":"جيجابايت"},{"$i":"byteUnit-TB","$v":"تيرابايت"},{"$i":"byteUnit-PB","$v":"PB"},{"$i":"byteUnit-EB","$v":"EB"},{"$i":"byteUnit-ZB","$v":"ZB"},{"$i":"byteUnit-YB","$v":"YB"},{"$i":"fileSize","$v":[{"t":"idOrVar","v":"size"}," ",{"t":"idOrVar","v":"unit"}]},{"$i":"deny","$v":"ارفض"},{"$i":"transfer","$v":"نقل"},{"$i":"cancelFileTransfer","$v":"إلغاء نقل الملف عبر البلوتوث؟"},{"$i":"continueFileTransfer","$v":"Continue"},{"$i":"transfer-has-started-title","$v":"بدء عملية التحويل"},{"$i":"transfer-has-started-description","$v":"تفحص العملية في مركز التنبيهات"},{"$i":"transferFinished-sentSuccessful-title","$v":"أُرسِل الملف"},{"$i":"transferFinished-receivedSuccessful-title","$v":"أُستُقبِل الملف"},{"$i":"transferFinished-sentFailed-title","$v":"لم يتم ارسال الملف"},{"$i":"transferFinished-receivedFailed-title","$v":"لم بتم استقبال الملف"},{"$i":"transferReport-title","$v":"حوِّل التقرير:"},{"$i":"transferReport-description","$v":[{"t":"idOrVar","v":"numSuccessful"},"ملفات بنجاح , ",{"t":"idOrVar","v":"numUnsuccessful"}," ملفات بفشل"]},{"$i":"unknown-file","$v":"ملف غير مُعرَّف"},{"$i":"unknown-device","$v":"جهاز مجهول"},{"$i":"cannotOpenFile","$v":"لايمكن فتح الملف المُستلم"},{"$i":"unknownMediaTypeToOpenFile","$v":["Can not open unknown media type: ",{"t":"idOrVar","v":"fileName"}]},{"$i":"cannotReceiveFile","$v":"لا يمكن استلام الملف"},{"$i":"cannotGetStorageState","$v":"لايمكن الوصول الى حالة أجهزة التخزين."},{"$i":"sdcard-not-exist2","$v":"لم يتم العثور على بطاقة الذاكرة. الرجاءإدخال بطاقة الذاكرة."},{"$i":"sdcard-in-use","$v":"لا يمكن استعمال البلوتوث يبنما الجوَّال موصول. افصل الجوّال لاستلام الملف او الملفات."},{"$i":"sdcard-no-space2","$v":"لا يمكن اتمام عملية النقل: بطاقة الذاكرة ملىء"},{"$i":"unknown-error","$v":"خطأ غير معروف"},{"$i":"confirm","$v":"تأكيد"},{"$i":"sdcard-detected-title","$v":"SD card detected"},{"$i":"sdcard-total-size-body","$v":["Total size: ",{"t":"idOrVar","v":"size"}," ",{"t":"idOrVar","v":"unit"}]},{"$i":"sdcard-unknown-size-then-tap-to-format-body","$v":"Unknown size, tap to format"},{"$i":"sdcard-removed-title","$v":"SD card removed"},{"$i":"sdcard-removed-ejected-successfully","$v":"Ejected successfully"},{"$i":"sdcard-removed-not-ejected-properly","$v":"Not ejected properly"},{"$i":"microphone-is-on","$v":"الميكرفون يعمل"},{"$i":"camera-is-on","$v":"الكمرة مُشغّلة"},{"$i":"media-is-on","$v":"الكاميرا والميكرفون يعملان"},{"$i":"noSimCard","$v":"لا توجد بطاقة SIM"},{"$i":"simPin","$v":"كود SIM PIN"},{"$i":"pukCode","$v":"كود PUK "},{"$i":"nckCode","$v":"كود NCK"},{"$i":"cckCode","$v":"كود CCK"},{"$i":"spckCode","$v":"كود SPCK"},{"$i":"nck1code","$v":"NCK1 code"},{"$i":"nck2code","$v":"NCK2 code"},{"$i":"hnckcode","$v":"HNCK code"},{"$i":"rcckcode","$v":"RCCK code"},{"$i":"rspckcode","$v":"RSPCK code"},{"$i":"whatIsSimPin","$v":"ماهو كود SIM PIN؟"},{"$i":"simPinIntro1","$v":"كود SIM PIN يمنع الوصول إلى شبكات البيانات الخلوية لبطاقة SIM. عندما تكون مفعلة، أي جهاز يحتوي على بطاقة SIM سوف يطلب كود PIN عند إعادة التشغيل."},{"$i":"simPinIntro2","$v":"كود SIM PIN ليس هو نفسه رمز المرور المستخدم لفتح الجهاز."},{"$i":"changeSimPin","$v":"تغيير كود PIN"},{"$i":"pinTitle","$v":"أدخل الكود SIM PIN"},{"$i":"multiSIMpinTitle","$v":["أدخل SIM ",{"t":"idOrVar","v":"n"}," PIN"]},{"$i":"pukTitle","$v":"أدخل كود PUK "},{"$i":"nckTitle","$v":"ادخل كود NCK"},{"$i":"cckTitle","$v":"ادخل كود CCK"},{"$i":"spckTitle","$v":"ادخل كود SPCK"},{"$i":"nck1Title","$v":"Enter NCK1 code"},{"$i":"nck2Title","$v":"Enter NCK2 code"},{"$i":"hnckTitle","$v":"Enter HNCK code"},{"$i":"rcckTitle","$v":"Enter RCCK code"},{"$i":"rspckTitle","$v":"Enter RSPCK code"},{"$i":"newpinTitle","$v":"كود PIN جديد"},{"$i":"inputCodeRetriesLeft","$v":{"one":"آخر محاولة","two":[{"t":"idOrVar","v":"n"}," محاولة متبقية ."],"few":[{"t":"idOrVar","v":"n"}," محاولة متبقية ."],"many":[{"t":"idOrVar","v":"n"}," محاولة متبقية ."],"other":[{"t":"idOrVar","v":"n"}," محاولة متبقية ."]},"$x":[{"t":"idOrVar","v":"plural"},"n"]},{"$i":"pinErrorMsg","$v":"كود PIN خاطئ."},{"$i":"pinAttemptMsg2","$v":{"one":"لديك محاوله واحدة متبقية لادخال الكود الصحيح قبل اغلاق بطاقة SIM.","two":["لديك ",{"t":"idOrVar","v":"n"}," محاولات متبقية لادخال الكود الصحيح قبل اغلاق بطاقة SIM."],"few":["لديك ",{"t":"idOrVar","v":"n"}," محاولات متبقية لادخال الكود الصحيح قبل اغلاق بطاقة SIM."],"many":["لديك ",{"t":"idOrVar","v":"n"}," محاولات متبقية لادخال الكود الصحيح قبل اغلاق بطاقة SIM."],"other":["لديك ",{"t":"idOrVar","v":"n"}," محاولات متبقية لادخال الكود الصحيح قبل اغلاق بطاقة SIM."]},"$x":[{"t":"idOrVar","v":"plural"},"n"]},{"$i":"pinLastChanceMsg","$v":"هذه آخر فرصة لك لإدخال رقم التعريف الشخصي الصحيح. خلاف ذلك، يجب عليك إدخال مفتاح إلغاء التأمين الشخصي (PUK) لإستخدام هذه الشريحة."},{"$i":"simCardLockedMsg","$v":"بطاقة SIM مقفلة."},{"$i":"enterPukMsg","$v":"يجب عليك إدخال مفتاح إلغاء التأمين الشخصي (PUK) للشريحة. ارجع إلى وثائق الشريحة أو اتصل بالناقل الخاص بك للحصول على مزيد من المعلومات."},{"$i":"pukErrorMsg","$v":"كود PUK غير صحيح."},{"$i":"pukAttemptMsg2","$v":{"one":"لديك محاولة واحدة متبقية لإدخال الرمز الصحيح قبل أن تصبح هذه الشريحة غير صالحة للإستعمال بشكل دائم. ارجع إلى وثائق الشريحة أو اتصل بالمزود الخاص بك للحصول على مزيد من المعلومات.","two":["لديك ",{"t":"idOrVar","v":"n"}," محاولة لإدخال الرمز الصحيح قبل أن تصبح هذه الشريحة غير صالحة للإستعمال بشكل دائم. ارجع إلى وثائق الشريحة أو اتصل بالناقل الخاص بك للحصول على مزيد من المعلومات."],"few":["لديك ",{"t":"idOrVar","v":"n"}," محاولة لإدخال الرمز الصحيح قبل أن تصبح هذه الشريحة غير صالحة للإستعمال بشكل دائم. ارجع إلى وثائق الشريحة أو اتصل بالناقل الخاص بك للحصول على مزيد من المعلومات."],"many":["لديك ",{"t":"idOrVar","v":"n"}," محاولة لإدخال الرمز الصحيح قبل أن تصبح هذه الشريحة غير صالحة للإستعمال بشكل دائم. ارجع إلى وثائق الشريحة أو اتصل بالناقل الخاص بك للحصول على مزيد من المعلومات."],"other":["لديك ",{"t":"idOrVar","v":"n"}," محاولة لإدخال الرمز الصحيح قبل أن تصبح هذه الشريحة غير صالحة للإستعمال بشكل دائم. ارجع إلى وثائق الشريحة أو اتصل بالناقل الخاص بك للحصول على مزيد من المعلومات."]},"$x":[{"t":"idOrVar","v":"plural"},"n"]},{"$i":"pukLastChanceMsg","$v":"آخر فرصة لإدخال مفتاح إلغاء التأمين الشخصي (PUK) الصحيح. شريحتك ستصبح غير صالحة للإستعمال بشكل دائم إذا أدخلت مفتاح إلغاء تأمين شخصي (PUK) خاطىء. ارجع إلى وثائق الشريحة أو اتصل بالناقل الخاص بك للحصول على مزيد من المعلومات."},{"$i":"newSimPinMsg","$v":"أنشىء رقم تعريف شخصي (يجب أن يحتوي من 4 إلى 8 أرقام)"},{"$i":"confirmNewSimPinMsg","$v":"قم بتأكيد كود PIN"},{"$i":"newPinErrorMsg","$v":"كودين PIN غير متطابقين"},{"$i":"nckErrorMsg","$v":"كود NCK غير صحيح."},{"$i":"nckAttemptMsg2","$v":{"one":"فشل طلب عدم تخصيص الشبكة. لديك محاوله واحدة متبقية لادخال الكود الصحيح. راجع وثائق جهازك أو اتصل مع مزود الخدمة لمعلومات اضافية.","two":["فشل طلب عدم تخصيص الشبكة. لديك ",{"t":"idOrVar","v":"n"}," محاولات متبقية لادخال الكود الصحيح. راجع وثائق جهازك أو اتصل مع مزود الخدمة لمعلومات اضافية."],"few":["فشل طلب عدم تخصيص الشبكة. لديك ",{"t":"idOrVar","v":"n"}," محاولات متبقية لادخال الكود الصحيح. راجع وثائق جهازك أو اتصل مع مزود الخدمة لمعلومات اضافية."],"many":["فشل طلب عدم تخصيص الشبكة. لديك ",{"t":"idOrVar","v":"n"}," محاولات متبقية لادخال الكود الصحيح. راجع وثائق جهازك أو اتصل مع مزود الخدمة لمعلومات اضافية."],"other":["فشل طلب عدم تخصيص الشبكة. لديك ",{"t":"idOrVar","v":"n"}," محاولات متبقية لادخال الكود الصحيح. راجع وثائق جهازك أو اتصل مع مزود الخدمة لمعلومات اضافية."]},"$x":[{"t":"idOrVar","v":"plural"},"n"]},{"$i":"nckLastChanceMsg","$v":"فشل طلب عدم تخصيص الشبكة. لديك محاولة اخيرة لادخال كود NCL. راجع وثائق جهازك أو اتصل مع مزود الخدمة لمعلومات اضافية."},{"$i":"activity-pick","$v":"اختر من:"},{"$i":"activity-view","$v":"شاهد بـ:"},{"$i":"activity-test","$v":"افحص بـ:"},{"$i":"activity-share","$v":"شارك بـ:"},{"$i":"activity-new","$v":"انشىء بـ:"},{"$i":"activity-open","$v":"افتح بـ:"},{"$i":"activity-save-bookmark","$v":"مرجعية إلى:"},{"$i":"activity-record","$v":"سجِّل من:"},{"$i":"activity-browse","$v":"تصفح بـ:"},{"$i":"activity-configure","$v":"ضبط بـ:"},{"$i":"activity-dial","$v":"اتصل من:"},{"$i":"persona-signin","$v":"تسجيل الدخول"},{"$i":"payment-flow","$v":"اشتري"},{"$i":"remoteDebuggerMessage","$v":"تم الكشف عن طلب اتصال للتدقيق البعيد . هل تسمح بالاتصال؟"},{"$i":"fullscreen-request","$v":[{"t":"idOrVar","v":"origin"}," الآن ملء الشاشة."]},{"$i":"captive-wifi-available","$v":["تم العثور على الشبكة ",{"t":"idOrVar","v":"neworkName"}," هل تريد الانضمام اليها؟"]},{"$i":"ceWarningtitle","$v":"تحذير الصوت"},{"$i":"ceWarningcontent","$v":"لتجنب اي اصابة سمعية، لا تستمع لفترات طويلة والصوت مرتفع."},{"$i":"notification-powersaving-mode-on-title","$v":"وضع توفير الطاقة"},{"$i":"notification-powersaving-mode-on-description","$v":"وضع توفير الطاقة مُفعّل"},{"$i":"low-device-storage","$v":"المساحة الفارغة صغيرة\\n"},{"$i":"free-space","$v":{"zero":"لا توجد مساحة فارغة","one":["أقل من ",{"t":"idOrVar","v":"value"}," ",{"t":"idOrVar","v":"unit"},"  متبقية."],"two":["أقل من ",{"t":"idOrVar","v":"value"}," ",{"t":"idOrVar","v":"unit"},"  متبقية."],"few":["أقل من ",{"t":"idOrVar","v":"value"}," ",{"t":"idOrVar","v":"unit"},"  متبقية."],"many":["أقل من ",{"t":"idOrVar","v":"value"}," ",{"t":"idOrVar","v":"unit"},"  متبقية."],"other":["أقل من ",{"t":"idOrVar","v":"value"}," ",{"t":"idOrVar","v":"unit"},"  متبقية."]},"$x":[{"t":"idOrVar","v":"plural"},"value"]},{"$i":"unknown-free-space","$v":"المساحة الفارغة غير معروفة."},{"$i":"system-alert","$v":"تنبيه النظام"},{"$i":"cb-channel","$v":["قناة ",{"t":"idOrVar","v":"channel"}]},{"$i":"cb-etws-warningType-earthquake","$v":"Earthquake warning!"},{"$i":"cb-etws-warningType-tsunami","$v":"Tsunami warning!"},{"$i":"cb-etws-warningType-earthquake-tsunami","$v":"Earthquake-tsunami warning!"},{"$i":"cb-etws-warningType-test","$v":"Alert system is being tested."},{"$i":"cb-etws-warningType-other","$v":"Emergency warning!"},{"$i":"icc-message-maintitle","$v":"Operator message"},{"$i":"icc-message-subtitle","$v":["SIM ",{"t":"idOrVar","v":"id"}]},{"$i":"icc-confirmCall-defaultmessage","$v":["أأتصال بـ ",{"t":"idOrVar","v":"number"},"؟"]},{"$i":"icc-alertMessage-defaultmessage","$v":"جارِ إرسال الرسالة"},{"$i":"icc-confirmMessage-defaultmessage","$v":"أأرسال رسالة؟"},{"$i":"icc-inputbox-maintitle","$v":"STK Query"},{"$i":"icc-inputbox-subtitle","$v":["SIM ",{"t":"idOrVar","v":"id"}]},{"$i":"emergency-callback-mode","$v":"وضع الإتصال بالطوارئ"},{"$i":"emergency-callback-message","$v":"لا يمكنك إجراء المكالمات، وإرسال الرسائل أو الذهاب على الانترنت لتمكين وضع الاتصال بالطوارئ. هل ترغب في إيقاف تشغيله؟"},{"$i":"cdma-record-info","$v":"CDMA تسجيل معلومات"},{"$i":"ime-switching-title","$v":[{"t":"idOrVar","v":"appName"},": ",{"t":"idOrVar","v":"name"}]},{"$i":"ime-switching-tip","$v":"انقر بثبات لتبديل طريقة الكتابة"},{"$i":"shrinking-tip","$v":"مرِّر للمشاركة"},{"$i":"download_started","$v":"بدأ التنزيل"},{"$i":"download_stopped","$v":"توقف التنزيل"},{"$i":"download_downloading","$v":"جارِ التنزيل..."},{"$i":"download_succeeded","$v":"اكتمل التنزيل"},{"$i":"download_failed","$v":"فشل التنزيل"},{"$i":"download_text_by_default","$v":[{"t":"idOrVar","v":"name"}]},{"$i":"download_downloading_text_2","$v":[{"t":"idOrVar","v":"percentage"},"% - ",{"t":"idOrVar","v":"name"}]},{"$i":"search-the-web","$v":"Search the web"},{"$i":"search-or-enter-address","$v":"Search or enter address","placeholder":"Search or enter address"},{"$i":"back-button","ariaLabel":"Back"},{"$i":"forward-button","ariaLabel":"Forward"},{"$i":"reload-button","ariaLabel":"Reload"},{"$i":"stop-button","ariaLabel":"Stop"},{"$i":"windows-button","ariaLabel":"Show windows"},{"$i":"noSIMCardInHotspot3","$v":"Hotspot off: SIM card missing or inserted incorrectly."},{"$i":"noHotspotWhenAPMisOnWifiHotspot","$v":"Turn off airplane mode to use Wi-Fi hotspot."},{"$i":"noHotspotWhenAPMisOnUsbHotspot","$v":"Turn off airplane mode to use USB tethering."},{"$i":"apmActivated","$v":"Airplane mode activated"},{"$i":"noConnectivityHead","$v":"No data connection"},{"$i":"noConnectivityMessageWifiHotspot","$v":"Wi-Fi hotspot is disabled because there is no data connection."},{"$i":"noConnectivityMessageUsbHotspot","$v":"USB tethering is disabled because there is no data connection."},{"$i":"open-in-new-window","$v":"Open in new window"},{"$i":"open-in-new-private-window","$v":"Open in new private window"},{"$i":"add-link-to-home-screen","$v":"Add link to home screen"},{"$i":"share-link","$v":"Share link"},{"$i":"save-image","$v":"Save Image"},{"$i":"save-video","$v":"Save Video"},{"$i":"save-audio","$v":"Save Audio"},{"$i":"save-link","$v":"Save linked file"},{"$i":"share-image","$v":"Share Image"},{"$i":"share-video","$v":"Share Video"},{"$i":"share-audio","$v":"Share Audio"},{"$i":"private-browser","$v":"Private Browser"},{"$i":"private-browser-title","$v":"You’re browsing privately"},{"$i":"private-browser-detail1","$v":[{"t":"idOrVar","v":"brandShortName"}," won’t remember any history for this window."]},{"$i":"private-browser-detail2","$v":"That includes browsing history, search history, download history, web form history, cookies, and temporary internet files. However, files you download and bookmarks you make will be kept."},{"$i":"private-browser-detail3","$v":"While this device won’t have a record of your browsing history, your employer or internet service provider can still track the pages you visit."},{"$i":"private-browser-learn-more","$v":"Learn More."},{"$i":"okCharsLeft","$v":["OK (",{"t":"idOrVar","v":"n"},")"]},{"$i":"firefox-accounts-title","$v":"Firefox Accounts"},{"$i":"fxa-next","$v":"Next"},{"$i":"fxa-back","$v":"Back"},{"$i":"fxa-done","$v":"Done"},{"$i":"fxa-ok","$v":"OK"},{"$i":"fxa-connection-error-title","$v":"Unable to Connect"},{"$i":"fxa-connection-error-message","$v":"You can create an account or sign in from Settings."},{"$i":"fxa-reset-password-error-title","$v":"Reset Password"},{"$i":"fxa-reset-password-error-message","$v":"You can reset your password from Settings."},{"$i":"fxa-coppa-failure-error-title","$v":"Cannot Create Account"},{"$i":"fxa-coppa-failure-error-message","$v":["You must meet certain age requirements to create a Firefox Account. ",{"t":"idOrVar","v":"learnmore"}]},{"$i":"fxa-learn-more","$v":"Learn more"},{"$i":"fxa-offline-error-title","$v":"Unable to Connect"},{"$i":"fxa-offline-error-message","$v":"Please connect to a network from Settings."},{"$i":"fxa-invalid-email-title","$v":"Error"},{"$i":"fxa-invalid-email-message","$v":"Please enter a valid email."},{"$i":"fxa-invalid-password-title","$v":"Invalid Password"},{"$i":"fxa-invalid-password-message","$v":"Please check your password and try again."},{"$i":"fxa-unknown-error-title","$v":"Unable to Connect"},{"$i":"fxa-unknown-error-message","$v":"System unavailable, try again soon."},{"$i":"fxa-connecting","$v":"Connecting"},{"$i":"fxa-enter-email-input","placeholder":"Enter your email"},{"$i":"fxa-use-email-to-sign-in","$v":"Use your email address to create an account or sign in."},{"$i":"fxa-notice","$v":["By proceeding, I agree to the ",{"t":"idOrVar","v":"tos"}," and ",{"t":"idOrVar","v":"pn"}," of Firefox cloud services."]},{"$i":"fxa-tos","$v":"Terms of Service"},{"$i":"fxa-pn","$v":"Privacy Notice"},{"$i":"fxa-create-password-title","$v":"Create a Password"},{"$i":"fxa-enter-password-title","$v":"Enter Your Password"},{"$i":"fxa-hello-user","$v":["Hello, ",{"t":"idOrVar","v":"email"}]},{"$i":"fxa-password-refresh","$v":"Please enter your Firefox Account password to continue."},{"$i":"fxa-password","placeholder":"Password"},{"$i":"fxa-forgot-your-password","$v":"Forgot your password?"},{"$i":"fxa-show-password","$v":"Show password"},{"$i":"fxa-password-length-requirement","$v":"Your password must be at least 8 characters long."},{"$i":"fxa-success","$v":"Success!"},{"$i":"fxa-ready-to-go","$v":"Your Firefox Account is ready to go! "},{"$i":"fxa-use-features","$v":"Now you can use features like Find My Device and apps like the Firefox Marketplace."},{"$i":"fxa-access-manage-account-settings","$v":"In the future, you can access and manage your account from Settings."},{"$i":"fxa-confirm-account","$v":"Confirm Your Account"},{"$i":"fxa-will-send-email","$v":["We will send an email to: ",{"t":"idOrVar","v":"email"}]},{"$i":"fxa-signup-click-verification-link-in-email","$v":"Next time you check your email, click the verification link to confirm your Firefox Account."},{"$i":"fxa-age-verification","$v":"Age Verification"},{"$i":"fxa-age-earlier","$v":[{"t":"idOrVar","v":"year"}," or earlier"]},{"$i":"fxa-year-of-birth","$v":"Year of Birth"},{"$i":"network-error-in-app","$v":"No access to the Internet right now."},{"$i":"network-error-launching","$v":[{"t":"idOrVar","v":"name"}," requires an Internet connection."]},{"$i":"server-not-found","$v":"Server not found"},{"$i":"server-not-found-error","$v":["Can’t find the server at ",{"t":"idOrVar","v":"name"},"."]},{"$i":"file-not-found","$v":"File not found"},{"$i":"file-not-found-error","$v":"The device can’t display this page because the file cannot be found."},{"$i":"connection-failed","$v":"Unable to connect"},{"$i":"connection-failed-error","$v":"A network error occurred while trying to reach the site."},{"$i":"invalid-connection","$v":"Unable to connect"},{"$i":"invalid-connection-error","$v":"A network error occurred while trying to reach the site."},{"$i":"malformed-uri","$v":"URL not valid"},{"$i":"malformed-uri-error","$v":"The URL entered is not valid and cannot be loaded."},{"$i":"redirect-loop","$v":"Can’t display page"},{"$i":"redirect-loop-error","$v":"The device can’t display this page because the page is not redirecting properly. Try this page again at a later time."},{"$i":"not-cached","$v":"Page expired"},{"$i":"not-cached-error","$v":"As a security precaution, this page cannot be displayed by the device because it has expired."},{"$i":"is-printing-error","$v":"The document cannot change while Printing or in Print Preview."},{"$i":"denied-port-access","$v":"This address is restricted"},{"$i":"denied-port-access-error","$v":"This address uses a network port which is normally used for purposes other than Web browsing. The device has cancelled the request for your protection."},{"$i":"proxy-resolve-failure","$v":"Proxy Server Error"},{"$i":"proxy-resolve-failure-error","$v":"The device is configured to use a proxy server that can’t be found."},{"$i":"proxy-connect-failure","$v":"Proxy Server Error"},{"$i":"proxy-connect-failure-error","$v":"The device is configured to use a proxy server that is refusing connections."},{"$i":"content-encoding","$v":"Can’t display page"},{"$i":"content-encoding-error","$v":"The device can’t display this page because a content encoding error occurred."},{"$i":"remote-xul","$v":"Page unsupported"},{"$i":"remote-xul-error","$v":"This page can’t be displayed because it uses a technology that is not supported on the device."},{"$i":"phishing-blocked","$v":"Warning"},{"$i":"phishing-blocked-error","$v":"The website has been reported as a web forgery designed to trick users into sharing personal or financial information."},{"$i":"malware-blocked","$v":"Malware attack blocked"},{"$i":"malware-blocked-error","$v":"The site at has been reported as an attack site and has been blocked."},{"$i":"unsafe-content-type","$v":"Unsafe content"},{"$i":"unsafe-content-type-error","$v":"The page cannot be shown because it may not be safe to open."},{"$i":"corrupted-content","$v":"Can’t display page"},{"$i":"corrupted-content-error","$v":"The page cannot be shown because an error in the data transmission was detected."},{"$i":"try-again","$v":"Try again"},{"$i":"check-settings","$v":"Check settings"},{"$i":"resend","$v":"Resend"},{"$i":"connecting","$v":"Connecting"},{"$i":"verify","$v":"Verify"},{"$i":"verifying","$v":"Verifying"},{"$i":"verified","$v":"Verified"},{"$i":"mobileIDExplanation","$v":[{"t":"idOrVar","v":"app_name"}," would like to know and verify your phone number. Please choose which one you want to share or enter a new one."]},{"$i":"verificationCodeExplanation","$v":["We’ve sent a code to ",{"t":"idOrVar","v":"phone_number"},". We’ll try to pick it up automatically, but you’ll have to enter it manually if it’s not in use in this device."]},{"$i":"successMessage","$v":["Awesome! Your number ",{"t":"idOrVar","v":"phone_number"}," is now verified and available to ",{"t":"idOrVar","v":"app_name"},"."]},{"$i":"serverErrorMessage","$v":"The verification server is unavailable at this time. Please check your Internet connection, try again or wait a few minutes."},{"$i":"timeoutErrorMessage","$v":"There seems to be a problem with your verification code. Let's try once again!"},{"$i":"errorTitle","$v":"Mobile identity"},{"$i":"addPhoneNumber","$v":"Or add your phone number"},{"$i":"selectPhoneNumber","$v":"Or select a phone number from the list"},{"$i":"accessibility-enableScreenReaderSteps","$v":"To enable screen reader, press volume up then volume down buttons three more times"},{"$i":"accessibility-disableScreenReaderSteps","$v":"To disable screen reader, press volume up then volume down buttons three more times"},{"$i":"accessibility-screenReaderStarted","$v":"Screen reader started"},{"$i":"accessibility-screenReaderStopped","$v":"Screen reader stopped"},{"$i":"accessibility-menubar","$v":"menu bar"},{"$i":"accessibility-scrollbar","$v":"scroll bar"},{"$i":"accessibility-grip","$v":"grip"},{"$i":"accessibility-alert","$v":"alert"},{"$i":"accessibility-menupopup","$v":"menu popup"},{"$i":"accessibility-document","$v":"document"},{"$i":"accessibility-pane","$v":"pane"},{"$i":"accessibility-dialog","$v":"dialog"},{"$i":"accessibility-separator","$v":"separator"},{"$i":"accessibility-toolbar","$v":"toolbar"},{"$i":"accessibility-statusbar","$v":"status bar"},{"$i":"accessibility-table","$v":"table"},{"$i":"accessibility-columnheader","$v":"column header"},{"$i":"accessibility-rowheader","$v":"row header"},{"$i":"accessibility-column","$v":"column"},{"$i":"accessibility-row","$v":"row"},{"$i":"accessibility-cell","$v":"cell"},{"$i":"accessibility-link","$v":"link"},{"$i":"accessibility-list","$v":"list"},{"$i":"accessibility-listitem","$v":"list item"},{"$i":"accessibility-outline","$v":"outline"},{"$i":"accessibility-outlineitem","$v":"outline item"},{"$i":"accessibility-pagetab","$v":"tab"},{"$i":"accessibility-propertypage","$v":"property page"},{"$i":"accessibility-graphic","$v":"graphic"},{"$i":"accessibility-pushbutton","$v":"button"},{"$i":"accessibility-checkbutton","$v":"check button"},{"$i":"accessibility-radiobutton","$v":"radio button"},{"$i":"accessibility-combobox","$v":"combo box"},{"$i":"accessibility-progressbar","$v":"progress bar"},{"$i":"accessibility-slider","$v":"slider"},{"$i":"accessibility-spinbutton","$v":"spin button"},{"$i":"accessibility-diagram","$v":"diagram"},{"$i":"accessibility-animation","$v":"animation"},{"$i":"accessibility-equation","$v":"equation"},{"$i":"accessibility-buttonmenu","$v":"button menu"},{"$i":"accessibility-whitespace","$v":"white space"},{"$i":"accessibility-pagetablist","$v":"tab list"},{"$i":"accessibility-canvas","$v":"canvas"},{"$i":"accessibility-checkmenuitem","$v":"check menu item"},{"$i":"accessibility-label","$v":"label"},{"$i":"accessibility-passwordtext","$v":"password text"},{"$i":"accessibility-radiomenuitem","$v":"radio menu item"},{"$i":"accessibility-textcontainer","$v":"text container"},{"$i":"accessibility-togglebutton","$v":"toggle button"},{"$i":"accessibility-treetable","$v":"tree table"},{"$i":"accessibility-header","$v":"header"},{"$i":"accessibility-footer","$v":"footer"},{"$i":"accessibility-paragraph","$v":"paragraph"},{"$i":"accessibility-entry","$v":"entry"},{"$i":"accessibility-caption","$v":"caption"},{"$i":"accessibility-heading","$v":"heading"},{"$i":"accessibility-section","$v":"section"},{"$i":"accessibility-form","$v":"form"},{"$i":"accessibility-comboboxlist","$v":"combo box list"},{"$i":"accessibility-comboboxoption","$v":"combo box option"},{"$i":"accessibility-imagemap","$v":"image map"},{"$i":"accessibility-listboxoption","$v":"option"},{"$i":"accessibility-listbox","$v":"list box"},{"$i":"accessibility-flatequation","$v":"flat equation"},{"$i":"accessibility-gridcell","$v":"gridcell"},{"$i":"accessibility-note","$v":"note"},{"$i":"accessibility-figure","$v":"figure"},{"$i":"accessibility-definitionlist","$v":"definition list"},{"$i":"accessibility-term","$v":"term"},{"$i":"accessibility-definition","$v":"definition"},{"$i":"accessibility-textarea","$v":"text area"},{"$i":"accessibility-textInputType_date","$v":"date"},{"$i":"accessibility-textInputType_email","$v":"e-mail"},{"$i":"accessibility-textInputType_search","$v":"search"},{"$i":"accessibility-textInputType_tel","$v":"telephone"},{"$i":"accessibility-textInputType_url","$v":"URL"},{"$i":"accessibility-headingLevel","$v":["heading level ",{"t":"idOrVar","v":"0"}]},{"$i":"accessibility-listStart","$v":"First item"},{"$i":"accessibility-listEnd","$v":"Last item"},{"$i":"accessibility-listItemsCount","$v":{"zero":[{"t":"idOrVar","v":"count"}," items"],"one":[{"t":"idOrVar","v":"count"}," item"],"two":[{"t":"idOrVar","v":"count"}," items"],"few":[{"t":"idOrVar","v":"count"}," items"],"many":[{"t":"idOrVar","v":"count"}," items"],"other":[{"t":"idOrVar","v":"count"}," items"]},"$x":[{"t":"idOrVar","v":"plural"},"count"]},{"$i":"accessibility-objItemOfN","$v":[{"t":"idOrVar","v":"0"}," of ",{"t":"idOrVar","v":"1"}]},{"$i":"accessibility-banner","$v":"banner"},{"$i":"accessibility-complementary","$v":"complementary"},{"$i":"accessibility-contentinfo","$v":"content info"},{"$i":"accessibility-main","$v":"main"},{"$i":"accessibility-navigation","$v":"navigation"},{"$i":"accessibility-search","$v":"search"},{"$i":"accessibility-tblColumnInfo","$v":{"zero":["with ",{"t":"idOrVar","v":"count"}," columns"],"one":["with ",{"t":"idOrVar","v":"count"}," column"],"two":["with ",{"t":"idOrVar","v":"count"}," columns"],"few":["with ",{"t":"idOrVar","v":"count"}," columns"],"many":["with ",{"t":"idOrVar","v":"count"}," columns"],"other":["with ",{"t":"idOrVar","v":"count"}," columns"]},"$x":[{"t":"idOrVar","v":"plural"},"count"]},{"$i":"accessibility-tblRowInfo","$v":{"zero":["and ",{"t":"idOrVar","v":"count"}," rows"],"one":["and ",{"t":"idOrVar","v":"count"}," row"],"two":["and ",{"t":"idOrVar","v":"count"}," rows"],"few":["and ",{"t":"idOrVar","v":"count"}," rows"],"many":["and ",{"t":"idOrVar","v":"count"}," rows"],"other":["and ",{"t":"idOrVar","v":"count"}," rows"]},"$x":[{"t":"idOrVar","v":"plural"},"count"]},{"$i":"accessibility-columnInfo","$v":["Column ",{"t":"idOrVar","v":"0"}]},{"$i":"accessibility-rowInfo","$v":["Row ",{"t":"idOrVar","v":"0"}]},{"$i":"accessibility-spansColumns","$v":{"zero":["spans ",{"t":"idOrVar","v":"0"}," columns"],"one":["spans ",{"t":"idOrVar","v":"0"}," column"],"two":["spans ",{"t":"idOrVar","v":"0"}," columns"],"few":["spans ",{"t":"idOrVar","v":"0"}," columns"],"many":["spans ",{"t":"idOrVar","v":"0"}," columns"],"other":["spans ",{"t":"idOrVar","v":"0"}," columns"]},"$x":[{"t":"idOrVar","v":"plural"},"0"]},{"$i":"accessibility-spansRows","$v":{"zero":["spans ",{"t":"idOrVar","v":"0"}," rows"],"one":["spans ",{"t":"idOrVar","v":"0"}," row"],"two":["spans ",{"t":"idOrVar","v":"0"}," rows"],"few":["spans ",{"t":"idOrVar","v":"0"}," rows"],"many":["spans ",{"t":"idOrVar","v":"0"}," rows"],"other":["spans ",{"t":"idOrVar","v":"0"}," rows"]},"$x":[{"t":"idOrVar","v":"plural"},"0"]},{"$i":"accessibility-jumpAction","$v":"jumped"},{"$i":"accessibility-pressAction","$v":"pressed"},{"$i":"accessibility-checkAction","$v":"checked"},{"$i":"accessibility-uncheckAction","$v":"unchecked"},{"$i":"accessibility-selectAction","$v":"selected"},{"$i":"accessibility-unselectAction","$v":"unselected"},{"$i":"accessibility-openAction","$v":"opened"},{"$i":"accessibility-closeAction","$v":"closed"},{"$i":"accessibility-switchAction","$v":"switched"},{"$i":"accessibility-clickAction","$v":"clicked"},{"$i":"accessibility-collapseAction","$v":"collapsed"},{"$i":"accessibility-expandAction","$v":"expanded"},{"$i":"accessibility-activateAction","$v":"activated"},{"$i":"accessibility-cycleAction","$v":"cycled"},{"$i":"accessibility-hidden","$v":"hidden"},{"$i":"accessibility-tabLoading","$v":"loading"},{"$i":"accessibility-tabLoaded","$v":"loaded"},{"$i":"accessibility-tabNew","$v":"new tab"},{"$i":"accessibility-tabLoadStopped","$v":"loading stopped"},{"$i":"accessibility-tabReload","$v":"reloading"},{"$i":"accessibility-stateChecked","$v":"checked"},{"$i":"accessibility-stateNotChecked","$v":"not checked"},{"$i":"accessibility-statePressed","$v":"pressed"},{"$i":"accessibility-stateExpanded","$v":"expanded"},{"$i":"accessibility-stateCollapsed","$v":"collapsed"},{"$i":"accessibility-stateUnavailable","$v":"unavailable"},{"$i":"accessibility-stateRequired","$v":"required"},{"$i":"accessibility-stateTraversed","$v":"visited"},{"$i":"accessibility-stateHasPopup","$v":"has pop up"},{"$i":"accessibility-stateSelected","$v":"selected"},{"$i":"accessibility-editingMode","$v":"editing"},{"$i":"accessibility-navigationMode","$v":"navigating"},{"$i":"accessibility-quicknav_Simple","$v":"Default"},{"$i":"accessibility-quicknav_Anchor","$v":"Anchors"},{"$i":"accessibility-quicknav_Button","$v":"Buttons"},{"$i":"accessibility-quicknav_Combobox","$v":"Combo boxes"},{"$i":"accessibility-quicknav_Landmark","$v":"Landmarks"},{"$i":"accessibility-quicknav_Entry","$v":"Entries"},{"$i":"accessibility-quicknav_FormElement","$v":"Form elements"},{"$i":"accessibility-quicknav_Graphic","$v":"Images"},{"$i":"accessibility-quicknav_Heading","$v":"Headings"},{"$i":"accessibility-quicknav_ListItem","$v":"List items"},{"$i":"accessibility-quicknav_Link","$v":"Links"},{"$i":"accessibility-quicknav_List","$v":"Lists"},{"$i":"accessibility-quicknav_PageTab","$v":"Page tabs"},{"$i":"accessibility-quicknav_RadioButton","$v":"Radio buttons"},{"$i":"accessibility-quicknav_Separator","$v":"Separators"},{"$i":"accessibility-quicknav_Table","$v":"Tables"},{"$i":"accessibility-quicknav_Checkbox","$v":"Check boxes"},{"$i":"accessibility-menubarAbbr","$v":"menu bar"},{"$i":"accessibility-scrollbarAbbr","$v":"scroll bar"},{"$i":"accessibility-gripAbbr","$v":"grip"},{"$i":"accessibility-alertAbbr","$v":"alert"},{"$i":"accessibility-menupopupAbbr","$v":"menu popup"},{"$i":"accessibility-documentAbbr","$v":"document"},{"$i":"accessibility-paneAbbr","$v":"pane"},{"$i":"accessibility-dialogAbbr","$v":"dialog"},{"$i":"accessibility-separatorAbbr","$v":"separator"},{"$i":"accessibility-toolbarAbbr","$v":"toolbar"},{"$i":"accessibility-statusbarAbbr","$v":"status bar"},{"$i":"accessibility-tableAbbr","$v":"tbl"},{"$i":"accessibility-columnheaderAbbr","$v":"column header"},{"$i":"accessibility-rowheaderAbbr","$v":"row header"},{"$i":"accessibility-columnAbbr","$v":"column"},{"$i":"accessibility-rowAbbr","$v":"row"},{"$i":"accessibility-cellAbbr","$v":"cell"},{"$i":"accessibility-linkAbbr","$v":"lnk"},{"$i":"accessibility-listAbbr","$v":"list"},{"$i":"accessibility-listitemAbbr","$v":"list item"},{"$i":"accessibility-outlineAbbr","$v":"outline"},{"$i":"accessibility-outlineitemAbbr","$v":"outline item"},{"$i":"accessibility-pagetabAbbr","$v":"tab"},{"$i":"accessibility-propertypageAbbr","$v":"property page"},{"$i":"accessibility-graphicAbbr","$v":"graphic"},{"$i":"accessibility-pushbuttonAbbr","$v":"btn"},{"$i":"accessibility-checkbuttonAbbr","$v":"check button"},{"$i":"accessibility-radiobuttonAbbr","$v":"radio button"},{"$i":"accessibility-comboboxAbbr","$v":"combo box"},{"$i":"accessibility-progressbarAbbr","$v":"progress bar"},{"$i":"accessibility-sliderAbbr","$v":"slider"},{"$i":"accessibility-spinbuttonAbbr","$v":"spin button"},{"$i":"accessibility-diagramAbbr","$v":"diagram"},{"$i":"accessibility-animationAbbr","$v":"animation"},{"$i":"accessibility-equationAbbr","$v":"equation"},{"$i":"accessibility-buttonmenuAbbr","$v":"button menu"},{"$i":"accessibility-whitespaceAbbr","$v":"white space"},{"$i":"accessibility-pagetablistAbbr","$v":"tab list"},{"$i":"accessibility-canvasAbbr","$v":"canvas"},{"$i":"accessibility-checkmenuitemAbbr","$v":"check menu item"},{"$i":"accessibility-labelAbbr","$v":"label"},{"$i":"accessibility-passwordtextAbbr","$v":"passwdtxt"},{"$i":"accessibility-radiomenuitemAbbr","$v":"radio menu item"},{"$i":"accessibility-textcontainerAbbr","$v":"text container"},{"$i":"accessibility-togglebuttonAbbr","$v":"toggle button"},{"$i":"accessibility-treetableAbbr","$v":"tree table"},{"$i":"accessibility-headerAbbr","$v":"header"},{"$i":"accessibility-footerAbbr","$v":"footer"},{"$i":"accessibility-paragraphAbbr","$v":"paragraph"},{"$i":"accessibility-entryAbbr","$v":"entry"},{"$i":"accessibility-captionAbbr","$v":"caption"},{"$i":"accessibility-headingAbbr","$v":"heading"},{"$i":"accessibility-sectionAbbr","$v":"section"},{"$i":"accessibility-formAbbr","$v":"form"},{"$i":"accessibility-comboboxlistAbbr","$v":"combo box list"},{"$i":"accessibility-comboboxoptionAbbr","$v":"combo box option"},{"$i":"accessibility-imagemapAbbr","$v":"imgmap"},{"$i":"accessibility-listboxoptionAbbr","$v":"option"},{"$i":"accessibility-listboxAbbr","$v":"list box"},{"$i":"accessibility-flatequationAbbr","$v":"flat equation"},{"$i":"accessibility-gridcellAbbr","$v":"gridcell"},{"$i":"accessibility-noteAbbr","$v":"note"},{"$i":"accessibility-figureAbbr","$v":"fig"},{"$i":"accessibility-definitionlistAbbr","$v":"definition list"},{"$i":"accessibility-termAbbr","$v":"term"},{"$i":"accessibility-definitionAbbr","$v":"definition"},{"$i":"accessibility-textareaAbbr","$v":"txtarea"},{"$i":"accessibility-tblColumnInfoAbbr","$v":{"one":[{"t":"idOrVar","v":"count"},"c"],"two":[{"t":"idOrVar","v":"count"},"c"],"few":[{"t":"idOrVar","v":"count"},"c"],"many":[{"t":"idOrVar","v":"count"},"c"],"other":[{"t":"idOrVar","v":"count"},"c"]},"$x":[{"t":"idOrVar","v":"plural"},"count"]},{"$i":"accessibility-tblRowInfoAbbr","$v":{"one":[{"t":"idOrVar","v":"count"},"r"],"two":[{"t":"idOrVar","v":"count"},"r"],"few":[{"t":"idOrVar","v":"count"},"r"],"many":[{"t":"idOrVar","v":"count"},"r"],"other":[{"t":"idOrVar","v":"count"},"r"]},"$x":[{"t":"idOrVar","v":"plural"},"count"]},{"$i":"accessibility-cellInfoAbbr","$v":["c",{"t":"idOrVar","v":"0"},"r",{"t":"idOrVar","v":"1"}]},{"$i":"accessibility-stateCheckedAbbr","$v":"(x)"},{"$i":"accessibility-stateUncheckedAbbr","$v":"( )"},{"$i":"accessibility-statePressedAbbr","$v":"(x)"},{"$i":"accessibility-stateUnpressedAbbr","$v":"( )"},{"$i":"weekday-0-long","$v":"الأحد"},{"$i":"weekday-1-long","$v":"الإثنين"},{"$i":"weekday-2-long","$v":"الثلاثاء"},{"$i":"weekday-3-long","$v":"الأربعاء"},{"$i":"weekday-4-long","$v":"الخميس"},{"$i":"weekday-5-long","$v":"الجمعة"},{"$i":"weekday-6-long","$v":"السبت"},{"$i":"weekday-0-short","$v":"أحد"},{"$i":"weekday-1-short","$v":"إثنين"},{"$i":"weekday-2-short","$v":"ثلاثاء"},{"$i":"weekday-3-short","$v":"أربعاء"},{"$i":"weekday-4-short","$v":"خميس"},{"$i":"weekday-5-short","$v":"جمعة"},{"$i":"weekday-6-short","$v":"سبت"},{"$i":"month-0-long","$v":"يناير"},{"$i":"month-1-long","$v":"فبراير"},{"$i":"month-2-long","$v":"مارس"},{"$i":"month-3-long","$v":"أبريل"},{"$i":"month-4-long","$v":"مايو"},{"$i":"month-5-long","$v":"يونيو"},{"$i":"month-6-long","$v":"يوليو"},{"$i":"month-7-long","$v":"أغسطس"},{"$i":"month-8-long","$v":"سبتمبر"},{"$i":"month-9-long","$v":"أكتوبر"},{"$i":"month-10-long","$v":"نوفمبر"},{"$i":"month-11-long","$v":"ديسمبر"},{"$i":"month-0-genitive","$v":"يناير"},{"$i":"month-1-genitive","$v":"فبراير"},{"$i":"month-2-genitive","$v":"مارس"},{"$i":"month-3-genitive","$v":"أبريل"},{"$i":"month-4-genitive","$v":"مايو"},{"$i":"month-5-genitive","$v":"يونيو"},{"$i":"month-6-genitive","$v":"يوليو"},{"$i":"month-7-genitive","$v":"أغسطس"},{"$i":"month-8-genitive","$v":"سبتمبر"},{"$i":"month-9-genitive","$v":"أكتوبر"},{"$i":"month-10-genitive","$v":"نوفمبر"},{"$i":"month-11-genitive","$v":"ديسمبر"},{"$i":"month-0-short","$v":"يناير"},{"$i":"month-1-short","$v":"فبراير"},{"$i":"month-2-short","$v":"مارس"},{"$i":"month-3-short","$v":"ابريل"},{"$i":"month-4-short","$v":"مايو"},{"$i":"month-5-short","$v":"يونيو"},{"$i":"month-6-short","$v":"يوليو"},{"$i":"month-7-short","$v":"أغسطس"},{"$i":"month-8-short","$v":"سبتمبر"},{"$i":"month-9-short","$v":"أكتوبر"},{"$i":"month-10-short","$v":"نوفمبر"},{"$i":"month-11-short","$v":"ديسمبر"},{"$i":"minutes-ago-long","$v":{"zero":"الآن","one":"منذ دقيقة","two":["منذ ",{"t":"idOrVar","v":"value"}," دقائق"],"few":["منذ ",{"t":"idOrVar","v":"value"}," دقائق"],"many":["منذ ",{"t":"idOrVar","v":"value"}," دقائق"],"other":["منذ ",{"t":"idOrVar","v":"value"}," دقائق"]},"$x":[{"t":"idOrVar","v":"plural"},"value"]},{"$i":"hours-ago-long","$v":{"zero":"الآن","one":"قبل ساعة واحدة","two":"منذ ساعتين","few":["قبل ",{"t":"idOrVar","v":"value"}," ساعات"],"many":["قبل ",{"t":"idOrVar","v":"value"}," ساعة"],"other":["قبل ",{"t":"idOrVar","v":"value"}," ساعة"]},"$x":[{"t":"idOrVar","v":"plural"},"value"]},{"$i":"days-ago-long","$v":{"zero":"اليوم","one":"الأمس","two":"قبل يومين","few":["قبل ",{"t":"idOrVar","v":"value"}," أيام"],"many":["قبل ",{"t":"idOrVar","v":"value"}," يوم"],"other":["قبل ",{"t":"idOrVar","v":"value"}," يوم"]},"$x":[{"t":"idOrVar","v":"plural"},"value"]},{"$i":"weeks-ago-long","$v":{"zero":"هذا الأسبوع","one":"الأسبوع الماضي","two":["منذ ",{"t":"idOrVar","v":"value"}," أسابيع"],"few":["منذ ",{"t":"idOrVar","v":"value"}," أسابيع"],"many":["منذ ",{"t":"idOrVar","v":"value"}," أسابيع"],"other":["منذ ",{"t":"idOrVar","v":"value"}," أسابيع"]},"$x":[{"t":"idOrVar","v":"plural"},"value"]},{"$i":"months-ago-long","$v":{"zero":"هذا الشهر","one":"الشهر الماضي","two":["منذ ",{"t":"idOrVar","v":"value"}," أشهر"],"few":["منذ ",{"t":"idOrVar","v":"value"}," أشهر"],"many":["منذ ",{"t":"idOrVar","v":"value"}," أشهر"],"other":["منذ ",{"t":"idOrVar","v":"value"}," أشهر"]},"$x":[{"t":"idOrVar","v":"plural"},"value"]},{"$i":"years-ago-long","$v":{"zero":"هذه السنة","one":"السنة الماضية","two":"منذ سنتين","few":["منذ ",{"t":"idOrVar","v":"value"}," سنوات"],"many":["منذ ",{"t":"idOrVar","v":"value"}," سنة"],"other":["منذ ",{"t":"idOrVar","v":"value"}," سنة"]},"$x":[{"t":"idOrVar","v":"plural"},"value"]},{"$i":"minutes-until-long","$v":{"zero":"الآن","one":"خلال دقيقة","two":"خلال دقيقتين","few":["خلال ",{"t":"idOrVar","v":"value"}," دقائق"],"many":["خلال ",{"t":"idOrVar","v":"value"}," دقيقة"],"other":["خلال ",{"t":"idOrVar","v":"value"}," دقيقة"]},"$x":[{"t":"idOrVar","v":"plural"},"value"]},{"$i":"hours-until-long","$v":{"zero":"الآن","one":"خلال ساعة","two":"خلال ساعتين","few":["خلال ",{"t":"idOrVar","v":"value"}," ساعات"],"many":["خلال ",{"t":"idOrVar","v":"value"}," ساعة"],"other":["خلال ",{"t":"idOrVar","v":"value"}," ساعة"]},"$x":[{"t":"idOrVar","v":"plural"},"value"]},{"$i":"days-until-long","$v":{"zero":"اليوم","one":"غداً","two":"خلال يومين","few":["خلال ",{"t":"idOrVar","v":"value"}," أيام"],"many":["خلال ",{"t":"idOrVar","v":"value"}," يوم"],"other":["خلال ",{"t":"idOrVar","v":"value"}," يوم"]},"$x":[{"t":"idOrVar","v":"plural"},"value"]},{"$i":"weeks-until-long","$v":{"zero":"هذا الأسبوع","one":"الأسبوع القادم","two":"خلال اسبوعين","few":["خلال ",{"t":"idOrVar","v":"value"}," أسابيع"],"many":["خلال ",{"t":"idOrVar","v":"value"}," أسبوع"],"other":["خلال ",{"t":"idOrVar","v":"value"}," أسبوع"]},"$x":[{"t":"idOrVar","v":"plural"},"value"]},{"$i":"months-until-long","$v":{"zero":"هذا الشهر","one":"الشهر القادم","two":"خلال شهرين","few":["خلال ",{"t":"idOrVar","v":"value"}," أشهر"],"many":["خلال ",{"t":"idOrVar","v":"value"}," شهر"],"other":["خلال ",{"t":"idOrVar","v":"value"}," شهر"]},"$x":[{"t":"idOrVar","v":"plural"},"value"]},{"$i":"years-until-long","$v":{"zero":"هذه السنة","one":"السنة القادمة","two":"خلال سنتين","few":["خلال ",{"t":"idOrVar","v":"value"}," سنوات"],"many":["خلال ",{"t":"idOrVar","v":"value"}," سنة"],"other":["خلال ",{"t":"idOrVar","v":"value"}," سنة"]},"$x":[{"t":"idOrVar","v":"plural"},"value"]},{"$i":"minutes-ago-short","$v":{"zero":"الآن","other":["منذ ",{"t":"idOrVar","v":"value"}," دقيقة"]},"$x":[{"t":"idOrVar","v":"plural"},"value"]},{"$i":"hours-ago-short","$v":{"zero":"الآن","other":["منذ ",{"t":"idOrVar","v":"value"}," س"]},"$x":[{"t":"idOrVar","v":"plural"},"value"]},{"$i":"days-ago-short","$v":{"zero":"اليوم","other":["منذ ",{"t":"idOrVar","v":"value"}," ي"]},"$x":[{"t":"idOrVar","v":"plural"},"value"]},{"$i":"minutes-until-short","$v":{"zero":"الآن","other":["خلال ",{"t":"idOrVar","v":"value"}," د"]},"$x":[{"t":"idOrVar","v":"plural"},"value"]},{"$i":"hours-until-short","$v":{"zero":"الآن","other":["خلال ",{"t":"idOrVar","v":"value"}," س"]},"$x":[{"t":"idOrVar","v":"plural"},"value"]},{"$i":"days-until-short","$v":{"zero":"اليوم","other":["خلال ",{"t":"idOrVar","v":"value"}," ي"]},"$x":[{"t":"idOrVar","v":"plural"},"value"]},{"$i":"incorrectDate","$v":"(تاريخ غير صحيح)"},{"$i":"dateTimeFormat_%c","$v":"%a %b %e %Y %I:%M:%S %p"},{"$i":"dateTimeFormat_%x","$v":"%m/%d/%Y"},{"$i":"dateTimeFormat_%X","$v":"%I:%M:%S %p"},{"$i":"shortTimeFormat","$v":"%I:%M %p"},{"$i":"shortTimeFormat12","$v":"%I:%M %p"},{"$i":"shortTimeFormat24","$v":"%H:%M"},{"$i":"shortDateTimeFormat","$v":"%x %I:%M %p"},{"$i":"weekStartsOnMonday","$v":"0"},{"$i":"time_am","$v":"ص"},{"$i":"time_pm","$v":"م"},{"$i":"title-app","$v":"App Permission"},{"$i":"title-web","$v":"Website Permission"},{"$i":"title-cam","$v":"Select Camera"},{"$i":"perm-alarms","$v":"Schedule Alarms"},{"$i":"perm-audio-capture","$v":"ميكروفون"},{"$i":"perm-audio-capture-appRequest","$v":["هل تريد السماح لـ ",{"t":"idOrVar","v":"app"}," باستخدام الميكروفون؟"]},{"$i":"perm-audio-capture-webRequest","$v":["هل تريد السماح لـ ",{"t":"idOrVar","v":"site"}," باستخدام الميكروفون؟"]},{"$i":"perm-audio-channel-content","$v":"Play Sounds"},{"$i":"perm-audio-channel-notification","$v":"Play Notification Sounds"},{"$i":"perm-audio-channel-ringer","$v":"Play Ringtone Sounds"},{"$i":"perm-background-sensors","$v":"Access Sensor Data"},{"$i":"perm-bluetooth","$v":"Bluetooth"},{"$i":"perm-browser","$v":"Inspect Web Pages"},{"$i":"perm-camera","$v":"Cameras"},{"$i":"perm-camera-selector-appRequest","$v":["Select a camera for ",{"t":"idOrVar","v":"app"},"."]},{"$i":"perm-camera-selector-webRequest","$v":["Select a camera for ",{"t":"idOrVar","v":"site"},"."]},{"$i":"perm-cellbroadcast","$v":"Cell Broadcasts"},{"$i":"perm-contacts","$v":"جهات الاتصال"},{"$i":"perm-contacts-appRequest","$v":[{"t":"idOrVar","v":"app"}," يريد الوصول الى قائمة جهات اتصالك."]},{"$i":"perm-contacts-webRequest","$v":[{"t":"idOrVar","v":"site"}," يريد الوصول الى قائمة جهات اتصالك."]},{"$i":"perm-desktop-notification","$v":"التنبيهات"},{"$i":"perm-desktop-notification-appRequest","$v":[{"t":"idOrVar","v":"app"}," يريد ان يُظهر تنبيهات."]},{"$i":"perm-desktop-notification-webRequest","$v":[{"t":"idOrVar","v":"site"}," يريد ان يُظهر تنبيهات."]},{"$i":"perm-device-storage-apps","$v":"Apps Storage"},{"$i":"perm-device-storage-music","$v":"سعة الصوتيات"},{"$i":"perm-device-storage-music-appRequest","$v":[{"t":"idOrVar","v":"app"}," يريد الوصول الى صوتياتك."]},{"$i":"perm-device-storage-music-webRequest","$v":[{"t":"idOrVar","v":"site"}," يريد الوصول الى صوتياتك."]},{"$i":"perm-device-storage-pictures","$v":"سعة الصور"},{"$i":"perm-device-storage-pictures-appRequest","$v":[{"t":"idOrVar","v":"app"}," يريد الوصول الى صورك."]},{"$i":"perm-device-storage-pictures-webRequest","$v":[{"t":"idOrVar","v":"site"}," يريد الوصول الى صورك."]},{"$i":"perm-device-storage-sdcard","$v":"سعة بطاقة الذاكرة"},{"$i":"perm-device-storage-sdcard-appRequest","$v":[{"t":"idOrVar","v":"app"},"  يريد الوصول الى بطاقة الذاكرة."]},{"$i":"perm-device-storage-sdcard-webRequest","$v":[{"t":"idOrVar","v":"site"}," يريد الوصول الى بطاقة الذاكرة."]},{"$i":"perm-device-storage-videos","$v":"سعة الفيديو"},{"$i":"perm-device-storage-videos-appRequest","$v":[{"t":"idOrVar","v":"app"}," يريد الوصول الى فيديوهاتك."]},{"$i":"perm-device-storage-videos-webRequest","$v":[{"t":"idOrVar","v":"site"}," يريد الوصول الى فيديوهاتك."]},{"$i":"perm-embed-apps","$v":"Embed Apps"},{"$i":"perm-fmradio","$v":"راديو FM"},{"$i":"perm-fmradio-appRequest","$v":[{"t":"idOrVar","v":"app"},"  يريد ان يستخدم الراديو."]},{"$i":"perm-fmradio-webRequest","$v":[{"t":"idOrVar","v":"site"}," يريد ان يستخدم الراديو."]},{"$i":"perm-geolocation","$v":"تحديد الموقع الجغرافي"},{"$i":"perm-geolocation-appRequest","$v":[{"t":"idOrVar","v":"app"}," يريد أن يعرف موقعك."]},{"$i":"perm-geolocation-more-info","$v":[{"t":"idOrVar","v":"brandShortName"}," يستخدم بيانات من شبكات موبايل وواي فاي وجي بي اس قريبة منك لتحديد موقعك تقريبيا. يتم إرسال هذه البيانات لموزيلا وغيرها من مقدمي الخدمات ليتم استخدامها في تحسين قواعد البيانات الجغرافيّة. قد يتم تخزين هذه البيانات على جهازك وقد يتم تجميع هذه البيانات حتى إن لم تشغيل أي تطبيق."]},{"$i":"perm-geolocation-webRequest","$v":[{"t":"idOrVar","v":"site"}," يريد أن يعرف موقعك."]},{"$i":"perm-idle","$v":"See Idle Status"},{"$i":"perm-indexedDB-chrome-settings","$v":"Privileged IndexedDB"},{"$i":"perm-indexedDB-unlimited","$v":"Unlimited IndexedDB Storage"},{"$i":"perm-input-manage","$v":"Manage Keyboards"},{"$i":"perm-input","$v":"Act as a Keyboard"},{"$i":"perm-media-capture","$v":"الكاميرا والميكروفون"},{"$i":"perm-media-capture-appRequest","$v":["هل تريد السماح ل ",{"t":"idOrVar","v":"app"}," باستخدام الكاميرا والميكروفون؟"]},{"$i":"perm-media-capture-webRequest","$v":["هل تريد السماح ل ",{"t":"idOrVar","v":"site"}," باستخدام الكاميرا والميكروفون؟"]},{"$i":"perm-mobileconnection","$v":"Mobile Connection"},{"$i":"perm-mobileid","$v":"Mobile Identity"},{"$i":"perm-network-events","$v":"Network Events"},{"$i":"perm-open-remote-window","$v":"Start an App"},{"$i":"perm-permissions","$v":"Modify Apps Permissions"},{"$i":"perm-power","$v":"Power Settings"},{"$i":"perm-settings","$v":"Modify Settings"},{"$i":"perm-systemXHR","$v":"Cross-Origin Requests"},{"$i":"perm-telephony","$v":"Telephony"},{"$i":"perm-video-capture","$v":"الكاميرا"},{"$i":"perm-video-capture-appRequest","$v":["هل تريد السماح لـ ",{"t":"idOrVar","v":"app"}," باستخدام الكاميرا؟"]},{"$i":"perm-video-capture-webRequest","$v":["هل تريد السماح لـ ",{"t":"idOrVar","v":"site"}," باستخدام الكاميرا؟"]},{"$i":"perm-voicemail","$v":"Control Voicemail"},{"$i":"perm-webapps-manage","$v":"Install Webapps"},{"$i":"perm-wifi-manage","$v":"Manage Wi-Fi"},{"$i":"perm-attention","$v":"Open Overlay Popups"},{"$i":"perm-audio-channel-alarm","$v":"Play Alarm Sounds"},{"$i":"perm-audio-channel-normal","$v":"Play Sounds"},{"$i":"perm-audio-channel-publicnotification","$v":"Play public notification sounds"},{"$i":"perm-audio-channel-telephony","$v":"Play Telephony Sounds"},{"$i":"perm-backgroundservice","$v":"Act as a Background Service"},{"$i":"perm-device-storage-crashes","$v":"Crash Data Storage"},{"$i":"perm-downloads","$v":"Access Downloads"},{"$i":"perm-embed-widgets","$v":"Embed Widgets"},{"$i":"perm-feature-detection","$v":"Feature Detection"},{"$i":"perm-firefox-accounts","$v":"Firefox Accounts"},{"$i":"perm-mobilenetwork","$v":"Mobile Network"},{"$i":"perm-moz-attention","$v":"Open Overlay Popups (moz)"},{"$i":"perm-moz-audio-channel-ringer","$v":"Play Ringtone Sounds (moz)"},{"$i":"perm-moz-audio-channel-telephony","$v":"Play Telephony Sounds (moz)"},{"$i":"perm-moz-firefox-accounts","$v":"Firefox Accounts (moz)"},{"$i":"perm-networkstats-manage","$v":"Control Usage Stats"},{"$i":"perm-nfc","$v":"NFC"},{"$i":"perm-nfc-hci-events","$v":"NFC HCI Events"},{"$i":"perm-nfc-manager","$v":"Manage NFC"},{"$i":"perm-phonenumberservice","$v":"Phone Number Service"},{"$i":"perm-push","$v":"Push API"},{"$i":"perm-resourcestats-manage","$v":"Resource Stats"},{"$i":"perm-sms","$v":"Send and Read SMS"},{"$i":"perm-speaker-control","$v":"Control Volume"},{"$i":"perm-storage","$v":"Access Storage"},{"$i":"perm-tcp-socket","$v":"TCP Sockets"},{"$i":"perm-test-permission","$v":"Test Permission"},{"$i":"perm-time","$v":"Set Date and Time"},{"$i":"perm-udp-socket","$v":"UDP Sockets"},{"$i":"perm-wappush","$v":"WAP Push"},{"$i":"stopped_download_title","$v":"لقد توقف التنزيل"},{"$i":"stopped_download_message","$v":"لقد توقف التنزيل, حاول مرة اخرى ؟"},{"$i":"stopped_download_left_button","$v":"ألغِ"},{"$i":"stopped_download_right_button","$v":"أعِد المحاولة"},{"$i":"failed_download_title","$v":"فشل التنزيل"},{"$i":"failed_download_message","$v":["فشل تنزيل ",{"t":"idOrVar","v":"name"},". هل تريد إعادة المحاولة مرة أخرى؟"]},{"$i":"failed_download_left_button","$v":"ألغِ"},{"$i":"failed_download_right_button","$v":"أعِد المحاولة"},{"$i":"stop_download_title","$v":"أوقف التنزيل"},{"$i":"stop_download_message","$v":"هل أنت متأكد أنك تريد إيقاف التنزيل؟"},{"$i":"stop_download_left_button","$v":"لا"},{"$i":"stop_download_right_button","$v":"نعم"},{"$i":"delete_download_title","$v":"احذف"},{"$i":"delete_download_message","$v":["حذف ",{"t":"idOrVar","v":"name"},"؟"]},{"$i":"delete_download_left_button","$v":"ألغِ"},{"$i":"delete_download_right_button","$v":"حذف"},{"$i":"delete_all_download_title","$v":"احذف"},{"$i":"delete_all_download_left_button","$v":"ألغِ"},{"$i":"delete_all_download_right_button","$v":"احذف"},{"$i":"delete_all_download_message","$v":{"zero":"حذف أي ملفات؟","one":"حذف ملف واحد؟","two":"حذف ملفين؟","few":["حذف ",{"t":"idOrVar","v":"number"}," ملفات؟"],"many":["حذف ",{"t":"idOrVar","v":"number"}," ملف؟"],"other":["حذف ",{"t":"idOrVar","v":"number"}," ملف؟"]},"$x":[{"t":"idOrVar","v":"plural"},"number"]},{"$i":"unsupported_file_type_download_title","$v":"تعذر فتح"},{"$i":"unsupported_file_type_download_message","$v":["لا يوجد برنامج يمكنه فتح ",{"t":"idOrVar","v":"name"},". هل تريد حفظ الملف أم حذفه؟"]},{"$i":"unsupported_file_type_download_left_button","$v":"إبقاء الملف"},{"$i":"unsupported_file_type_download_right_button","$v":"احذف"},{"$i":"file_not_found_download_title","$v":"الملف غير موجود"},{"$i":"file_not_found_download_message","$v":"الملف غير موجود على الجهاز"},{"$i":"file_not_found_download_right_button","$v":"موافق"},{"$i":"unmounted_sdcard_2_download_title","$v":"بطاقة الذاكرة مستخدمة"},{"$i":"unmounted_sdcard_2_download_message","$v":"قم بفصل الهاتف"},{"$i":"unmounted_sdcard_2_download_right_button","$v":"موافق"},{"$i":"no_provider_download_title","$v":"غير قادر على مشاركة"},{"$i":"no_provider_download_message","$v":"لم يتم العثور على مزود"},{"$i":"no_provider_download_right_button","$v":"موافق"},{"$i":"no_memory_download_title","$v":"بطاقة الذاكرة ممتلئة"},{"$i":"no_memory_download_message","$v":"لايوجد مساحة كافية على بطاقة الذاكرة لحفظ التحميل. الرجاء حذف بعض الملفات قبل إعادة التحميل."},{"$i":"no_memory_download_right_button","$v":"موافق"},{"$i":"no_sdcard_found_2_download_title","$v":"بطاقة الذاكرة غير موجودة"},{"$i":"no_sdcard_found_2_download_message","$v":"ادخل بطاقة الذاكرة أو حدد موقع الوسائط الافتراضي في الإعدادات"},{"$i":"no_sdcard_found_2_download_right_button","$v":"موافق"},{"$i":"file_open_error_download_title","$v":"غير قابل للفتح"},{"$i":"file_open_error_download_message","$v":["هناك مشكلة في فتح ",{"t":"idOrVar","v":"name"},". هل تريد حفظ الملف أم حذفه؟"]},{"$i":"file_open_error_download_left_button","$v":"الإحتفاظ بالملف"},{"$i":"file_open_error_download_right_button","$v":"احذف"},{"$i":"restart_download_error","$v":"حدث خطأ عند إعادة بدأ التنزيل. من فضلك أعد التنزيل مرة أخرى."},{"$i":"no-downloads","$v":"لا يوجد تنزيلات"},{"$i":"percentage","$v":[{"t":"idOrVar","v":"percentage"}," %"]},{"$i":"partialResult","$v":[{"t":"idOrVar","v":"partial"}," من ",{"t":"idOrVar","v":"total"}]},{"$i":"summary","$v":[{"t":"idOrVar","v":"date"}," - ",{"t":"idOrVar","v":"status"}]},{"$i":"download-stopped","$v":"متوقف"},{"$i":"download-failed","$v":"فشل التنزيل"},{"$i":"open_downloaded_file","$v":"افتح"},{"$i":"share_downloaded_file","$v":"مُشاركة"},{"$i":"wallpaper_downloaded_file","$v":"تعيين كخلفية"},{"$i":"ringtone_downloaded_file","$v":"تعيين كنغمة رنين"},{"$i":"cancel_downloaded_file","$v":"ألغِ"},{"$i":"voicemailNoNumberTitle","$v":"Voicemail number is unavailable"},{"$i":"voicemailNoNumberText","$v":"Unable to call the voicemail. Set up the voicemail number to place the call."},{"$i":"voicemailNoNumberSettings","$v":"Settings"},{"$i":"voicemailNoNumberCancel","$v":"Cancel"},{"$i":"airplaneMode","$v":"وضع الطيران"},{"$i":"searching","$v":"جارِ البحث..."},{"$i":"noNetwork","$v":"لا يوجد شبكة"},{"$i":"roaming","$v":[{"t":"idOrVar","v":"operator"}," (تجوال) "]},{"$i":"operator-info","$v":[{"t":"idOrVar","v":"carrier"}," ",{"t":"idOrVar","v":"region"}]},{"$i":"emergencyCallsOnly","$v":"مكالمات الطوارئ فقط"},{"$i":"emergencyCallsOnly-unknownSIMState","$v":"(حالة الـ SIM غير معروفة)"},{"$i":"emergencyCallsOnly-noSIM","$v":"(لايوجد SIM)"},{"$i":"emergencyCallsOnly-pinRequired","$v":"(مطلوب كود PIN)"},{"$i":"emergencyCallsOnly-pukRequired","$v":"(مطلوب كود PUK)"},{"$i":"emergencyCallsOnly-networkLocked","$v":"(الشبكة مُغلقة)"},{"$i":"emergencyCallsOnly-serviceProviderLocked","$v":"(مُغلَق من المزود)"},{"$i":"emergencyCallsOnly-corporateLocked","$v":"(مُغلَق من الشركة)"},{"$i":"emergencyCallsOnly-network1Locked","$v":"(network1 locked)"},{"$i":"emergencyCallsOnly-network2Locked","$v":"(network2 locked)"},{"$i":"emergencyCallsOnly-hrpdNetworkLocked","$v":"(hrpd network locked)"},{"$i":"emergencyCallsOnly-ruimCorporateLocked","$v":"(ruim corporate locked)"},{"$i":"emergencyCallsOnly-ruimServiceProviderLocked","$v":"(ruim service provider locked)"},{"$i":"lockscreen-sim-id","$v":["SIM ",{"t":"idOrVar","v":"n"}]},{"$i":"gaia-menu-cancel","$v":"Cancel"}]