[{"$i":"brandShortName","$v":"Firefox OS"},{"$i":"browserBrandShortName","$v":"Firefox"},{"$i":"browserBrandFullName","$v":"Mozilla Firefox"},{"$i":"ringtoneBrandName","$v":"Firefox"},{"$i":"ringtoneSectionBrandName","$v":"Firefox"},{"$i":"ok","$v":"OK"},{"$i":"back","$v":"Retour"},{"$i":"help","$v":"Aide"},{"$i":"cancel","$v":"Annuler"},{"$i":"close","$v":"Fermer"},{"$i":"skip","$v":"Passer"},{"$i":"clear","ariaLabel":"Clear"},{"$i":"enable","$v":"Enable"},{"$i":"turnOn","$v":"Turn On"},{"$i":"undo","ariaLabel":"Undo"},{"$i":"enterPIN","$v":"Code PIN"},{"$i":"mediaPlaybackTrack","ariaLabel":"Track title and artist"},{"$i":"mediaPlaybackControls","ariaLabel":"Playback controls"},{"$i":"mediaPlaybackPrevious","ariaLabel":"Previous"},{"$i":"mediaPlaybackPlay","ariaLabel":"Play"},{"$i":"mediaPlaybackPause","ariaLabel":"Pause"},{"$i":"mediaPlaybackNext","ariaLabel":"Next"},{"$i":"UnknownTrack","$v":"Unknown track"},{"$i":"wifiButton-on","$v":"Wi-Fi on"},{"$i":"wifiButton-on-initializing","$v":"Wi-Fi on, initializing"},{"$i":"wifiButton-off","$v":"Wi-Fi off"},{"$i":"dataButton-on","$v":["Data ",{"t":"idOrVar","v":"type"}," on"]},{"$i":"dataButton-off","$v":["Data ",{"t":"idOrVar","v":"type"}," off"]},{"$i":"bluetoothButton-on","$v":"Bluetooth on"},{"$i":"bluetoothButton-on-initializing","$v":"Bluetooth on, initializing"},{"$i":"bluetoothButton-off","$v":"Bluetooth off"},{"$i":"airplaneMode-on","$v":"Airplane mode on"},{"$i":"airplaneMode-off","$v":"Airplane mode off"},{"$i":"settingsButton","ariaLabel":"Settings"},{"$i":"utilityTray","ariaLabel":"Utility tray"},{"$i":"statusbarLabel","$v":[{"t":"idOrVar","v":"date"},", ",{"t":"idOrVar","v":"operator"}]},{"$i":"statusbarDateFormat","$v":"%e %b"},{"$i":"statusbar","ariaLabel":"Status Bar"},{"$i":"statusbarBattery","ariaLabel":["Battery ",{"t":"idOrVar","v":"level"}," percent"]},{"$i":"statusbarBatteryCharging","ariaLabel":["Battery ",{"t":"idOrVar","v":"level"}," percent, charging"]},{"$i":"statusbarFlightMode","ariaLabel":"Airplane mode on"},{"$i":"statusbarWiFiConnecting","$v":"Wi-Fi: connecting"},{"$i":"statusbarWiFiConnected","$v":["Wi-Fi: ",{"t":"idOrVar","v":"level"}," of 4 bars"]},{"$i":"statusbarSignal","$v":[{"t":"idOrVar","v":"operator"}," network, ",{"t":"idOrVar","v":"level"}," of 5 bars"]},{"$i":"statusbarSignalRoaming","$v":[{"t":"idOrVar","v":"operator"}," network (roaming), ",{"t":"idOrVar","v":"level"}," of 5 bars"]},{"$i":"statusbarSignalNoneSearching","$v":"Searching… Emergency calls only"},{"$i":"statusbarHeadphones","ariaLabel":"Headphones on"},{"$i":"statusbarBluetoothHeadphones","ariaLabel":"Bluetooth headphones on"},{"$i":"statusbarBluetoothTransferring","ariaLabel":"Bluetooth transfer active"},{"$i":"statusbarIconOn-tethering","$v":"Tethering on"},{"$i":"statusbarIconOnActive-tethering","$v":"Tethering on, active"},{"$i":"statusbarAlarm","ariaLabel":"Alarm on"},{"$i":"statusbarIconOn-bluetooth","$v":"Bluetooth on"},{"$i":"statusbarIconOnActive-bluetooth","$v":"Bluetooth on, active"},{"$i":"statusbarIconOn-mute","$v":"Mute on"},{"$i":"statusbarIconOn-vibration","$v":"Vibration on"},{"$i":"statusbarRecording","ariaLabel":"Recording on"},{"$i":"statusbarGeolocation","ariaLabel":"Geolocation on"},{"$i":"statusbarUsb","ariaLabel":"USB on"},{"$i":"statusbarForwarding","$v":"Call forwarding on"},{"$i":"statusbarPlaying","ariaLabel":"Media playing"},{"$i":"statusbarNfc","ariaLabel":"NFC on"},{"$i":"statusbarDownloads","ariaLabel":"Downloading…"},{"$i":"statusbarNetworkActivity","ariaLabel":"Networking on"},{"$i":"statusbarEmergencyCBNotification","ariaLabel":"Emergency callback"},{"$i":"statusbarNotifications","$v":{"one":[{"t":"idOrVar","v":"n"}," Notification"],"two":[{"t":"idOrVar","v":"n"}," Notifications"],"few":[{"t":"idOrVar","v":"n"}," Notifications"],"many":[{"t":"idOrVar","v":"n"}," Notifications"],"other":[{"t":"idOrVar","v":"n"}," Notifications"]},"$x":[{"t":"idOrVar","v":"plural"},"n"]},{"$i":"statusbarNotifications-unread","ariaLabel":{"$x":[{"t":"idOrVar","v":"plural"},"n"],"$v":{"one":[{"t":"idOrVar","v":"n"}," unread notification"],"two":[{"t":"idOrVar","v":"n"}," unread notifications"],"few":[{"t":"idOrVar","v":"n"}," unread notifications"],"many":[{"t":"idOrVar","v":"n"}," unread notifications"],"other":[{"t":"idOrVar","v":"n"}," unread notifications"]}}},{"$i":"notifications","$v":"Notifications"},{"$i":"clear-all","$v":"Tout effacer"},{"$i":"attentionScreen-tapToShow","$v":"Tap to show"},{"$i":"newVoicemails","$v":{"zero":"Aucun nouveau message vocal","one":"Vous avez un nouveau message vocal","two":["Vous avez ",{"t":"idOrVar","v":"n"}," nouveaux messages vocaux"],"few":["Vous avez ",{"t":"idOrVar","v":"n"}," nouveaux messages vocaux"],"many":["Vous avez ",{"t":"idOrVar","v":"n"}," nouveaux messages vocaux"],"other":["Vous avez ",{"t":"idOrVar","v":"n"}," nouveaux messages vocaux"]},"$x":[{"t":"idOrVar","v":"plural"},"n"]},{"$i":"newVoicemailsUnknown","$v":"Nouveau message vocal"},{"$i":"dialNumber","$v":["Appeler le ",{"t":"idOrVar","v":"number"}]},{"$i":"voicemailNotificationMultiSim","$v":["(SIM ",{"t":"idOrVar","v":"n"},") ",{"t":"idOrVar","v":"title"}]},{"$i":"euRoamingNotificationTitle","$v":"EU internet detected"},{"$i":"euRoamingNotificationMsg","$v":"Tap to change."},{"$i":"confirmNFCConnectBTenabledNameUnknown","$v":"Are you sure you want to connect to the device?"},{"$i":"confirmNFCConnectBTdisabledNameUnknown","$v":"Turn on Bluetooth and connect to the device?"},{"$i":"confirmNFCConnectBTenabledNameKnown","$v":["Are you sure you want to connect to ",{"t":"idOrVar","v":"deviceName"},"?"]},{"$i":"confirmNFCConnectBTdisabledNameKnown","$v":["Turn on Bluetooth and connect to ",{"t":"idOrVar","v":"deviceName"},"?"]},{"$i":"confirmNFCConnectBTdisabled","$v":"Turn on"},{"$i":"dismissNFCConnectBTdisabled","$v":"Cancel"},{"$i":"confirmation","$v":"Confirmation"},{"$i":"deviceMenu","$v":"Menu système"},{"$i":"airplane","$v":"Mode avion"},{"$i":"airplaneOff","$v":"Désactiver le mode avion"},{"$i":"silent","$v":"Mode silencieux"},{"$i":"normal","$v":"Mode normal"},{"$i":"restart","$v":"Redémarrer"},{"$i":"power","$v":"Éteindre"},{"$i":"no-recent-app-windows","$v":"Your recent app windows show up here"},{"$i":"no-recent-browser-windows","$v":"Your recent browser windows show up here"},{"$i":"closeCard","ariaLabel":"Close"},{"$i":"openCard","ariaLabel":"Open"},{"$i":"yes","$v":"Oui"},{"$i":"no","$v":"Non"},{"$i":"dontallow","$v":"Don’t allow"},{"$i":"allow","$v":"Autoriser"},{"$i":"dontshare-geolocation","$v":"Refuser"},{"$i":"share-geolocation","$v":"Autoriser"},{"$i":"dontshare-audio-capture","$v":"Ne pas partager"},{"$i":"share-audio-capture","$v":"Partager"},{"$i":"dontshare-video-capture","$v":"Ne pas partager"},{"$i":"share-video-capture","$v":"Partager"},{"$i":"dontshare-media-capture","$v":"Ne pas partager"},{"$i":"share-media-capture","$v":"Partager"},{"$i":"device-front","$v":"Caméra avant"},{"$i":"device-back","$v":"Caméra arrière"},{"$i":"remember-my-choice","$v":"Se souvenir de ce choix"},{"$i":"more-info","$v":"Détails…"},{"$i":"hide-info","$v":"Masquer"},{"$i":"install-app","$v":["Installer ",{"t":"idOrVar","v":"name"}," ?"]},{"$i":"size","$v":"Taille"},{"$i":"author","$v":"Auteur"},{"$i":"size-unknown","$v":"inconnue"},{"$i":"author-unknown","$v":"inconnu"},{"$i":"install","$v":"Installer"},{"$i":"bytes","$v":"octets"},{"$i":"kB","$v":"Ko"},{"$i":"MB","$v":"Mo"},{"$i":"GB","$v":"Go"},{"$i":"TB","$v":"To"},{"$i":"PB","$v":"Po"},{"$i":"app-install-generic-error","$v":["Téléchargement de ",{"t":"idOrVar","v":"appName"}," arrêté"]},{"$i":"app-install-download-failed","$v":["Échec du téléchargement de ",{"t":"idOrVar","v":"appName"}]},{"$i":"app-install-install-failed","$v":["Échec de l’installation de ",{"t":"idOrVar","v":"appName"}]},{"$i":"cancelling-will-not-refund","$v":"Annuler ne remboursera pas un achat. Les remboursements de contenus payants sont effectués par le marchand d’origine."},{"$i":"apps-can-be-installed-later","$v":"Les applications peuvent être installées plus tard depuis la source d’origine."},{"$i":"are-you-sure-you-want-to-cancel","$v":"Voulez-vous vraiment annuler l’installation ?"},{"$i":"cancel-install","$v":"Annuler l’installation"},{"$i":"cancel-install-button","$v":"Cancel Install"},{"$i":"resume","$v":"Reprendre"},{"$i":"continue","$v":"Continuer"},{"$i":"stopDownloading","$v":["Arrêter le téléchargement de ",{"t":"idOrVar","v":"app"}," ?"]},{"$i":"app-download-can-be-restarted","$v":"Le téléchargement pourra être redémarré plus tard."},{"$i":"app-download-stop-button","$v":"Arrêter le téléch."},{"$i":"not-enough-space","$v":"Espace insuffisant"},{"$i":"not-enough-space-message","$v":"Il n’y a pas assez d’espace pour installer cette application. Libérez de l’espace en supprimant des médias ou d’anciennes applications puis essayez à nouveau de l’installer depuis la source d’origine."},{"$i":"app-install-success","$v":[{"t":"idOrVar","v":"appName"}," installé"]},{"$i":"setup","$v":"Configurer"},{"$i":"ime-addkeyboards","$v":"Ajouter des claviers"},{"$i":"later","$v":"Plus tard"},{"$i":"download","$v":"Télécharger"},{"$i":"wantToDownload","$v":"Télécharger la mise à jour maintenant ?"},{"$i":"wantToInstallNow","$v":"Do you want to install the update now? You will not be able to use your phone for a few minutes."},{"$i":"installNow","$v":"Installer"},{"$i":"notNow","$v":"Plus tard"},{"$i":"downloadingUpdateMessage","innerHTML":["Téléchargement des mises à jour… <span>",{"t":"idOrVar","v":"progress"}," téléchargés.</span>"]},{"$i":"downloadingAppMessage","$v":["Téléchargement de ",{"t":"idOrVar","v":"appName"}]},{"$i":"downloadingAppProgressNoMax","$v":[{"t":"idOrVar","v":"progress"}," téléchargés"]},{"$i":"downloadingAppProgressIndeterminate","$v":"Téléchargement en cours"},{"$i":"downloadingAppProgress","$v":[{"t":"idOrVar","v":"progress"}," / ",{"t":"idOrVar","v":"max"}," téléchargés"]},{"$i":"cancelAllDownloads","$v":"Annuler tous les téléchargements"},{"$i":"wantToCancelAll","$v":"Voulez-vous vraiment annuler tous les téléchargements ?"},{"$i":"downloadError","$v":"Une erreur s’est produite lors du téléchargement des mises à jour."},{"$i":"updateAvailableInfo","innerHTML":{"$x":[{"t":"idOrVar","v":"plural"},"n"],"$v":{"one":[{"t":"idOrVar","v":"n"}," mise à jour disponible. <span>Appuyer pour plus d’informations.</span>"],"two":[{"t":"idOrVar","v":"n"}," mises à jour disponibles. <span>Appuyer pour plus d’informations.</span>"],"few":[{"t":"idOrVar","v":"n"}," mises à jour disponibles. <span>Appuyer pour plus d’informations.</span>"],"many":[{"t":"idOrVar","v":"n"}," mises à jour disponibles. <span>Appuyer pour plus d’informations.</span>"],"other":[{"t":"idOrVar","v":"n"}," mises à jour disponibles. <span>Appuyer pour plus d’informations.</span>"]}}},{"$i":"numberOfUpdates","$v":{"one":[{"t":"idOrVar","v":"n"}," mise à jour disponible"],"two":[{"t":"idOrVar","v":"n"}," mises à jour disponibles"],"few":[{"t":"idOrVar","v":"n"}," mises à jour disponibles"],"many":[{"t":"idOrVar","v":"n"}," mises à jour disponibles"],"other":[{"t":"idOrVar","v":"n"}," mises à jour disponibles"]},"$x":[{"t":"idOrVar","v":"plural"},"n"]},{"$i":"systemUpdate","$v":"Mise à jour système"},{"$i":"systemUpdateReady","$v":"Mise à jour système prête"},{"$i":"systemUpdateLowBatteryThreshold","$v":["You need at least ",{"t":"idOrVar","v":"threshold"},"% battery level to install the update."]},{"$i":"required","$v":"Requise"},{"$i":"uncompressingMessage","innerHTML":"Décompression… <span>Cela peut prendre quelques minutes.</span>"},{"$i":"downloadWifiPrioritizedUsing2G","$v":"Updates are downloaded via data connection when Wi-Fi is not available. When using data connection, phone calls may be blocked and additional charges may also apply."},{"$i":"downloadWifiPrioritized3","$v":"Updates are downloaded via data connection when Wi-Fi is not available. When using data connection, additional charges may apply."},{"$i":"downloadNoWifiWarning","$v":"Wi-Fi non disponible. Mettre à jour depuis votre connexion actuelle pourra entraîner des frais supplémentaires."},{"$i":"downloadOfflineWarning2","$v":"Connect to a network to download updates."},{"$i":"downloadUpdatesViaDataConnection","$v":"Télécharger les mises à jour par la connexion de données ?"},{"$i":"downloadUpdatesVia2GForbidden3","$v":"Downloading updates is not possible on slow connections (2G). Please connect via Wi-Fi or 3G (if available) and try again."},{"$i":"downloadUpdatesViaDataConnectionMessage3","$v":"When using a data connection, additional costs may apply. Do you want to continue?"},{"$i":"downloadUpdatesViaDataRoamingConnection","$v":"Download updates via data roaming?"},{"$i":"downloadUpdatesViaDataRoamingConnectionMessage","$v":"You are currently roaming and additional charges may apply. Do you want to continue?"},{"$i":"screenshotSaved","$v":"Capture d’écran enregistrée"},{"$i":"screenshotFailed","$v":"Enreg. capture impossible"},{"$i":"screenshotNoSDCard","$v":"Aucune carte mémoire installée"},{"$i":"screenshotSDCardInUse","$v":"Carte mémoire utilisée"},{"$i":"screenshotSDCardLow","$v":"Carte mémoire saturée"},{"$i":"logsSaved","$v":"Logs saved to storage"},{"$i":"logsSaveError","$v":"Error while saving logs"},{"$i":"logsSaving","$v":"Capturing logs…"},{"$i":"logsOperationFailed","$v":["Operation ",{"t":"idOrVar","v":"operation"}," failed."]},{"$i":"logsGenericError","$v":"Unexpected error occurred."},{"$i":"logsSDCardMaybeShared","$v":"Make sure your SD card is not shared with your computer."},{"$i":"emergency-call-button","$v":"Appel d’urgence"},{"$i":"emergency-call","$v":"Appel d’urgence"},{"$i":"unlock-a11y-button","ariaLabel":"Déverrouiller"},{"$i":"camera-a11y-button","ariaLabel":"Appareil photo"},{"$i":"longDateFormat","$v":"%A %e %Eb"},{"$i":"panel-passcode","ariaLabel":"Passcode panel"},{"$i":"open-notification","$v":"open"},{"$i":"softwareHomeButton","ariaLabel":"Accueil"},{"$i":"login","$v":"Connexion"},{"$i":"sign-in-to-website","$v":"Sign in to website"},{"$i":"username","$v":"Utilisateur"},{"$i":"password","$v":"Mot de passe"},{"$i":"http-authentication-message2","$v":["The website ",{"t":"idOrVar","v":"host"}," requires you to sign in."]},{"$i":"error-message","$v":[{"t":"idOrVar","v":"name"}," ne se charge pas correctement."]},{"$i":"error-title","$v":[{"t":"idOrVar","v":"name"}," rencontre des problèmes"]},{"$i":"unable-to-connect","$v":"Connexion impossible"},{"$i":"tap-to-check-settings","$v":"Appuyer pour vérifier les paramètres"},{"$i":"delete-title","$v":["Delete ",{"t":"idOrVar","v":"name"}]},{"$i":"delete-body","$v":[{"t":"idOrVar","v":"name"}," and all of its data will be deleted."]},{"$i":"delete","$v":"Delete"},{"$i":"unrecoverable-error-title","$v":"Remove Application"},{"$i":"unrecoverable-error-body","$v":"Cannot install application due to an unrecoverable error. Please try downloading again. The application will be removed."},{"$i":"unrecoverable-error-action","$v":"OK"},{"$i":"data-roaming-enabled-title","$v":"Turn on data roaming?"},{"$i":"data-roaming-enabled-warning2","$v":"In order to access the Internet, you need to turn on data roaming. Depending on your service agreement, extra charges may apply. Do you want to turn data on?"},{"$i":"select-time","$v":"Sélectionner l’heure"},{"$i":"choose-option","$v":"Sélectionner"},{"$i":"choose-options","$v":"Sélectionner"},{"$i":"select-day","$v":"Sélectionner le jour"},{"$i":"battery-almost-empty3","$v":"Your battery is low."},{"$i":"plug-in-your-charger","$v":"Please plug in your charger."},{"$i":"new-window","$v":"New window"},{"$i":"new-private-window","$v":"New private window"},{"$i":"show-windows","$v":"Show windows"},{"$i":"add-to-home-screen","$v":"Ajouter à l’écran d’accueil"},{"$i":"share","$v":"Share"},{"$i":"crash-dialog2-os","$v":[{"t":"idOrVar","v":"brandShortName"}," vient de se remettre d’un plantage"]},{"$i":"crash-dialog-app","$v":[{"t":"idOrVar","v":"name"}," a planté"]},{"$i":"crash-dialog-app-noname","$v":"Something"},{"$i":"crash-dialog-message","$v":"Voulez-vous envoyer un rapport à Mozilla concernant ce plantage pour nous aider à résoudre ce problème ? (Les rapports ne sont envoyés que par Wi-Fi.)"},{"$i":"crash-info-link","$v":"Que contient un rapport de plantage ?"},{"$i":"crash-always-report","$v":"Toujours envoyer un rapport à Mozilla lorsqu’un plantage se produit."},{"$i":"crash-dont-send","$v":"Ne pas envoyer"},{"$i":"crash-end","$v":"Envoyer rapport"},{"$i":"crashReports","$v":"Rapports de plantage"},{"$i":"done","$v":"Fini"},{"$i":"crash-reports-description-1","$v":"Un rapport de plantage contient des détails concernant le plantage et votre appareil, ainsi qu’un instantané de l’état de votre appareil lors du plantage."},{"$i":"crash-reports-description-2","$v":"Il peut inclure différentes choses comme les applications et pages ouvertes, le texte saisi dans les formulaires et le contenu des messages ouverts, l’historique de navigation récent, ou la géolocalisation utilisée par une application ouverte."},{"$i":"crash-reports-description-3-start","$v":"Nous utilisons les rapports de plantage pour essayer de résoudre les problèmes et améliorer nos logiciels. Nous gérons vos informations comme décrit dans notre "},{"$i":"crash-reports-description-3-privacy","$v":"politique de confidentialité"},{"$i":"crash-reports-description-3-end","$v":"."},{"$i":"crash-banner-os2","$v":[{"t":"idOrVar","v":"brandShortName"}," a planté."]},{"$i":"crash-banner-app","$v":[{"t":"idOrVar","v":"name"}," a planté."]},{"$i":"crash-banner-report","$v":"Rapporter"},{"$i":"bluetooth-sending-progress","$v":"Début d’un transfert Bluetooth…"},{"$i":"bluetooth-receiving-progress","$v":"Réception d’un transfert Bluetooth…"},{"$i":"acceptFileTransfer","$v":"Accepter le transfert de fichier par Bluetooth ?"},{"$i":"wantToReceiveFile","$v":[{"t":"idOrVar","v":"deviceName"}," souhaite transférer ",{"t":"idOrVar","v":"fileName"}," (",{"t":"idOrVar","v":"fileSize"},")."]},{"$i":"transfer-confirmation-title","$v":[{"t":"idOrVar","v":"deviceName"}]},{"$i":"transfer-confirmation-description","$v":"Répondre à la demande de transfert."},{"$i":"byteUnit-B","$v":"o"},{"$i":"byteUnit-KB","$v":"Ko"},{"$i":"byteUnit-MB","$v":"Mo"},{"$i":"byteUnit-GB","$v":"Go"},{"$i":"byteUnit-TB","$v":"To"},{"$i":"byteUnit-PB","$v":"Po"},{"$i":"byteUnit-EB","$v":"Eo"},{"$i":"byteUnit-ZB","$v":"Zo"},{"$i":"byteUnit-YB","$v":"Yo"},{"$i":"fileSize","$v":[{"t":"idOrVar","v":"size"}," ",{"t":"idOrVar","v":"unit"}]},{"$i":"deny","$v":"Refuser"},{"$i":"transfer","$v":"Transférer"},{"$i":"cancelFileTransfer","$v":"Annuler le transfert de fichier par Bluetooth ?"},{"$i":"continueFileTransfer","$v":"Continue"},{"$i":"transfer-has-started-title","$v":"Le transfert a été lancé"},{"$i":"transfer-has-started-description","$v":"Progression dans centre de notifications"},{"$i":"transferFinished-sentSuccessful-title","$v":"Fichier envoyé"},{"$i":"transferFinished-receivedSuccessful-title","$v":"Fichier reçu"},{"$i":"transferFinished-sentFailed-title","$v":"Envoi fichier impossible"},{"$i":"transferFinished-receivedFailed-title","$v":"Réception fichier impossible"},{"$i":"transferReport-title","$v":"Résultats du transfert :"},{"$i":"transferReport-description","$v":[{"t":"idOrVar","v":"numSuccessful"}," succès, ",{"t":"idOrVar","v":"numUnsuccessful"}," échecs"]},{"$i":"unknown-file","$v":"Fichier inconnu"},{"$i":"unknown-device","$v":"Appareil inconnu"},{"$i":"cannotOpenFile","$v":"Impossible d’ouvrir le fichier reçu"},{"$i":"unknownMediaTypeToOpenFile","$v":["Can not open unknown media type: ",{"t":"idOrVar","v":"fileName"}]},{"$i":"cannotReceiveFile","$v":"Réception fichier impossible"},{"$i":"cannotGetStorageState","$v":"Impossible de connaître l’état de l’espace de stockage."},{"$i":"sdcard-not-exist2","$v":"Aucune carte mémoire détectée. Veuillez insérer une carte mémoire."},{"$i":"sdcard-in-use","$v":"L’application Bluetooth ne peut pas être utilisée tant que le téléphone est branché. Débranchez le téléphone pour recevoir des fichiers."},{"$i":"sdcard-no-space2","$v":"Impossible de terminer le transfert : la carte mémoire est pleine."},{"$i":"unknown-error","$v":"Erreur inconnue"},{"$i":"confirm","$v":"Confirmer"},{"$i":"sdcard-detected-title","$v":"SD card detected"},{"$i":"sdcard-total-size-body","$v":["Total size: ",{"t":"idOrVar","v":"size"}," ",{"t":"idOrVar","v":"unit"}]},{"$i":"sdcard-unknown-size-then-tap-to-format-body","$v":"Unknown size, tap to format"},{"$i":"sdcard-removed-title","$v":"SD card removed"},{"$i":"sdcard-removed-ejected-successfully","$v":"Ejected successfully"},{"$i":"sdcard-removed-not-ejected-properly","$v":"Not ejected properly"},{"$i":"microphone-is-on","$v":"Micro activé"},{"$i":"camera-is-on","$v":"Caméra activée"},{"$i":"media-is-on","$v":"Caméra et micro activés"},{"$i":"noSimCard","$v":"Aucune carte SIM"},{"$i":"simPin","$v":"Code PIN carte SIM"},{"$i":"pukCode","$v":"Code PUK"},{"$i":"nckCode","$v":"Code NCK"},{"$i":"cckCode","$v":"Code CCK"},{"$i":"spckCode","$v":"Code SPCK"},{"$i":"nck1code","$v":"NCK1 code"},{"$i":"nck2code","$v":"NCK2 code"},{"$i":"hnckcode","$v":"HNCK code"},{"$i":"rcckcode","$v":"RCCK code"},{"$i":"rspckcode","$v":"RSPCK code"},{"$i":"whatIsSimPin","$v":"Qu’est-ce qu’un code PIN ?"},{"$i":"simPinIntro1","$v":"Le code PIN de la carte SIM empêche l’accès aux données réseau de votre carte SIM. Quand il est activé, tout appareil équipé de cette carte SIM réclamera le code PIN au démarrage."},{"$i":"simPinIntro2","$v":"Un code PIN de carte SIM est différent du code destiné à déverrouiller l’appareil."},{"$i":"changeSimPin","$v":"Changer de code PIN"},{"$i":"pinTitle","$v":"Saisir le code PIN"},{"$i":"multiSIMpinTitle","$v":["Saisir le code PIN de la SIM ",{"t":"idOrVar","v":"n"}]},{"$i":"pukTitle","$v":"Saisir le code PUK"},{"$i":"nckTitle","$v":"Saisir le code NCK"},{"$i":"cckTitle","$v":"Saisir le code CCK"},{"$i":"spckTitle","$v":"Saisir le code SPCK"},{"$i":"nck1Title","$v":"Enter NCK1 code"},{"$i":"nck2Title","$v":"Enter NCK2 code"},{"$i":"hnckTitle","$v":"Enter HNCK code"},{"$i":"rcckTitle","$v":"Enter RCCK code"},{"$i":"rspckTitle","$v":"Enter RSPCK code"},{"$i":"newpinTitle","$v":"Nouveau code PIN"},{"$i":"inputCodeRetriesLeft","$v":{"one":"Dernier essai.","two":[{"t":"idOrVar","v":"n"}," essais restants."],"few":[{"t":"idOrVar","v":"n"}," essais restants."],"many":[{"t":"idOrVar","v":"n"}," essais restants."],"other":[{"t":"idOrVar","v":"n"}," essais restants."]},"$x":[{"t":"idOrVar","v":"plural"},"n"]},{"$i":"pinErrorMsg","$v":"Le code PIN est incorrect."},{"$i":"pinAttemptMsg2","$v":{"one":"C’est votre dernier essai autorisé pour saisir le code correct avant de bloquer la carte SIM.","two":["Il vous reste ",{"t":"idOrVar","v":"n"}," essais pour saisir le code correct avant de bloquer la carte SIM."],"few":["Il vous reste ",{"t":"idOrVar","v":"n"}," essais pour saisir le code correct avant de bloquer la carte SIM."],"many":["Il vous reste ",{"t":"idOrVar","v":"n"}," essais pour saisir le code correct avant de bloquer la carte SIM."],"other":["Il vous reste ",{"t":"idOrVar","v":"n"}," essais pour saisir le code correct avant de bloquer la carte SIM."]},"$x":[{"t":"idOrVar","v":"plural"},"n"]},{"$i":"pinLastChanceMsg","$v":"C’est votre dernier essai autorisé pour saisir le code PIN correct. Sinon, vous devrez saisir le code PUK pour utiliser cette carte SIM."},{"$i":"simCardLockedMsg","$v":"La carte SIM est verrouillée."},{"$i":"enterPukMsg","$v":"Vous devez saisir la Personal Unlocking Key (PUK, soit Clé personnelle de déblocage) pour la carte SIM. Veuillez vous référer à la documentation associée à votre carte SIM ou contacter votre opérateur pour en savoir plus."},{"$i":"pukErrorMsg","$v":"Le code PUK est incorrect."},{"$i":"pukAttemptMsg2","$v":{"one":"C’est votre dernier essai autorisé pour saisir le code correct avant que cette carte SIM ne devienne définitivement inutilisable. Veuillez vous référer à la documentation associée à votre carte SIM ou contacter votre opérateur pour en savoir plus.","two":["Il vous reste ",{"t":"idOrVar","v":"n"}," essais pour saisir le code correct avant que cette carte SIM ne devienne définitivement inutilisable. Veuillez vous référer à la documentation associée à votre carte SIM ou contacter votre opérateur pour en savoir plus."],"few":["Il vous reste ",{"t":"idOrVar","v":"n"}," essais pour saisir le code correct avant que cette carte SIM ne devienne définitivement inutilisable. Veuillez vous référer à la documentation associée à votre carte SIM ou contacter votre opérateur pour en savoir plus."],"many":["Il vous reste ",{"t":"idOrVar","v":"n"}," essais pour saisir le code correct avant que cette carte SIM ne devienne définitivement inutilisable. Veuillez vous référer à la documentation associée à votre carte SIM ou contacter votre opérateur pour en savoir plus."],"other":["Il vous reste ",{"t":"idOrVar","v":"n"}," essais pour saisir le code correct avant que cette carte SIM ne devienne définitivement inutilisable. Veuillez vous référer à la documentation associée à votre carte SIM ou contacter votre opérateur pour en savoir plus."]},"$x":[{"t":"idOrVar","v":"plural"},"n"]},{"$i":"pukLastChanceMsg","$v":"C’est votre dernier essai autorisé pour saisir le code PUK correct. Votre carte SIM deviendra définitivement inutilisable si vous saisissez un code PUK incorrect. Veuillez vous référer à la documentation associée à votre carte SIM ou contacter votre opérateur pour en savoir plus."},{"$i":"newSimPinMsg","$v":"Nouveau code PIN (4 à 8 chiffres)"},{"$i":"confirmNewSimPinMsg","$v":"Confirmer le nouveau code PIN"},{"$i":"newPinErrorMsg","$v":"Les codes PIN ne correspondent pas."},{"$i":"nckErrorMsg","$v":"Le code NCK est incorrect."},{"$i":"nckAttemptMsg2","$v":{"one":"La dépersonnalisation du réseau a échoué. C’est votre dernier essai autorisé pour saisir le code correct. Veuillez vous référer à la documentation de l’appareil ou contacter votre opérateur pour en savoir plus.","two":["La dépersonnalisation du réseau a échoué. Il vous reste ",{"t":"idOrVar","v":"n"}," essais pour saisir le code correct. Veuillez vous référer à la documentation de l’appareil ou contacter votre opérateur pour en savoir plus."],"few":["La dépersonnalisation du réseau a échoué. Il vous reste ",{"t":"idOrVar","v":"n"}," essais pour saisir le code correct. Veuillez vous référer à la documentation de l’appareil ou contacter votre opérateur pour en savoir plus."],"many":["La dépersonnalisation du réseau a échoué. Il vous reste ",{"t":"idOrVar","v":"n"}," essais pour saisir le code correct. Veuillez vous référer à la documentation de l’appareil ou contacter votre opérateur pour en savoir plus."],"other":["La dépersonnalisation du réseau a échoué. Il vous reste ",{"t":"idOrVar","v":"n"}," essais pour saisir le code correct. Veuillez vous référer à la documentation de l’appareil ou contacter votre opérateur pour en savoir plus."]},"$x":[{"t":"idOrVar","v":"plural"},"n"]},{"$i":"nckLastChanceMsg","$v":"La dépersonnalisation du réseau a échoué. C’est votre dernier essai autorisé pour saisir le code NCK correct. Veuillez vous référer à la documentation de l’appareil ou contacter votre opérateur pour en savoir plus."},{"$i":"activity-pick","$v":"Sélectionner depuis :"},{"$i":"activity-view","$v":"Afficher avec :"},{"$i":"activity-test","$v":"Tester avec :"},{"$i":"activity-share","$v":"Partager avec :"},{"$i":"activity-new","$v":"Créer avec :"},{"$i":"activity-open","$v":"Ouvrir avec :"},{"$i":"activity-save-bookmark","$v":"Ajouter marque-page pour :"},{"$i":"activity-record","$v":"Enregistrer depuis :"},{"$i":"activity-browse","$v":"Ouvrir avec :"},{"$i":"activity-configure","$v":"Configurer avec :"},{"$i":"activity-dial","$v":"Composer depuis :"},{"$i":"persona-signin","$v":"Identification"},{"$i":"payment-flow","$v":"Acheter"},{"$i":"remoteDebuggerMessage","$v":"Une requête entrante pour permettre une connexion de débogage à distance a été détectée. Autoriser la connexion ?"},{"$i":"fullscreen-request","$v":[{"t":"idOrVar","v":"origin"}," est maintenant affiché en mode plein écran."]},{"$i":"captive-wifi-available","$v":["Réseau ",{"t":"idOrVar","v":"networkName"}," détecté. Rejoindre ce réseau ?"]},{"$i":"ceWarningtitle","$v":"Avertissement concernant le volume"},{"$i":"ceWarningcontent","$v":"Afin d’éviter d’éventuelles lésions auditives, n’écoutez pas de musique à un volume élevé pendant de longues périodes."},{"$i":"notification-powersaving-mode-on-title","$v":"Mode économie d’énergie"},{"$i":"notification-powersaving-mode-on-description","$v":"Le mode économie d’énergie est activé."},{"$i":"low-device-storage","$v":"L’espace libre sur l’appareil est faible.\\n"},{"$i":"free-space","$v":{"zero":"Mémoire saturée.","one":["Moins de ",{"t":"idOrVar","v":"value"}," ",{"t":"idOrVar","v":"unit"}," restant."],"two":["Moins de ",{"t":"idOrVar","v":"value"}," ",{"t":"idOrVar","v":"unit"}," restants."],"few":["Moins de ",{"t":"idOrVar","v":"value"}," ",{"t":"idOrVar","v":"unit"}," restants."],"many":["Moins de ",{"t":"idOrVar","v":"value"}," ",{"t":"idOrVar","v":"unit"}," restants."],"other":["Moins de ",{"t":"idOrVar","v":"value"}," ",{"t":"idOrVar","v":"unit"}," restants."]},"$x":[{"t":"idOrVar","v":"plural"},"value"]},{"$i":"unknown-free-space","$v":"Espace libre inconnu."},{"$i":"system-alert","$v":"Alerte système"},{"$i":"cb-channel","$v":["Canal ",{"t":"idOrVar","v":"channel"}]},{"$i":"cb-etws-warningType-earthquake","$v":"Earthquake warning!"},{"$i":"cb-etws-warningType-tsunami","$v":"Tsunami warning!"},{"$i":"cb-etws-warningType-earthquake-tsunami","$v":"Earthquake-tsunami warning!"},{"$i":"cb-etws-warningType-test","$v":"Alert system is being tested."},{"$i":"cb-etws-warningType-other","$v":"Emergency warning!"},{"$i":"icc-message-maintitle","$v":"Operator message"},{"$i":"icc-message-subtitle","$v":["SIM ",{"t":"idOrVar","v":"id"}]},{"$i":"icc-confirmCall-defaultmessage","$v":["Appeler le ",{"t":"idOrVar","v":"number"}," ?"]},{"$i":"icc-alertMessage-defaultmessage","$v":"Envoi du message"},{"$i":"icc-confirmMessage-defaultmessage","$v":"Envoyer le message ?"},{"$i":"icc-inputbox-maintitle","$v":"STK Query"},{"$i":"icc-inputbox-subtitle","$v":["SIM ",{"t":"idOrVar","v":"id"}]},{"$i":"emergency-callback-mode","$v":"Mode de rappel d’urgence"},{"$i":"emergency-callback-message","$v":"Vous ne pouvez pouvez pas passer d’appels, envoyer de messages ou vous connecter car le mode de rappel d’urgence est activé. Souhaitez-vous le désactiver ?"},{"$i":"cdma-record-info","$v":"Informations d’enregistrement CDMA"},{"$i":"ime-switching-title","$v":[{"t":"idOrVar","v":"appName"}," : ",{"t":"idOrVar","v":"name"}]},{"$i":"ime-switching-tip","$v":"Appuyer pour changer mode saisie"},{"$i":"shrinking-tip","$v":"Faire glisser pour partager"},{"$i":"download_started","$v":"Téléchargement démarré"},{"$i":"download_stopped","$v":"Téléchargement arrêté"},{"$i":"download_downloading","$v":"Téléchargement…"},{"$i":"download_succeeded","$v":"Téléchargement terminé"},{"$i":"download_failed","$v":"Le téléchargement a échoué"},{"$i":"download_text_by_default","$v":[{"t":"idOrVar","v":"name"}]},{"$i":"download_downloading_text_2","$v":[{"t":"idOrVar","v":"percentage"}," % - ",{"t":"idOrVar","v":"name"}]},{"$i":"search-the-web","$v":"Search the web"},{"$i":"search-or-enter-address","$v":"Search or enter address","placeholder":"Search or enter address"},{"$i":"back-button","ariaLabel":"Back"},{"$i":"forward-button","ariaLabel":"Forward"},{"$i":"reload-button","ariaLabel":"Reload"},{"$i":"stop-button","ariaLabel":"Stop"},{"$i":"windows-button","ariaLabel":"Show windows"},{"$i":"noSIMCardInHotspot3","$v":"Hotspot off: SIM card missing or inserted incorrectly."},{"$i":"noHotspotWhenAPMisOnWifiHotspot","$v":"Turn off airplane mode to use Wi-Fi hotspot."},{"$i":"noHotspotWhenAPMisOnUsbHotspot","$v":"Turn off airplane mode to use USB tethering."},{"$i":"apmActivated","$v":"Airplane mode activated"},{"$i":"noConnectivityHead","$v":"No data connection"},{"$i":"noConnectivityMessageWifiHotspot","$v":"Wi-Fi hotspot is disabled because there is no data connection."},{"$i":"noConnectivityMessageUsbHotspot","$v":"USB tethering is disabled because there is no data connection."},{"$i":"open-in-new-window","$v":"Open in new window"},{"$i":"open-in-new-private-window","$v":"Open in new private window"},{"$i":"add-link-to-home-screen","$v":"Add link to home screen"},{"$i":"share-link","$v":"Share link"},{"$i":"save-image","$v":"Save Image"},{"$i":"save-video","$v":"Save Video"},{"$i":"save-audio","$v":"Save Audio"},{"$i":"save-link","$v":"Save linked file"},{"$i":"share-image","$v":"Share Image"},{"$i":"share-video","$v":"Share Video"},{"$i":"share-audio","$v":"Share Audio"},{"$i":"private-browser","$v":"Private Browser"},{"$i":"private-browser-title","$v":"You’re browsing privately"},{"$i":"private-browser-detail1","$v":[{"t":"idOrVar","v":"brandShortName"}," won’t remember any history for this window."]},{"$i":"private-browser-detail2","$v":"That includes browsing history, search history, download history, web form history, cookies, and temporary internet files. However, files you download and bookmarks you make will be kept."},{"$i":"private-browser-detail3","$v":"While this device won’t have a record of your browsing history, your employer or internet service provider can still track the pages you visit."},{"$i":"private-browser-learn-more","$v":"Learn More."},{"$i":"okCharsLeft","$v":["OK (",{"t":"idOrVar","v":"n"},")"]},{"$i":"firefox-accounts-title","$v":"Firefox Accounts"},{"$i":"fxa-next","$v":"Next"},{"$i":"fxa-back","$v":"Back"},{"$i":"fxa-done","$v":"Done"},{"$i":"fxa-ok","$v":"OK"},{"$i":"fxa-connection-error-title","$v":"Unable to Connect"},{"$i":"fxa-connection-error-message","$v":"You can create an account or sign in from Settings."},{"$i":"fxa-reset-password-error-title","$v":"Reset Password"},{"$i":"fxa-reset-password-error-message","$v":"You can reset your password from Settings."},{"$i":"fxa-coppa-failure-error-title","$v":"Cannot Create Account"},{"$i":"fxa-coppa-failure-error-message","$v":["You must meet certain age requirements to create a Firefox Account. ",{"t":"idOrVar","v":"learnmore"}]},{"$i":"fxa-learn-more","$v":"Learn more"},{"$i":"fxa-offline-error-title","$v":"Unable to Connect"},{"$i":"fxa-offline-error-message","$v":"Please connect to a network from Settings."},{"$i":"fxa-invalid-email-title","$v":"Error"},{"$i":"fxa-invalid-email-message","$v":"Please enter a valid email."},{"$i":"fxa-invalid-password-title","$v":"Invalid Password"},{"$i":"fxa-invalid-password-message","$v":"Please check your password and try again."},{"$i":"fxa-unknown-error-title","$v":"Unable to Connect"},{"$i":"fxa-unknown-error-message","$v":"System unavailable, try again soon."},{"$i":"fxa-connecting","$v":"Connecting"},{"$i":"fxa-enter-email-input","placeholder":"Enter your email"},{"$i":"fxa-use-email-to-sign-in","$v":"Use your email address to create an account or sign in."},{"$i":"fxa-notice","$v":["By proceeding, I agree to the ",{"t":"idOrVar","v":"tos"}," and ",{"t":"idOrVar","v":"pn"}," of Firefox cloud services."]},{"$i":"fxa-tos","$v":"Terms of Service"},{"$i":"fxa-pn","$v":"Privacy Notice"},{"$i":"fxa-create-password-title","$v":"Create a Password"},{"$i":"fxa-enter-password-title","$v":"Enter Your Password"},{"$i":"fxa-hello-user","$v":["Hello, ",{"t":"idOrVar","v":"email"}]},{"$i":"fxa-password-refresh","$v":"Please enter your Firefox Account password to continue."},{"$i":"fxa-password","placeholder":"Password"},{"$i":"fxa-forgot-your-password","$v":"Forgot your password?"},{"$i":"fxa-show-password","$v":"Show password"},{"$i":"fxa-password-length-requirement","$v":"Your password must be at least 8 characters long."},{"$i":"fxa-success","$v":"Success!"},{"$i":"fxa-ready-to-go","$v":"Your Firefox Account is ready to go! "},{"$i":"fxa-use-features","$v":"Now you can use features like Find My Device and apps like the Firefox Marketplace."},{"$i":"fxa-access-manage-account-settings","$v":"In the future, you can access and manage your account from Settings."},{"$i":"fxa-confirm-account","$v":"Confirm Your Account"},{"$i":"fxa-will-send-email","$v":["We will send an email to: ",{"t":"idOrVar","v":"email"}]},{"$i":"fxa-signup-click-verification-link-in-email","$v":"Next time you check your email, click the verification link to confirm your Firefox Account."},{"$i":"fxa-age-verification","$v":"Age Verification"},{"$i":"fxa-age-earlier","$v":[{"t":"idOrVar","v":"year"}," or earlier"]},{"$i":"fxa-year-of-birth","$v":"Year of Birth"},{"$i":"network-error-in-app","$v":"No access to the Internet right now."},{"$i":"network-error-launching","$v":[{"t":"idOrVar","v":"name"}," requires an Internet connection."]},{"$i":"server-not-found","$v":"Server not found"},{"$i":"server-not-found-error","$v":["Can’t find the server at ",{"t":"idOrVar","v":"name"},"."]},{"$i":"file-not-found","$v":"File not found"},{"$i":"file-not-found-error","$v":"The device can’t display this page because the file cannot be found."},{"$i":"connection-failed","$v":"Unable to connect"},{"$i":"connection-failed-error","$v":"A network error occurred while trying to reach the site."},{"$i":"invalid-connection","$v":"Unable to connect"},{"$i":"invalid-connection-error","$v":"A network error occurred while trying to reach the site."},{"$i":"malformed-uri","$v":"URL not valid"},{"$i":"malformed-uri-error","$v":"The URL entered is not valid and cannot be loaded."},{"$i":"redirect-loop","$v":"Can’t display page"},{"$i":"redirect-loop-error","$v":"The device can’t display this page because the page is not redirecting properly. Try this page again at a later time."},{"$i":"not-cached","$v":"Page expired"},{"$i":"not-cached-error","$v":"As a security precaution, this page cannot be displayed by the device because it has expired."},{"$i":"is-printing-error","$v":"The document cannot change while Printing or in Print Preview."},{"$i":"denied-port-access","$v":"This address is restricted"},{"$i":"denied-port-access-error","$v":"This address uses a network port which is normally used for purposes other than Web browsing. The device has cancelled the request for your protection."},{"$i":"proxy-resolve-failure","$v":"Proxy Server Error"},{"$i":"proxy-resolve-failure-error","$v":"The device is configured to use a proxy server that can’t be found."},{"$i":"proxy-connect-failure","$v":"Proxy Server Error"},{"$i":"proxy-connect-failure-error","$v":"The device is configured to use a proxy server that is refusing connections."},{"$i":"content-encoding","$v":"Can’t display page"},{"$i":"content-encoding-error","$v":"The device can’t display this page because a content encoding error occurred."},{"$i":"remote-xul","$v":"Page unsupported"},{"$i":"remote-xul-error","$v":"This page can’t be displayed because it uses a technology that is not supported on the device."},{"$i":"phishing-blocked","$v":"Warning"},{"$i":"phishing-blocked-error","$v":"The website has been reported as a web forgery designed to trick users into sharing personal or financial information."},{"$i":"malware-blocked","$v":"Malware attack blocked"},{"$i":"malware-blocked-error","$v":"The site at has been reported as an attack site and has been blocked."},{"$i":"unsafe-content-type","$v":"Unsafe content"},{"$i":"unsafe-content-type-error","$v":"The page cannot be shown because it may not be safe to open."},{"$i":"corrupted-content","$v":"Can’t display page"},{"$i":"corrupted-content-error","$v":"The page cannot be shown because an error in the data transmission was detected."},{"$i":"try-again","$v":"Try again"},{"$i":"check-settings","$v":"Check settings"},{"$i":"resend","$v":"Resend"},{"$i":"connecting","$v":"Connecting"},{"$i":"verify","$v":"Verify"},{"$i":"verifying","$v":"Verifying"},{"$i":"verified","$v":"Verified"},{"$i":"mobileIDExplanation","$v":[{"t":"idOrVar","v":"app_name"}," would like to know and verify your phone number. Please choose which one you want to share or enter a new one."]},{"$i":"verificationCodeExplanation","$v":["We’ve sent a code to ",{"t":"idOrVar","v":"phone_number"},". We’ll try to pick it up automatically, but you’ll have to enter it manually if it’s not in use in this device."]},{"$i":"successMessage","$v":["Awesome! Your number ",{"t":"idOrVar","v":"phone_number"}," is now verified and available to ",{"t":"idOrVar","v":"app_name"},"."]},{"$i":"serverErrorMessage","$v":"The verification server is unavailable at this time. Please check your Internet connection, try again or wait a few minutes."},{"$i":"timeoutErrorMessage","$v":"There seems to be a problem with your verification code. Let's try once again!"},{"$i":"errorTitle","$v":"Mobile identity"},{"$i":"addPhoneNumber","$v":"Or add your phone number"},{"$i":"selectPhoneNumber","$v":"Or select a phone number from the list"},{"$i":"accessibility-enableScreenReaderSteps","$v":"To enable screen reader, press volume up then volume down buttons three more times"},{"$i":"accessibility-disableScreenReaderSteps","$v":"To disable screen reader, press volume up then volume down buttons three more times"},{"$i":"accessibility-screenReaderStarted","$v":"Screen reader started"},{"$i":"accessibility-screenReaderStopped","$v":"Screen reader stopped"},{"$i":"accessibility-menubar","$v":"menu bar"},{"$i":"accessibility-scrollbar","$v":"scroll bar"},{"$i":"accessibility-grip","$v":"grip"},{"$i":"accessibility-alert","$v":"alert"},{"$i":"accessibility-menupopup","$v":"menu popup"},{"$i":"accessibility-document","$v":"document"},{"$i":"accessibility-pane","$v":"pane"},{"$i":"accessibility-dialog","$v":"dialog"},{"$i":"accessibility-separator","$v":"separator"},{"$i":"accessibility-toolbar","$v":"toolbar"},{"$i":"accessibility-statusbar","$v":"status bar"},{"$i":"accessibility-table","$v":"table"},{"$i":"accessibility-columnheader","$v":"column header"},{"$i":"accessibility-rowheader","$v":"row header"},{"$i":"accessibility-column","$v":"column"},{"$i":"accessibility-row","$v":"row"},{"$i":"accessibility-cell","$v":"cell"},{"$i":"accessibility-link","$v":"link"},{"$i":"accessibility-list","$v":"list"},{"$i":"accessibility-listitem","$v":"list item"},{"$i":"accessibility-outline","$v":"outline"},{"$i":"accessibility-outlineitem","$v":"outline item"},{"$i":"accessibility-pagetab","$v":"tab"},{"$i":"accessibility-propertypage","$v":"property page"},{"$i":"accessibility-graphic","$v":"graphic"},{"$i":"accessibility-pushbutton","$v":"button"},{"$i":"accessibility-checkbutton","$v":"check button"},{"$i":"accessibility-radiobutton","$v":"radio button"},{"$i":"accessibility-combobox","$v":"combo box"},{"$i":"accessibility-progressbar","$v":"progress bar"},{"$i":"accessibility-slider","$v":"slider"},{"$i":"accessibility-spinbutton","$v":"spin button"},{"$i":"accessibility-diagram","$v":"diagram"},{"$i":"accessibility-animation","$v":"animation"},{"$i":"accessibility-equation","$v":"equation"},{"$i":"accessibility-buttonmenu","$v":"button menu"},{"$i":"accessibility-whitespace","$v":"white space"},{"$i":"accessibility-pagetablist","$v":"tab list"},{"$i":"accessibility-canvas","$v":"canvas"},{"$i":"accessibility-checkmenuitem","$v":"check menu item"},{"$i":"accessibility-label","$v":"label"},{"$i":"accessibility-passwordtext","$v":"password text"},{"$i":"accessibility-radiomenuitem","$v":"radio menu item"},{"$i":"accessibility-textcontainer","$v":"text container"},{"$i":"accessibility-togglebutton","$v":"toggle button"},{"$i":"accessibility-treetable","$v":"tree table"},{"$i":"accessibility-header","$v":"header"},{"$i":"accessibility-footer","$v":"footer"},{"$i":"accessibility-paragraph","$v":"paragraph"},{"$i":"accessibility-entry","$v":"entry"},{"$i":"accessibility-caption","$v":"caption"},{"$i":"accessibility-heading","$v":"heading"},{"$i":"accessibility-section","$v":"section"},{"$i":"accessibility-form","$v":"form"},{"$i":"accessibility-comboboxlist","$v":"combo box list"},{"$i":"accessibility-comboboxoption","$v":"combo box option"},{"$i":"accessibility-imagemap","$v":"image map"},{"$i":"accessibility-listboxoption","$v":"option"},{"$i":"accessibility-listbox","$v":"list box"},{"$i":"accessibility-flatequation","$v":"flat equation"},{"$i":"accessibility-gridcell","$v":"gridcell"},{"$i":"accessibility-note","$v":"note"},{"$i":"accessibility-figure","$v":"figure"},{"$i":"accessibility-definitionlist","$v":"definition list"},{"$i":"accessibility-term","$v":"term"},{"$i":"accessibility-definition","$v":"definition"},{"$i":"accessibility-textarea","$v":"text area"},{"$i":"accessibility-textInputType_date","$v":"date"},{"$i":"accessibility-textInputType_email","$v":"e-mail"},{"$i":"accessibility-textInputType_search","$v":"search"},{"$i":"accessibility-textInputType_tel","$v":"telephone"},{"$i":"accessibility-textInputType_url","$v":"URL"},{"$i":"accessibility-headingLevel","$v":["heading level ",{"t":"idOrVar","v":"0"}]},{"$i":"accessibility-listStart","$v":"First item"},{"$i":"accessibility-listEnd","$v":"Last item"},{"$i":"accessibility-listItemsCount","$v":{"zero":[{"t":"idOrVar","v":"count"}," items"],"one":[{"t":"idOrVar","v":"count"}," item"],"two":[{"t":"idOrVar","v":"count"}," items"],"few":[{"t":"idOrVar","v":"count"}," items"],"many":[{"t":"idOrVar","v":"count"}," items"],"other":[{"t":"idOrVar","v":"count"}," items"]},"$x":[{"t":"idOrVar","v":"plural"},"count"]},{"$i":"accessibility-objItemOfN","$v":[{"t":"idOrVar","v":"0"}," of ",{"t":"idOrVar","v":"1"}]},{"$i":"accessibility-banner","$v":"banner"},{"$i":"accessibility-complementary","$v":"complementary"},{"$i":"accessibility-contentinfo","$v":"content info"},{"$i":"accessibility-main","$v":"main"},{"$i":"accessibility-navigation","$v":"navigation"},{"$i":"accessibility-search","$v":"search"},{"$i":"accessibility-tblColumnInfo","$v":{"zero":["with ",{"t":"idOrVar","v":"count"}," columns"],"one":["with ",{"t":"idOrVar","v":"count"}," column"],"two":["with ",{"t":"idOrVar","v":"count"}," columns"],"few":["with ",{"t":"idOrVar","v":"count"}," columns"],"many":["with ",{"t":"idOrVar","v":"count"}," columns"],"other":["with ",{"t":"idOrVar","v":"count"}," columns"]},"$x":[{"t":"idOrVar","v":"plural"},"count"]},{"$i":"accessibility-tblRowInfo","$v":{"zero":["and ",{"t":"idOrVar","v":"count"}," rows"],"one":["and ",{"t":"idOrVar","v":"count"}," row"],"two":["and ",{"t":"idOrVar","v":"count"}," rows"],"few":["and ",{"t":"idOrVar","v":"count"}," rows"],"many":["and ",{"t":"idOrVar","v":"count"}," rows"],"other":["and ",{"t":"idOrVar","v":"count"}," rows"]},"$x":[{"t":"idOrVar","v":"plural"},"count"]},{"$i":"accessibility-columnInfo","$v":["Column ",{"t":"idOrVar","v":"0"}]},{"$i":"accessibility-rowInfo","$v":["Row ",{"t":"idOrVar","v":"0"}]},{"$i":"accessibility-spansColumns","$v":{"zero":["spans ",{"t":"idOrVar","v":"0"}," columns"],"one":["spans ",{"t":"idOrVar","v":"0"}," column"],"two":["spans ",{"t":"idOrVar","v":"0"}," columns"],"few":["spans ",{"t":"idOrVar","v":"0"}," columns"],"many":["spans ",{"t":"idOrVar","v":"0"}," columns"],"other":["spans ",{"t":"idOrVar","v":"0"}," columns"]},"$x":[{"t":"idOrVar","v":"plural"},"0"]},{"$i":"accessibility-spansRows","$v":{"zero":["spans ",{"t":"idOrVar","v":"0"}," rows"],"one":["spans ",{"t":"idOrVar","v":"0"}," row"],"two":["spans ",{"t":"idOrVar","v":"0"}," rows"],"few":["spans ",{"t":"idOrVar","v":"0"}," rows"],"many":["spans ",{"t":"idOrVar","v":"0"}," rows"],"other":["spans ",{"t":"idOrVar","v":"0"}," rows"]},"$x":[{"t":"idOrVar","v":"plural"},"0"]},{"$i":"accessibility-jumpAction","$v":"jumped"},{"$i":"accessibility-pressAction","$v":"pressed"},{"$i":"accessibility-checkAction","$v":"checked"},{"$i":"accessibility-uncheckAction","$v":"unchecked"},{"$i":"accessibility-selectAction","$v":"selected"},{"$i":"accessibility-unselectAction","$v":"unselected"},{"$i":"accessibility-openAction","$v":"opened"},{"$i":"accessibility-closeAction","$v":"closed"},{"$i":"accessibility-switchAction","$v":"switched"},{"$i":"accessibility-clickAction","$v":"clicked"},{"$i":"accessibility-collapseAction","$v":"collapsed"},{"$i":"accessibility-expandAction","$v":"expanded"},{"$i":"accessibility-activateAction","$v":"activated"},{"$i":"accessibility-cycleAction","$v":"cycled"},{"$i":"accessibility-hidden","$v":"hidden"},{"$i":"accessibility-tabLoading","$v":"loading"},{"$i":"accessibility-tabLoaded","$v":"loaded"},{"$i":"accessibility-tabNew","$v":"new tab"},{"$i":"accessibility-tabLoadStopped","$v":"loading stopped"},{"$i":"accessibility-tabReload","$v":"reloading"},{"$i":"accessibility-stateChecked","$v":"checked"},{"$i":"accessibility-stateNotChecked","$v":"not checked"},{"$i":"accessibility-statePressed","$v":"pressed"},{"$i":"accessibility-stateExpanded","$v":"expanded"},{"$i":"accessibility-stateCollapsed","$v":"collapsed"},{"$i":"accessibility-stateUnavailable","$v":"unavailable"},{"$i":"accessibility-stateRequired","$v":"required"},{"$i":"accessibility-stateTraversed","$v":"visited"},{"$i":"accessibility-stateHasPopup","$v":"has pop up"},{"$i":"accessibility-stateSelected","$v":"selected"},{"$i":"accessibility-editingMode","$v":"editing"},{"$i":"accessibility-navigationMode","$v":"navigating"},{"$i":"accessibility-quicknav_Simple","$v":"Default"},{"$i":"accessibility-quicknav_Anchor","$v":"Anchors"},{"$i":"accessibility-quicknav_Button","$v":"Buttons"},{"$i":"accessibility-quicknav_Combobox","$v":"Combo boxes"},{"$i":"accessibility-quicknav_Landmark","$v":"Landmarks"},{"$i":"accessibility-quicknav_Entry","$v":"Entries"},{"$i":"accessibility-quicknav_FormElement","$v":"Form elements"},{"$i":"accessibility-quicknav_Graphic","$v":"Images"},{"$i":"accessibility-quicknav_Heading","$v":"Headings"},{"$i":"accessibility-quicknav_ListItem","$v":"List items"},{"$i":"accessibility-quicknav_Link","$v":"Links"},{"$i":"accessibility-quicknav_List","$v":"Lists"},{"$i":"accessibility-quicknav_PageTab","$v":"Page tabs"},{"$i":"accessibility-quicknav_RadioButton","$v":"Radio buttons"},{"$i":"accessibility-quicknav_Separator","$v":"Separators"},{"$i":"accessibility-quicknav_Table","$v":"Tables"},{"$i":"accessibility-quicknav_Checkbox","$v":"Check boxes"},{"$i":"accessibility-menubarAbbr","$v":"menu bar"},{"$i":"accessibility-scrollbarAbbr","$v":"scroll bar"},{"$i":"accessibility-gripAbbr","$v":"grip"},{"$i":"accessibility-alertAbbr","$v":"alert"},{"$i":"accessibility-menupopupAbbr","$v":"menu popup"},{"$i":"accessibility-documentAbbr","$v":"document"},{"$i":"accessibility-paneAbbr","$v":"pane"},{"$i":"accessibility-dialogAbbr","$v":"dialog"},{"$i":"accessibility-separatorAbbr","$v":"separator"},{"$i":"accessibility-toolbarAbbr","$v":"toolbar"},{"$i":"accessibility-statusbarAbbr","$v":"status bar"},{"$i":"accessibility-tableAbbr","$v":"tbl"},{"$i":"accessibility-columnheaderAbbr","$v":"column header"},{"$i":"accessibility-rowheaderAbbr","$v":"row header"},{"$i":"accessibility-columnAbbr","$v":"column"},{"$i":"accessibility-rowAbbr","$v":"row"},{"$i":"accessibility-cellAbbr","$v":"cell"},{"$i":"accessibility-linkAbbr","$v":"lnk"},{"$i":"accessibility-listAbbr","$v":"list"},{"$i":"accessibility-listitemAbbr","$v":"list item"},{"$i":"accessibility-outlineAbbr","$v":"outline"},{"$i":"accessibility-outlineitemAbbr","$v":"outline item"},{"$i":"accessibility-pagetabAbbr","$v":"tab"},{"$i":"accessibility-propertypageAbbr","$v":"property page"},{"$i":"accessibility-graphicAbbr","$v":"graphic"},{"$i":"accessibility-pushbuttonAbbr","$v":"btn"},{"$i":"accessibility-checkbuttonAbbr","$v":"check button"},{"$i":"accessibility-radiobuttonAbbr","$v":"radio button"},{"$i":"accessibility-comboboxAbbr","$v":"combo box"},{"$i":"accessibility-progressbarAbbr","$v":"progress bar"},{"$i":"accessibility-sliderAbbr","$v":"slider"},{"$i":"accessibility-spinbuttonAbbr","$v":"spin button"},{"$i":"accessibility-diagramAbbr","$v":"diagram"},{"$i":"accessibility-animationAbbr","$v":"animation"},{"$i":"accessibility-equationAbbr","$v":"equation"},{"$i":"accessibility-buttonmenuAbbr","$v":"button menu"},{"$i":"accessibility-whitespaceAbbr","$v":"white space"},{"$i":"accessibility-pagetablistAbbr","$v":"tab list"},{"$i":"accessibility-canvasAbbr","$v":"canvas"},{"$i":"accessibility-checkmenuitemAbbr","$v":"check menu item"},{"$i":"accessibility-labelAbbr","$v":"label"},{"$i":"accessibility-passwordtextAbbr","$v":"passwdtxt"},{"$i":"accessibility-radiomenuitemAbbr","$v":"radio menu item"},{"$i":"accessibility-textcontainerAbbr","$v":"text container"},{"$i":"accessibility-togglebuttonAbbr","$v":"toggle button"},{"$i":"accessibility-treetableAbbr","$v":"tree table"},{"$i":"accessibility-headerAbbr","$v":"header"},{"$i":"accessibility-footerAbbr","$v":"footer"},{"$i":"accessibility-paragraphAbbr","$v":"paragraph"},{"$i":"accessibility-entryAbbr","$v":"entry"},{"$i":"accessibility-captionAbbr","$v":"caption"},{"$i":"accessibility-headingAbbr","$v":"heading"},{"$i":"accessibility-sectionAbbr","$v":"section"},{"$i":"accessibility-formAbbr","$v":"form"},{"$i":"accessibility-comboboxlistAbbr","$v":"combo box list"},{"$i":"accessibility-comboboxoptionAbbr","$v":"combo box option"},{"$i":"accessibility-imagemapAbbr","$v":"imgmap"},{"$i":"accessibility-listboxoptionAbbr","$v":"option"},{"$i":"accessibility-listboxAbbr","$v":"list box"},{"$i":"accessibility-flatequationAbbr","$v":"flat equation"},{"$i":"accessibility-gridcellAbbr","$v":"gridcell"},{"$i":"accessibility-noteAbbr","$v":"note"},{"$i":"accessibility-figureAbbr","$v":"fig"},{"$i":"accessibility-definitionlistAbbr","$v":"definition list"},{"$i":"accessibility-termAbbr","$v":"term"},{"$i":"accessibility-definitionAbbr","$v":"definition"},{"$i":"accessibility-textareaAbbr","$v":"txtarea"},{"$i":"accessibility-tblColumnInfoAbbr","$v":{"one":[{"t":"idOrVar","v":"count"},"c"],"two":[{"t":"idOrVar","v":"count"},"c"],"few":[{"t":"idOrVar","v":"count"},"c"],"many":[{"t":"idOrVar","v":"count"},"c"],"other":[{"t":"idOrVar","v":"count"},"c"]},"$x":[{"t":"idOrVar","v":"plural"},"count"]},{"$i":"accessibility-tblRowInfoAbbr","$v":{"one":[{"t":"idOrVar","v":"count"},"r"],"two":[{"t":"idOrVar","v":"count"},"r"],"few":[{"t":"idOrVar","v":"count"},"r"],"many":[{"t":"idOrVar","v":"count"},"r"],"other":[{"t":"idOrVar","v":"count"},"r"]},"$x":[{"t":"idOrVar","v":"plural"},"count"]},{"$i":"accessibility-cellInfoAbbr","$v":["c",{"t":"idOrVar","v":"0"},"r",{"t":"idOrVar","v":"1"}]},{"$i":"accessibility-stateCheckedAbbr","$v":"(x)"},{"$i":"accessibility-stateUncheckedAbbr","$v":"( )"},{"$i":"accessibility-statePressedAbbr","$v":"(x)"},{"$i":"accessibility-stateUnpressedAbbr","$v":"( )"},{"$i":"weekday-0-long","$v":"Dimanche"},{"$i":"weekday-1-long","$v":"Lundi"},{"$i":"weekday-2-long","$v":"Mardi"},{"$i":"weekday-3-long","$v":"Mercredi"},{"$i":"weekday-4-long","$v":"Jeudi"},{"$i":"weekday-5-long","$v":"Vendredi"},{"$i":"weekday-6-long","$v":"Samedi"},{"$i":"weekday-0-short","$v":"dim"},{"$i":"weekday-1-short","$v":"lun"},{"$i":"weekday-2-short","$v":"mar"},{"$i":"weekday-3-short","$v":"mer"},{"$i":"weekday-4-short","$v":"jeu"},{"$i":"weekday-5-short","$v":"ven"},{"$i":"weekday-6-short","$v":"sam"},{"$i":"month-0-long","$v":"Janvier"},{"$i":"month-1-long","$v":"Février"},{"$i":"month-2-long","$v":"Mars"},{"$i":"month-3-long","$v":"Avril"},{"$i":"month-4-long","$v":"Mai"},{"$i":"month-5-long","$v":"Juin"},{"$i":"month-6-long","$v":"Juillet"},{"$i":"month-7-long","$v":"Août"},{"$i":"month-8-long","$v":"Septembre"},{"$i":"month-9-long","$v":"Octobre"},{"$i":"month-10-long","$v":"Novembre"},{"$i":"month-11-long","$v":"Décembre"},{"$i":"month-0-genitive","$v":"janvier"},{"$i":"month-1-genitive","$v":"février"},{"$i":"month-2-genitive","$v":"mars"},{"$i":"month-3-genitive","$v":"avril"},{"$i":"month-4-genitive","$v":"mai"},{"$i":"month-5-genitive","$v":"juin"},{"$i":"month-6-genitive","$v":"juillet"},{"$i":"month-7-genitive","$v":"août"},{"$i":"month-8-genitive","$v":"septembre"},{"$i":"month-9-genitive","$v":"octobre"},{"$i":"month-10-genitive","$v":"novembre"},{"$i":"month-11-genitive","$v":"décembre"},{"$i":"month-0-short","$v":"jan."},{"$i":"month-1-short","$v":"fév."},{"$i":"month-2-short","$v":"mars"},{"$i":"month-3-short","$v":"avr."},{"$i":"month-4-short","$v":"mai"},{"$i":"month-5-short","$v":"juin"},{"$i":"month-6-short","$v":"juil."},{"$i":"month-7-short","$v":"août"},{"$i":"month-8-short","$v":"sep."},{"$i":"month-9-short","$v":"oct."},{"$i":"month-10-short","$v":"nov."},{"$i":"month-11-short","$v":"déc."},{"$i":"minutes-ago-long","$v":{"zero":"à l’instant","one":["il y a ",{"t":"idOrVar","v":"value"}," minute"],"two":["il y a ",{"t":"idOrVar","v":"value"}," minutes"],"few":["il y a ",{"t":"idOrVar","v":"value"}," minutes"],"many":["il y a ",{"t":"idOrVar","v":"value"}," minutes"],"other":["il y a ",{"t":"idOrVar","v":"value"}," minutes"]},"$x":[{"t":"idOrVar","v":"plural"},"value"]},{"$i":"hours-ago-long","$v":{"zero":"à l’instant","one":["il y a ",{"t":"idOrVar","v":"value"}," heure"],"two":["il y a ",{"t":"idOrVar","v":"value"}," heures"],"few":["il y a ",{"t":"idOrVar","v":"value"}," heures"],"many":["il y a ",{"t":"idOrVar","v":"value"}," heures"],"other":["il y a ",{"t":"idOrVar","v":"value"}," heures"]},"$x":[{"t":"idOrVar","v":"plural"},"value"]},{"$i":"days-ago-long","$v":{"zero":"aujourd’hui","one":"hier","two":["il y a ",{"t":"idOrVar","v":"value"}," jours"],"few":["il y a ",{"t":"idOrVar","v":"value"}," jours"],"many":["il y a ",{"t":"idOrVar","v":"value"}," jours"],"other":["il y a ",{"t":"idOrVar","v":"value"}," jours"]},"$x":[{"t":"idOrVar","v":"plural"},"value"]},{"$i":"weeks-ago-long","$v":{"zero":"cette semaine","one":"la semaine dernière","two":["il y a ",{"t":"idOrVar","v":"value"}," semaines"],"few":["il y a ",{"t":"idOrVar","v":"value"}," semaines"],"many":["il y a ",{"t":"idOrVar","v":"value"}," semaines"],"other":["il y a ",{"t":"idOrVar","v":"value"}," semaines"]},"$x":[{"t":"idOrVar","v":"plural"},"value"]},{"$i":"months-ago-long","$v":{"zero":"ce mois-ci","one":"le mois dernier","two":["il y a ",{"t":"idOrVar","v":"value"}," mois"],"few":["il y a ",{"t":"idOrVar","v":"value"}," mois"],"many":["il y a ",{"t":"idOrVar","v":"value"}," mois"],"other":["il y a ",{"t":"idOrVar","v":"value"}," mois"]},"$x":[{"t":"idOrVar","v":"plural"},"value"]},{"$i":"years-ago-long","$v":{"zero":"cette année","one":"l’année dernière","two":["il y a ",{"t":"idOrVar","v":"value"}," ans"],"few":["il y a ",{"t":"idOrVar","v":"value"}," ans"],"many":["il y a ",{"t":"idOrVar","v":"value"}," ans"],"other":["il y a ",{"t":"idOrVar","v":"value"}," ans"]},"$x":[{"t":"idOrVar","v":"plural"},"value"]},{"$i":"minutes-until-long","$v":{"zero":"maintenant","one":["dans ",{"t":"idOrVar","v":"value"}," minute"],"two":["dans ",{"t":"idOrVar","v":"value"}," minutes"],"few":["dans ",{"t":"idOrVar","v":"value"}," minutes"],"many":["dans ",{"t":"idOrVar","v":"value"}," minutes"],"other":["dans ",{"t":"idOrVar","v":"value"}," minutes"]},"$x":[{"t":"idOrVar","v":"plural"},"value"]},{"$i":"hours-until-long","$v":{"zero":"maintenant","one":["dans ",{"t":"idOrVar","v":"value"}," heure"],"two":["dans ",{"t":"idOrVar","v":"value"}," heures"],"few":["dans ",{"t":"idOrVar","v":"value"}," heures"],"many":["dans ",{"t":"idOrVar","v":"value"}," heures"],"other":["dans ",{"t":"idOrVar","v":"value"}," heures"]},"$x":[{"t":"idOrVar","v":"plural"},"value"]},{"$i":"days-until-long","$v":{"zero":"aujourd’hui","one":"demain","two":["dans ",{"t":"idOrVar","v":"value"}," jours"],"few":["dans ",{"t":"idOrVar","v":"value"}," jours"],"many":["dans ",{"t":"idOrVar","v":"value"}," jours"],"other":["dans ",{"t":"idOrVar","v":"value"}," jours"]},"$x":[{"t":"idOrVar","v":"plural"},"value"]},{"$i":"weeks-until-long","$v":{"zero":"cette semaine","one":"la semaine prochaine","two":["dans ",{"t":"idOrVar","v":"value"}," semaines"],"few":["dans ",{"t":"idOrVar","v":"value"}," semaines"],"many":["dans ",{"t":"idOrVar","v":"value"}," semaines"],"other":["dans ",{"t":"idOrVar","v":"value"}," semaines"]},"$x":[{"t":"idOrVar","v":"plural"},"value"]},{"$i":"months-until-long","$v":{"zero":"ce mois-ci","one":"le mois prochain","two":["dans ",{"t":"idOrVar","v":"value"}," mois"],"few":["dans ",{"t":"idOrVar","v":"value"}," mois"],"many":["dans ",{"t":"idOrVar","v":"value"}," mois"],"other":["dans ",{"t":"idOrVar","v":"value"}," mois"]},"$x":[{"t":"idOrVar","v":"plural"},"value"]},{"$i":"years-until-long","$v":{"zero":"cette année","one":"l’année prochaine","two":["dans ",{"t":"idOrVar","v":"value"}," ans"],"few":["dans ",{"t":"idOrVar","v":"value"}," ans"],"many":["dans ",{"t":"idOrVar","v":"value"}," ans"],"other":["dans ",{"t":"idOrVar","v":"value"}," ans"]},"$x":[{"t":"idOrVar","v":"plural"},"value"]},{"$i":"minutes-ago-short","$v":{"zero":"à l’instant","other":["il y a ",{"t":"idOrVar","v":"value"}," min"]},"$x":[{"t":"idOrVar","v":"plural"},"value"]},{"$i":"hours-ago-short","$v":{"zero":"à l’instant","other":["il y a ",{"t":"idOrVar","v":"value"},"h"]},"$x":[{"t":"idOrVar","v":"plural"},"value"]},{"$i":"days-ago-short","$v":{"zero":"aujourd’hui","other":["il y a ",{"t":"idOrVar","v":"value"},"j"]},"$x":[{"t":"idOrVar","v":"plural"},"value"]},{"$i":"minutes-until-short","$v":{"zero":"maintenant","other":["dans ",{"t":"idOrVar","v":"value"},"m"]},"$x":[{"t":"idOrVar","v":"plural"},"value"]},{"$i":"hours-until-short","$v":{"zero":"maintenant","other":["dans ",{"t":"idOrVar","v":"value"},"h"]},"$x":[{"t":"idOrVar","v":"plural"},"value"]},{"$i":"days-until-short","$v":{"zero":"aujourd’hui","other":["dans ",{"t":"idOrVar","v":"value"},"j"]},"$x":[{"t":"idOrVar","v":"plural"},"value"]},{"$i":"incorrectDate","$v":"(date incorrecte)"},{"$i":"dateTimeFormat_%c","$v":"%a %e %b %Y %H:%M:%S"},{"$i":"dateTimeFormat_%x","$v":"%d/%m/%Y"},{"$i":"dateTimeFormat_%X","$v":"%H:%M:%S"},{"$i":"shortTimeFormat","$v":"%H:%M"},{"$i":"shortTimeFormat12","$v":"%I:%M %p"},{"$i":"shortTimeFormat24","$v":"%H:%M"},{"$i":"shortDateTimeFormat","$v":"%x %H:%M"},{"$i":"weekStartsOnMonday","$v":"1"},{"$i":"time_am","$v":"AM"},{"$i":"time_pm","$v":"PM"},{"$i":"title-app","$v":"App Permission"},{"$i":"title-web","$v":"Website Permission"},{"$i":"title-cam","$v":"Select Camera"},{"$i":"perm-alarms","$v":"Schedule Alarms"},{"$i":"perm-audio-capture","$v":"Microphone"},{"$i":"perm-audio-capture-appRequest","$v":["Voulez-vous partager votre microphone avec l’application ",{"t":"idOrVar","v":"app"}," ?"]},{"$i":"perm-audio-capture-webRequest","$v":["Voulez-vous partager votre microphone avec ",{"t":"idOrVar","v":"site"}," ?"]},{"$i":"perm-audio-channel-content","$v":"Play Sounds"},{"$i":"perm-audio-channel-notification","$v":"Play Notification Sounds"},{"$i":"perm-audio-channel-ringer","$v":"Play Ringtone Sounds"},{"$i":"perm-background-sensors","$v":"Access Sensor Data"},{"$i":"perm-bluetooth","$v":"Bluetooth"},{"$i":"perm-browser","$v":"Inspect Web Pages"},{"$i":"perm-camera","$v":"Cameras"},{"$i":"perm-camera-selector-appRequest","$v":["Select a camera for ",{"t":"idOrVar","v":"app"},"."]},{"$i":"perm-camera-selector-webRequest","$v":["Select a camera for ",{"t":"idOrVar","v":"site"},"."]},{"$i":"perm-cellbroadcast","$v":"Cell Broadcasts"},{"$i":"perm-contacts","$v":"Contacts"},{"$i":"perm-contacts-appRequest","$v":["L’application ",{"t":"idOrVar","v":"app"}," souhaite accéder à votre liste de contacts."]},{"$i":"perm-contacts-webRequest","$v":[{"t":"idOrVar","v":"site"}," souhaite accéder à votre liste de contacts."]},{"$i":"perm-desktop-notification","$v":"Notifications"},{"$i":"perm-desktop-notification-appRequest","$v":["L’application ",{"t":"idOrVar","v":"app"}," souhaite afficher des notifications."]},{"$i":"perm-desktop-notification-webRequest","$v":[{"t":"idOrVar","v":"site"}," souhaite afficher des notifications."]},{"$i":"perm-device-storage-apps","$v":"Apps Storage"},{"$i":"perm-device-storage-music","$v":"Stockage musique"},{"$i":"perm-device-storage-music-appRequest","$v":["L’application ",{"t":"idOrVar","v":"app"}," souhaite accéder à votre musique."]},{"$i":"perm-device-storage-music-webRequest","$v":[{"t":"idOrVar","v":"site"}," souhaite accéder à votre musique."]},{"$i":"perm-device-storage-pictures","$v":"Stockage images"},{"$i":"perm-device-storage-pictures-appRequest","$v":["L’application ",{"t":"idOrVar","v":"app"}," souhaite accéder à vos images."]},{"$i":"perm-device-storage-pictures-webRequest","$v":[{"t":"idOrVar","v":"site"}," souhaite accéder à vos images."]},{"$i":"perm-device-storage-sdcard","$v":"Stockage carte mémoire"},{"$i":"perm-device-storage-sdcard-appRequest","$v":["L’application ",{"t":"idOrVar","v":"app"}," souhaite accéder à votre carte mémoire."]},{"$i":"perm-device-storage-sdcard-webRequest","$v":[{"t":"idOrVar","v":"site"}," souhaite accéder à votre carte mémoire."]},{"$i":"perm-device-storage-videos","$v":"Stockage vidéos"},{"$i":"perm-device-storage-videos-appRequest","$v":["L’application ",{"t":"idOrVar","v":"app"}," souhaite accéder à vos vidéos."]},{"$i":"perm-device-storage-videos-webRequest","$v":[{"t":"idOrVar","v":"site"}," souhaite accéder à vos vidéos."]},{"$i":"perm-embed-apps","$v":"Embed Apps"},{"$i":"perm-fmradio","$v":"Radio FM"},{"$i":"perm-fmradio-appRequest","$v":["L’application ",{"t":"idOrVar","v":"app"}," souhaite utiliser la radio FM."]},{"$i":"perm-fmradio-webRequest","$v":[{"t":"idOrVar","v":"site"}," souhaite utiliser la radio FM."]},{"$i":"perm-geolocation","$v":"Géolocalisation"},{"$i":"perm-geolocation-appRequest","$v":["L’application ",{"t":"idOrVar","v":"app"}," souhaite connaître votre position."]},{"$i":"perm-geolocation-more-info","$v":[{"t":"idOrVar","v":"brandShortName"}," utilise les données du GPS, du Wi-Fi et des antennes de téléphonie mobile environnantes pour déterminer approximativement votre position. Les données sont envoyées à Mozilla ainsi qu’à d’autres fournisseurs de services et sont mises en commun afin d’améliorer la précision des positions. Les données peuvent être stockées sur votre appareil et des données peuvent être collectées même lorsqu’aucune application n’est exécutée."]},{"$i":"perm-geolocation-webRequest","$v":[{"t":"idOrVar","v":"site"}," souhaite connaître votre position."]},{"$i":"perm-idle","$v":"See Idle Status"},{"$i":"perm-indexedDB-chrome-settings","$v":"Privileged IndexedDB"},{"$i":"perm-indexedDB-unlimited","$v":"Unlimited IndexedDB Storage"},{"$i":"perm-input-manage","$v":"Manage Keyboards"},{"$i":"perm-input","$v":"Act as a Keyboard"},{"$i":"perm-media-capture","$v":"Caméra et microphone"},{"$i":"perm-media-capture-appRequest","$v":["Voulez-vous partager votre caméra et votre microphone avec l’application ",{"t":"idOrVar","v":"app"}," ?"]},{"$i":"perm-media-capture-webRequest","$v":["Voulez-vous partager votre caméra et votre microphone avec ",{"t":"idOrVar","v":"site"}," ?"]},{"$i":"perm-mobileconnection","$v":"Mobile Connection"},{"$i":"perm-mobileid","$v":"Mobile Identity"},{"$i":"perm-network-events","$v":"Network Events"},{"$i":"perm-open-remote-window","$v":"Start an App"},{"$i":"perm-permissions","$v":"Modify Apps Permissions"},{"$i":"perm-power","$v":"Power Settings"},{"$i":"perm-settings","$v":"Modify Settings"},{"$i":"perm-systemXHR","$v":"Cross-Origin Requests"},{"$i":"perm-telephony","$v":"Telephony"},{"$i":"perm-video-capture","$v":"Caméra"},{"$i":"perm-video-capture-appRequest","$v":["Voulez-vous partager votre caméra avec l’application ",{"t":"idOrVar","v":"app"}," ?"]},{"$i":"perm-video-capture-webRequest","$v":["Voulez-vous partager votre caméra avec ",{"t":"idOrVar","v":"site"}," ?"]},{"$i":"perm-voicemail","$v":"Control Voicemail"},{"$i":"perm-webapps-manage","$v":"Install Webapps"},{"$i":"perm-wifi-manage","$v":"Manage Wi-Fi"},{"$i":"perm-attention","$v":"Open Overlay Popups"},{"$i":"perm-audio-channel-alarm","$v":"Play Alarm Sounds"},{"$i":"perm-audio-channel-normal","$v":"Play Sounds"},{"$i":"perm-audio-channel-publicnotification","$v":"Play public notification sounds"},{"$i":"perm-audio-channel-telephony","$v":"Play Telephony Sounds"},{"$i":"perm-backgroundservice","$v":"Act as a Background Service"},{"$i":"perm-device-storage-crashes","$v":"Crash Data Storage"},{"$i":"perm-downloads","$v":"Access Downloads"},{"$i":"perm-embed-widgets","$v":"Embed Widgets"},{"$i":"perm-feature-detection","$v":"Feature Detection"},{"$i":"perm-firefox-accounts","$v":"Firefox Accounts"},{"$i":"perm-mobilenetwork","$v":"Mobile Network"},{"$i":"perm-moz-attention","$v":"Open Overlay Popups (moz)"},{"$i":"perm-moz-audio-channel-ringer","$v":"Play Ringtone Sounds (moz)"},{"$i":"perm-moz-audio-channel-telephony","$v":"Play Telephony Sounds (moz)"},{"$i":"perm-moz-firefox-accounts","$v":"Firefox Accounts (moz)"},{"$i":"perm-networkstats-manage","$v":"Control Usage Stats"},{"$i":"perm-nfc","$v":"NFC"},{"$i":"perm-nfc-hci-events","$v":"NFC HCI Events"},{"$i":"perm-nfc-manager","$v":"Manage NFC"},{"$i":"perm-phonenumberservice","$v":"Phone Number Service"},{"$i":"perm-push","$v":"Push API"},{"$i":"perm-resourcestats-manage","$v":"Resource Stats"},{"$i":"perm-sms","$v":"Send and Read SMS"},{"$i":"perm-speaker-control","$v":"Control Volume"},{"$i":"perm-storage","$v":"Access Storage"},{"$i":"perm-tcp-socket","$v":"TCP Sockets"},{"$i":"perm-test-permission","$v":"Test Permission"},{"$i":"perm-time","$v":"Set Date and Time"},{"$i":"perm-udp-socket","$v":"UDP Sockets"},{"$i":"perm-wappush","$v":"WAP Push"},{"$i":"stopped_download_title","$v":"Téléchargement arrêté"},{"$i":"stopped_download_message","$v":"Le téléchargement a été arrêté. Voulez-vous relancer le téléchargement ?"},{"$i":"stopped_download_left_button","$v":"Annuler"},{"$i":"stopped_download_right_button","$v":"Relancer"},{"$i":"failed_download_title","$v":"Échec du téléchargement"},{"$i":"failed_download_message","$v":["Le téléchargement de ",{"t":"idOrVar","v":"name"}," a échoué. Voulez-vous relancer le téléchargement ?"]},{"$i":"failed_download_left_button","$v":"Annuler"},{"$i":"failed_download_right_button","$v":"Relancer"},{"$i":"stop_download_title","$v":"Arrêter le téléchargement"},{"$i":"stop_download_message","$v":"Voulez-vous vraiment arrêter le téléchargement ?"},{"$i":"stop_download_left_button","$v":"Non"},{"$i":"stop_download_right_button","$v":"Oui"},{"$i":"delete_download_title","$v":"Suppression"},{"$i":"delete_download_message","$v":["Supprimer ",{"t":"idOrVar","v":"name"}," ?"]},{"$i":"delete_download_left_button","$v":"Annuler"},{"$i":"delete_download_right_button","$v":"Supprimer"},{"$i":"delete_all_download_title","$v":"Suppression"},{"$i":"delete_all_download_left_button","$v":"Annuler"},{"$i":"delete_all_download_right_button","$v":"Supprimer"},{"$i":"delete_all_download_message","$v":{"zero":"Ne supprimer aucun fichier ?","one":"Supprimer le fichier ?","two":["Supprimer ",{"t":"idOrVar","v":"number"}," fichiers ?"],"few":["Supprimer ",{"t":"idOrVar","v":"number"}," fichiers ?"],"many":["Supprimer ",{"t":"idOrVar","v":"number"}," fichiers ?"],"other":["Supprimer ",{"t":"idOrVar","v":"number"}," fichiers ?"]},"$x":[{"t":"idOrVar","v":"plural"},"number"]},{"$i":"unsupported_file_type_download_title","$v":"Ouverture impossible"},{"$i":"unsupported_file_type_download_message","$v":["Aucune application n’est capable d’ouvrir ",{"t":"idOrVar","v":"name"},". Voulez-vous enregistrer le fichier ou le supprimer ?"]},{"$i":"unsupported_file_type_download_left_button","$v":"Conserver"},{"$i":"unsupported_file_type_download_right_button","$v":"Supprimer"},{"$i":"file_not_found_download_title","$v":"Fichier introuvable"},{"$i":"file_not_found_download_message","$v":"Le fichier est introuvable sur l’appareil"},{"$i":"file_not_found_download_right_button","$v":"OK"},{"$i":"unmounted_sdcard_2_download_title","$v":"Carte mémoire utilisée"},{"$i":"unmounted_sdcard_2_download_message","$v":"Veuillez débrancher le téléphone"},{"$i":"unmounted_sdcard_2_download_right_button","$v":"OK"},{"$i":"no_provider_download_title","$v":"Partage impossible"},{"$i":"no_provider_download_message","$v":"Aucun service disponible"},{"$i":"no_provider_download_right_button","$v":"OK"},{"$i":"no_memory_download_title","$v":"Carte SD pleine"},{"$i":"no_memory_download_message","$v":"Il n’y a plus assez de place sur votre carte SD pour enregistrer votre téléchargement. Veuillez supprimer quelques fichiers avant de relancer le téléchargement."},{"$i":"no_memory_download_right_button","$v":"OK"},{"$i":"no_sdcard_found_2_download_title","$v":"Aucune carte mémoire détectée"},{"$i":"no_sdcard_found_2_download_message","$v":"Insérez une carte mémoire ou sélectionnez dans les paramètres un autre emplacement par défaut pour les médias"},{"$i":"no_sdcard_found_2_download_right_button","$v":"OK"},{"$i":"file_open_error_download_title","$v":"Ouverture impossible"},{"$i":"file_open_error_download_message","$v":["Un problème est survenu lors de l’ouverture de ",{"t":"idOrVar","v":"name"},". Voulez-vous conserver le fichier ou le supprimer ?"]},{"$i":"file_open_error_download_left_button","$v":"Conserver"},{"$i":"file_open_error_download_right_button","$v":"Supprimer"},{"$i":"restart_download_error","$v":"Une erreur s’est produite lors de la reprise du téléchargement. Veuillez relancer le téléchargement."},{"$i":"no-downloads","$v":"Aucun téléchargement"},{"$i":"percentage","$v":[{"t":"idOrVar","v":"percentage"}," %"]},{"$i":"partialResult","$v":[{"t":"idOrVar","v":"partial"}," sur ",{"t":"idOrVar","v":"total"}]},{"$i":"summary","$v":[{"t":"idOrVar","v":"date"}," - ",{"t":"idOrVar","v":"status"}]},{"$i":"download-stopped","$v":"Arrêté"},{"$i":"download-failed","$v":"Le téléchargement a échoué"},{"$i":"open_downloaded_file","$v":"Ouvrir"},{"$i":"share_downloaded_file","$v":"Partager"},{"$i":"wallpaper_downloaded_file","$v":"Définir comme fond d’écran"},{"$i":"ringtone_downloaded_file","$v":"Définir comme sonnerie"},{"$i":"cancel_downloaded_file","$v":"Annuler"},{"$i":"voicemailNoNumberTitle","$v":"Le numéro de la messagerie vocale est indisponible"},{"$i":"voicemailNoNumberText","$v":"Impossible d’appeler la messagerie vocale. Veuillez renseigner le numéro de la messagerie afin de passer l’appel."},{"$i":"voicemailNoNumberSettings","$v":"Paramètres"},{"$i":"voicemailNoNumberCancel","$v":"Annuler"},{"$i":"airplaneMode","$v":"Mode avion"},{"$i":"searching","$v":"Recherche…"},{"$i":"noNetwork","$v":"Pas de réseau"},{"$i":"roaming","$v":[{"t":"idOrVar","v":"operator"}," (itinérance)"]},{"$i":"operator-info","$v":[{"t":"idOrVar","v":"carrier"}," ",{"t":"idOrVar","v":"region"}]},{"$i":"emergencyCallsOnly","$v":"Appels d’urgence uniquement"},{"$i":"emergencyCallsOnly-unknownSIMState","$v":"(état SIM inconnu)"},{"$i":"emergencyCallsOnly-noSIM","$v":"(aucune carte SIM)"},{"$i":"emergencyCallsOnly-pinRequired","$v":"(code PIN requis)"},{"$i":"emergencyCallsOnly-pukRequired","$v":"(code PUK requis)"},{"$i":"emergencyCallsOnly-networkLocked","$v":"(verrouillage réseau)"},{"$i":"emergencyCallsOnly-serviceProviderLocked","$v":"(verrouillage opérateur)"},{"$i":"emergencyCallsOnly-corporateLocked","$v":"(verrouillage entreprise)"},{"$i":"emergencyCallsOnly-network1Locked","$v":"(network1 locked)"},{"$i":"emergencyCallsOnly-network2Locked","$v":"(network2 locked)"},{"$i":"emergencyCallsOnly-hrpdNetworkLocked","$v":"(hrpd network locked)"},{"$i":"emergencyCallsOnly-ruimCorporateLocked","$v":"(ruim corporate locked)"},{"$i":"emergencyCallsOnly-ruimServiceProviderLocked","$v":"(ruim service provider locked)"},{"$i":"lockscreen-sim-id","$v":["SIM ",{"t":"idOrVar","v":"n"}]},{"$i":"gaia-menu-cancel","$v":"Annuler"}]