[{"$i":"brandShortName","$v":"Firefox OS"},{"$i":"browserBrandShortName","$v":"Firefox"},{"$i":"browserBrandFullName","$v":"Mozilla Firefox"},{"$i":"ringtoneBrandName","$v":"Firefox"},{"$i":"ringtoneSectionBrandName","$v":"Firefox"},{"$i":"ok","$v":"確定"},{"$i":"back","$v":"上一頁"},{"$i":"help","$v":"說明"},{"$i":"cancel","$v":"取消"},{"$i":"close","$v":"關閉"},{"$i":"skip","$v":"略過"},{"$i":"clear","ariaLabel":"Clear"},{"$i":"enable","$v":"Enable"},{"$i":"turnOn","$v":"Turn On"},{"$i":"undo","ariaLabel":"Undo"},{"$i":"enterPIN","$v":"輸入 PIN"},{"$i":"mediaPlaybackTrack","ariaLabel":"Track title and artist"},{"$i":"mediaPlaybackControls","ariaLabel":"Playback controls"},{"$i":"mediaPlaybackPrevious","ariaLabel":"Previous"},{"$i":"mediaPlaybackPlay","ariaLabel":"Play"},{"$i":"mediaPlaybackPause","ariaLabel":"Pause"},{"$i":"mediaPlaybackNext","ariaLabel":"Next"},{"$i":"UnknownTrack","$v":"Unknown track"},{"$i":"wifiButton-on","$v":"Wi-Fi on"},{"$i":"wifiButton-on-initializing","$v":"Wi-Fi on, initializing"},{"$i":"wifiButton-off","$v":"Wi-Fi off"},{"$i":"dataButton-on","$v":["Data ",{"t":"idOrVar","v":"type"}," on"]},{"$i":"dataButton-off","$v":["Data ",{"t":"idOrVar","v":"type"}," off"]},{"$i":"bluetoothButton-on","$v":"Bluetooth on"},{"$i":"bluetoothButton-on-initializing","$v":"Bluetooth on, initializing"},{"$i":"bluetoothButton-off","$v":"Bluetooth off"},{"$i":"airplaneMode-on","$v":"Airplane mode on"},{"$i":"airplaneMode-off","$v":"Airplane mode off"},{"$i":"settingsButton","ariaLabel":"Settings"},{"$i":"utilityTray","ariaLabel":"Utility tray"},{"$i":"statusbarLabel","$v":[{"t":"idOrVar","v":"date"},", ",{"t":"idOrVar","v":"operator"}]},{"$i":"statusbarDateFormat","$v":"%b %e 日"},{"$i":"statusbar","ariaLabel":"Status Bar"},{"$i":"statusbarBattery","ariaLabel":["Battery ",{"t":"idOrVar","v":"level"}," percent"]},{"$i":"statusbarBatteryCharging","ariaLabel":["Battery ",{"t":"idOrVar","v":"level"}," percent, charging"]},{"$i":"statusbarFlightMode","ariaLabel":"Airplane mode on"},{"$i":"statusbarWiFiConnecting","$v":"Wi-Fi: connecting"},{"$i":"statusbarWiFiConnected","$v":["Wi-Fi: ",{"t":"idOrVar","v":"level"}," of 4 bars"]},{"$i":"statusbarSignal","$v":[{"t":"idOrVar","v":"operator"}," network, ",{"t":"idOrVar","v":"level"}," of 5 bars"]},{"$i":"statusbarSignalRoaming","$v":[{"t":"idOrVar","v":"operator"}," network (roaming), ",{"t":"idOrVar","v":"level"}," of 5 bars"]},{"$i":"statusbarSignalNoneSearching","$v":"Searching… Emergency calls only"},{"$i":"statusbarHeadphones","ariaLabel":"Headphones on"},{"$i":"statusbarBluetoothHeadphones","ariaLabel":"Bluetooth headphones on"},{"$i":"statusbarBluetoothTransferring","ariaLabel":"Bluetooth transfer active"},{"$i":"statusbarIconOn-tethering","$v":"Tethering on"},{"$i":"statusbarIconOnActive-tethering","$v":"Tethering on, active"},{"$i":"statusbarAlarm","ariaLabel":"Alarm on"},{"$i":"statusbarIconOn-bluetooth","$v":"Bluetooth on"},{"$i":"statusbarIconOnActive-bluetooth","$v":"Bluetooth on, active"},{"$i":"statusbarIconOn-mute","$v":"Mute on"},{"$i":"statusbarIconOn-vibration","$v":"Vibration on"},{"$i":"statusbarRecording","ariaLabel":"Recording on"},{"$i":"statusbarGeolocation","ariaLabel":"Geolocation on"},{"$i":"statusbarUsb","ariaLabel":"USB on"},{"$i":"statusbarForwarding","$v":"Call forwarding on"},{"$i":"statusbarPlaying","ariaLabel":"Media playing"},{"$i":"statusbarNfc","ariaLabel":"NFC on"},{"$i":"statusbarDownloads","ariaLabel":"Downloading…"},{"$i":"statusbarNetworkActivity","ariaLabel":"Networking on"},{"$i":"statusbarEmergencyCBNotification","ariaLabel":"Emergency callback"},{"$i":"statusbarNotifications","$v":{"one":[{"t":"idOrVar","v":"n"}," Notification"],"two":[{"t":"idOrVar","v":"n"}," Notifications"],"few":[{"t":"idOrVar","v":"n"}," Notifications"],"many":[{"t":"idOrVar","v":"n"}," Notifications"],"other":[{"t":"idOrVar","v":"n"}," Notifications"]},"$x":[{"t":"idOrVar","v":"plural"},"n"]},{"$i":"statusbarNotifications-unread","ariaLabel":{"$x":[{"t":"idOrVar","v":"plural"},"n"],"$v":{"one":[{"t":"idOrVar","v":"n"}," unread notification"],"two":[{"t":"idOrVar","v":"n"}," unread notifications"],"few":[{"t":"idOrVar","v":"n"}," unread notifications"],"many":[{"t":"idOrVar","v":"n"}," unread notifications"],"other":[{"t":"idOrVar","v":"n"}," unread notifications"]}}},{"$i":"notifications","$v":"通知"},{"$i":"clear-all","$v":"清除全部"},{"$i":"attentionScreen-tapToShow","$v":"Tap to show"},{"$i":"newVoicemails","$v":{"zero":"沒有新的語音留言","one":"一通新的語音留言","two":[{"t":"idOrVar","v":"n"}," 通新的語音留言"],"few":[{"t":"idOrVar","v":"n"}," 通新的語音留言"],"many":[{"t":"idOrVar","v":"n"}," 通新的語音留言"],"other":[{"t":"idOrVar","v":"n"}," 通新的語音留言"]},"$x":[{"t":"idOrVar","v":"plural"},"n"]},{"$i":"newVoicemailsUnknown","$v":"有新的語音留言"},{"$i":"dialNumber","$v":["撥給 ",{"t":"idOrVar","v":"number"}]},{"$i":"voicemailNotificationMultiSim","$v":["(SIM ",{"t":"idOrVar","v":"n"},") ",{"t":"idOrVar","v":"title"}]},{"$i":"euRoamingNotificationTitle","$v":"EU internet detected"},{"$i":"euRoamingNotificationMsg","$v":"Tap to change."},{"$i":"confirmNFCConnectBTenabledNameUnknown","$v":"Are you sure you want to connect to the device?"},{"$i":"confirmNFCConnectBTdisabledNameUnknown","$v":"Turn on Bluetooth and connect to the device?"},{"$i":"confirmNFCConnectBTenabledNameKnown","$v":["Are you sure you want to connect to ",{"t":"idOrVar","v":"deviceName"},"?"]},{"$i":"confirmNFCConnectBTdisabledNameKnown","$v":["Turn on Bluetooth and connect to ",{"t":"idOrVar","v":"deviceName"},"?"]},{"$i":"confirmNFCConnectBTdisabled","$v":"Turn on"},{"$i":"dismissNFCConnectBTdisabled","$v":"Cancel"},{"$i":"confirmation","$v":"Confirmation"},{"$i":"deviceMenu","$v":"電話"},{"$i":"airplane","$v":"開啟飛航模式"},{"$i":"airplaneOff","$v":"關閉飛航模式"},{"$i":"silent","$v":"來電靜音"},{"$i":"normal","$v":"取消來電靜音"},{"$i":"restart","$v":"重新啟動"},{"$i":"power","$v":"關機"},{"$i":"no-recent-app-windows","$v":"Your recent app windows show up here"},{"$i":"no-recent-browser-windows","$v":"Your recent browser windows show up here"},{"$i":"closeCard","ariaLabel":"Close"},{"$i":"openCard","ariaLabel":"Open"},{"$i":"yes","$v":"是"},{"$i":"no","$v":"否"},{"$i":"dontallow","$v":"Don’t allow"},{"$i":"allow","$v":"允許"},{"$i":"dontshare-geolocation","$v":"不要透露"},{"$i":"share-geolocation","$v":"透露"},{"$i":"dontshare-audio-capture","$v":"不要分享"},{"$i":"share-audio-capture","$v":"分享"},{"$i":"dontshare-video-capture","$v":"不要分享"},{"$i":"share-video-capture","$v":"分享"},{"$i":"dontshare-media-capture","$v":"不要分享"},{"$i":"share-media-capture","$v":"分享"},{"$i":"device-front","$v":"前相機"},{"$i":"device-back","$v":"後相機"},{"$i":"remember-my-choice","$v":"記住我的選擇"},{"$i":"more-info","$v":"更多資訊…"},{"$i":"hide-info","$v":"Hide info"},{"$i":"install-app","$v":["要安裝 ",{"t":"idOrVar","v":"name"}," 嗎?"]},{"$i":"size","$v":"大小"},{"$i":"author","$v":"作者"},{"$i":"size-unknown","$v":"未知"},{"$i":"author-unknown","$v":"未知"},{"$i":"install","$v":"安裝"},{"$i":"bytes","$v":"位元組"},{"$i":"kB","$v":"KB"},{"$i":"MB","$v":"MB"},{"$i":"GB","$v":"GB"},{"$i":"TB","$v":"TB"},{"$i":"PB","$v":"PB"},{"$i":"app-install-generic-error","$v":[{"t":"idOrVar","v":"appName"}," 下載已停止"]},{"$i":"app-install-download-failed","$v":[{"t":"idOrVar","v":"appName"}," 下載失敗"]},{"$i":"app-install-install-failed","$v":[{"t":"idOrVar","v":"appName"}," 安裝失敗"]},{"$i":"cancelling-will-not-refund","$v":"現在取消將不會退費。付費內容的退費機制將由原內容銷售商提供。"},{"$i":"apps-can-be-installed-later","$v":"您之後可以於原始安裝來源再次安裝應用程式"},{"$i":"are-you-sure-you-want-to-cancel","$v":"您確定要取消這次的安裝嗎?"},{"$i":"cancel-install","$v":"取消安裝"},{"$i":"cancel-install-button","$v":"Cancel Install"},{"$i":"resume","$v":"繼續"},{"$i":"continue","$v":"繼續"},{"$i":"stopDownloading","$v":["要停止下載 ",{"t":"idOrVar","v":"app"}," 嗎?"]},{"$i":"app-download-can-be-restarted","$v":"可在稍後重新開始下載。"},{"$i":"app-download-stop-button","$v":"停止下載"},{"$i":"not-enough-space","$v":"空間不足"},{"$i":"not-enough-space-message","$v":"沒有足夠的空間可安裝此程式。您可以刪除舊程式或媒體檔案來釋放空間，接著再從原始來源嘗試安裝。"},{"$i":"app-install-success","$v":["已安裝 ",{"t":"idOrVar","v":"appName"}]},{"$i":"setup","$v":"設定"},{"$i":"ime-addkeyboards","$v":"新增鍵盤"},{"$i":"later","$v":"稍候"},{"$i":"download","$v":"下載"},{"$i":"wantToDownload","$v":"現在開始下載更新？"},{"$i":"wantToInstallNow","$v":"Do you want to install the update now? You will not be able to use your phone for a few minutes."},{"$i":"installNow","$v":"立刻安裝"},{"$i":"notNow","$v":"現在不要"},{"$i":"downloadingUpdateMessage","innerHTML":["正在下載更新… <span>已下載 ",{"t":"idOrVar","v":"progress"},"。</span>"]},{"$i":"downloadingAppMessage","$v":["正在下載 ",{"t":"idOrVar","v":"appName"}]},{"$i":"downloadingAppProgressNoMax","$v":["已下載 ",{"t":"idOrVar","v":"progress"}]},{"$i":"downloadingAppProgressIndeterminate","$v":"下載中"},{"$i":"downloadingAppProgress","$v":["已下載 ",{"t":"idOrVar","v":"progress"}," / ",{"t":"idOrVar","v":"max"}]},{"$i":"cancelAllDownloads","$v":"取消所有下載"},{"$i":"wantToCancelAll","$v":"您確定要取消所有下載?"},{"$i":"downloadError","$v":"下載更新時發生錯誤。"},{"$i":"updateAvailableInfo","innerHTML":{"$x":[{"t":"idOrVar","v":"plural"},"n"],"$v":{"one":["有 ",{"t":"idOrVar","v":"n"}," 個可用更新。<span>點擊這裡取得更多資訊。</span>"],"two":["有 ",{"t":"idOrVar","v":"n"}," 個可用更新。<span>點擊這裡取得更多資訊。</span>"],"few":["有 ",{"t":"idOrVar","v":"n"}," 個可用更新。<span>點擊這裡取得更多資訊。</span>"],"many":["有 ",{"t":"idOrVar","v":"n"}," 個可用更新。<span>點擊這裡取得更多資訊。</span>"],"other":["有 ",{"t":"idOrVar","v":"n"}," 個可用更新。<span>點擊這裡取得更多資訊。</span>"]}}},{"$i":"numberOfUpdates","$v":{"one":["有 ",{"t":"idOrVar","v":"n"}," 個更新可用"],"two":["有 ",{"t":"idOrVar","v":"n"}," 個更新可用"],"few":["有 ",{"t":"idOrVar","v":"n"}," 個更新可用"],"many":["有 ",{"t":"idOrVar","v":"n"}," 個更新可用"],"other":["有 ",{"t":"idOrVar","v":"n"}," 個更新可用"]},"$x":[{"t":"idOrVar","v":"plural"},"n"]},{"$i":"systemUpdate","$v":"系統更新"},{"$i":"systemUpdateReady","$v":"已準備好進行系統更新"},{"$i":"systemUpdateLowBatteryThreshold","$v":["You need at least ",{"t":"idOrVar","v":"threshold"},"% battery level to install the update."]},{"$i":"required","$v":"必需"},{"$i":"uncompressingMessage","innerHTML":"正在解壓縮… <span>可能會花上幾分鐘。</span>"},{"$i":"downloadWifiPrioritizedUsing2G","$v":"Updates are downloaded via data connection when Wi-Fi is not available. When using data connection, phone calls may be blocked and additional charges may also apply."},{"$i":"downloadWifiPrioritized3","$v":"Updates are downloaded via data connection when Wi-Fi is not available. When using data connection, additional charges may apply."},{"$i":"downloadNoWifiWarning","$v":"無法使用 Wi-Fi。透過目前的連線更新可能需要另外付費。"},{"$i":"downloadOfflineWarning2","$v":"Connect to a network to download updates."},{"$i":"downloadUpdatesViaDataConnection","$v":"透過數據連線下載更新？"},{"$i":"downloadUpdatesVia2GForbidden3","$v":"Downloading updates is not possible on slow connections (2G). Please connect via Wi-Fi or 3G (if available) and try again."},{"$i":"downloadUpdatesViaDataConnectionMessage3","$v":"When using a data connection, additional costs may apply. Do you want to continue?"},{"$i":"downloadUpdatesViaDataRoamingConnection","$v":"Download updates via data roaming?"},{"$i":"downloadUpdatesViaDataRoamingConnectionMessage","$v":"You are currently roaming and additional charges may apply. Do you want to continue?"},{"$i":"screenshotSaved","$v":"已將畫面擷圖儲存至圖片庫"},{"$i":"screenshotFailed","$v":"無法儲存畫面擷圖"},{"$i":"screenshotNoSDCard","$v":"找不到記憶卡"},{"$i":"screenshotSDCardInUse","$v":"記憶卡使用中"},{"$i":"screenshotSDCardLow","$v":"記憶卡的空間不足"},{"$i":"logsSaved","$v":"Logs saved to storage"},{"$i":"logsSaveError","$v":"Error while saving logs"},{"$i":"logsSaving","$v":"Capturing logs…"},{"$i":"logsOperationFailed","$v":["Operation ",{"t":"idOrVar","v":"operation"}," failed."]},{"$i":"logsGenericError","$v":"Unexpected error occurred."},{"$i":"logsSDCardMaybeShared","$v":"Make sure your SD card is not shared with your computer."},{"$i":"emergency-call-button","$v":"緊急撥號"},{"$i":"emergency-call","$v":"緊急撥號"},{"$i":"unlock-a11y-button","ariaLabel":"解鎖"},{"$i":"camera-a11y-button","ariaLabel":"相機"},{"$i":"longDateFormat","$v":"%b %e 日 %A"},{"$i":"panel-passcode","ariaLabel":"Passcode panel"},{"$i":"open-notification","$v":"open"},{"$i":"softwareHomeButton","ariaLabel":"主畫面"},{"$i":"login","$v":"登入"},{"$i":"sign-in-to-website","$v":"Sign in to website"},{"$i":"username","$v":"使用者名稱"},{"$i":"password","$v":"密碼"},{"$i":"http-authentication-message2","$v":["The website ",{"t":"idOrVar","v":"host"}," requires you to sign in."]},{"$i":"error-message","$v":["無法正確載入 ",{"t":"idOrVar","v":"name"}]},{"$i":"error-title","$v":["發生問題 ",{"t":"idOrVar","v":"name"}]},{"$i":"unable-to-connect","$v":"連線失敗"},{"$i":"tap-to-check-settings","$v":"Tap to check settings"},{"$i":"delete-title","$v":["Delete ",{"t":"idOrVar","v":"name"}]},{"$i":"delete-body","$v":[{"t":"idOrVar","v":"name"}," and all of its data will be deleted."]},{"$i":"delete","$v":"Delete"},{"$i":"unrecoverable-error-title","$v":"Remove Application"},{"$i":"unrecoverable-error-body","$v":"Cannot install application due to an unrecoverable error. Please try downloading again. The application will be removed."},{"$i":"unrecoverable-error-action","$v":"OK"},{"$i":"data-roaming-enabled-title","$v":"Turn on data roaming?"},{"$i":"data-roaming-enabled-warning2","$v":"In order to access the Internet, you need to turn on data roaming. Depending on your service agreement, extra charges may apply. Do you want to turn data on?"},{"$i":"select-time","$v":"選擇時間"},{"$i":"choose-option","$v":"選取"},{"$i":"choose-options","$v":"選取"},{"$i":"select-day","$v":"選擇日期"},{"$i":"battery-almost-empty3","$v":"Your battery is low."},{"$i":"plug-in-your-charger","$v":"Please plug in your charger."},{"$i":"new-window","$v":"New window"},{"$i":"new-private-window","$v":"New private window"},{"$i":"show-windows","$v":"Show windows"},{"$i":"add-to-home-screen","$v":"新增至裝置主畫面"},{"$i":"share","$v":"Share"},{"$i":"crash-dialog2-os","$v":[{"t":"idOrVar","v":"brandShortName"}," 剛自錯誤中恢復"]},{"$i":"crash-dialog-app","$v":[{"t":"idOrVar","v":"name"}," 剛發生錯誤"]},{"$i":"crash-dialog-app-noname","$v":"Something"},{"$i":"crash-dialog-message","$v":"您願意傳送關於此錯誤的報告至 Mozilla，以幫助我們修正這個問題嗎？（報告將只透過 Wi-Fi 傳送。）"},{"$i":"crash-info-link","$v":"錯誤報告當中有哪些東西？"},{"$i":"crash-always-report","$v":"總是在發生程式錯誤時傳送報告給 Mozilla。"},{"$i":"crash-dont-send","$v":"不要傳送"},{"$i":"crash-end","$v":"傳送報告"},{"$i":"crashReports","$v":"錯誤資訊報表"},{"$i":"done","$v":"完成"},{"$i":"crash-reports-description-1","$v":"錯誤報告包含了該次錯誤與您的裝置的一些詳細資訊，以及錯誤發生時您的裝置的使用狀態。"},{"$i":"crash-reports-description-2","$v":"可能包含諸如開啟的頁面與應用程式、輸入至表單中的文字、開啟訊息的內容、最近的瀏覽紀錄、與開啟的應用程式所取得的地理位置資訊。"},{"$i":"crash-reports-description-3-start","$v":"我們使用錯誤報告來試著修復問題並改進產品。我們將依照"},{"$i":"crash-reports-description-3-privacy","$v":"隱私權保護政策"},{"$i":"crash-reports-description-3-end","$v":"當中所描述的方式處理您的資訊。"},{"$i":"crash-banner-os2","$v":[{"t":"idOrVar","v":"brandShortName"}," 剛發生錯誤。"]},{"$i":"crash-banner-app","$v":[{"t":"idOrVar","v":"name"}," 剛發生錯誤。"]},{"$i":"crash-banner-report","$v":"報告"},{"$i":"bluetooth-sending-progress","$v":"正在傳送藍牙傳輸資料…"},{"$i":"bluetooth-receiving-progress","$v":"正在接收藍牙傳輸資料…"},{"$i":"acceptFileTransfer","$v":"允許藍牙檔案傳輸嗎？"},{"$i":"wantToReceiveFile","$v":[{"t":"idOrVar","v":"deviceName"}," 想要傳送 ",{"t":"idOrVar","v":"fileName"}," (",{"t":"idOrVar","v":"fileSize"},")。"]},{"$i":"transfer-confirmation-title","$v":[{"t":"idOrVar","v":"deviceName"}]},{"$i":"transfer-confirmation-description","$v":"確認傳輸請求。"},{"$i":"byteUnit-B","$v":"B"},{"$i":"byteUnit-KB","$v":"KB"},{"$i":"byteUnit-MB","$v":"MB"},{"$i":"byteUnit-GB","$v":"GB"},{"$i":"byteUnit-TB","$v":"TB"},{"$i":"byteUnit-PB","$v":"PB"},{"$i":"byteUnit-EB","$v":"EB"},{"$i":"byteUnit-ZB","$v":"ZB"},{"$i":"byteUnit-YB","$v":"YB"},{"$i":"fileSize","$v":[{"t":"idOrVar","v":"size"}," ",{"t":"idOrVar","v":"unit"}]},{"$i":"deny","$v":"拒絕"},{"$i":"transfer","$v":"傳輸"},{"$i":"cancelFileTransfer","$v":"取消藍牙檔案傳輸？"},{"$i":"continueFileTransfer","$v":"Continue"},{"$i":"transfer-has-started-title","$v":"已開始傳輸"},{"$i":"transfer-has-started-description","$v":"請在通知中心檢視進度"},{"$i":"transferFinished-sentSuccessful-title","$v":"已傳送檔案"},{"$i":"transferFinished-receivedSuccessful-title","$v":"已接收檔案"},{"$i":"transferFinished-sentFailed-title","$v":"無法傳送檔案"},{"$i":"transferFinished-receivedFailed-title","$v":"無法接收檔案"},{"$i":"transferReport-title","$v":"傳輸報告:"},{"$i":"transferReport-description","$v":["成功傳輸 ",{"t":"idOrVar","v":"numSuccessful"}," 個檔案、未成功傳輸 ",{"t":"idOrVar","v":"numUnsuccessful"}," 個檔案"]},{"$i":"unknown-file","$v":"未知檔案"},{"$i":"unknown-device","$v":"未知的裝置"},{"$i":"cannotOpenFile","$v":"無法開啟接收的檔案"},{"$i":"unknownMediaTypeToOpenFile","$v":["Can not open unknown media type: ",{"t":"idOrVar","v":"fileName"}]},{"$i":"cannotReceiveFile","$v":"無法接收檔案"},{"$i":"cannotGetStorageState","$v":"無法取得裝置儲存空間狀態。"},{"$i":"sdcard-not-exist2","$v":"找不到記憶卡，請插入記憶卡。"},{"$i":"sdcard-in-use","$v":"當手機連接至電腦時無法使用藍牙。請拔除手機傳輸線以接收檔案。"},{"$i":"sdcard-no-space2","$v":"無法完成傳輸：記憶卡已滿。"},{"$i":"unknown-error","$v":"未知錯誤"},{"$i":"confirm","$v":"確認"},{"$i":"sdcard-detected-title","$v":"SD card detected"},{"$i":"sdcard-total-size-body","$v":["Total size: ",{"t":"idOrVar","v":"size"}," ",{"t":"idOrVar","v":"unit"}]},{"$i":"sdcard-unknown-size-then-tap-to-format-body","$v":"Unknown size, tap to format"},{"$i":"sdcard-removed-title","$v":"SD card removed"},{"$i":"sdcard-removed-ejected-successfully","$v":"Ejected successfully"},{"$i":"sdcard-removed-not-ejected-properly","$v":"Not ejected properly"},{"$i":"microphone-is-on","$v":"麥克風已開啟"},{"$i":"camera-is-on","$v":"已開啟相機"},{"$i":"media-is-on","$v":"已開啟相機與麥克風"},{"$i":"noSimCard","$v":"未插入 SIM 卡"},{"$i":"simPin","$v":"SIM PIN"},{"$i":"pukCode","$v":"PUK 碼"},{"$i":"nckCode","$v":"NCK 碼"},{"$i":"cckCode","$v":"CCK 碼"},{"$i":"spckCode","$v":"SPCK 碼"},{"$i":"nck1code","$v":"NCK1 code"},{"$i":"nck2code","$v":"NCK2 code"},{"$i":"hnckcode","$v":"HNCK code"},{"$i":"rcckcode","$v":"RCCK code"},{"$i":"rspckcode","$v":"RSPCK code"},{"$i":"whatIsSimPin","$v":"SIM PIN 是什麼?"},{"$i":"simPinIntro1","$v":"SIM PIN 阻止了手機存取行動數據網路。開啟 PIN 時，任何插入了 SIM 卡的裝置將會在重開機時向您詢問 PIN 碼。"},{"$i":"simPinIntro2","$v":"SIM 卡的 PIN 碼與用來解鎖裝置的解鎖碼不同。"},{"$i":"changeSimPin","$v":"修改 PIN 碼"},{"$i":"pinTitle","$v":"輸入 SIM PIN 碼"},{"$i":"multiSIMpinTitle","$v":["輸入 SIM ",{"t":"idOrVar","v":"n"}," 的 PIN 碼"]},{"$i":"pukTitle","$v":"輸入 PUK 碼"},{"$i":"nckTitle","$v":"輸入 NCK 碼"},{"$i":"cckTitle","$v":"輸入 CCK 碼"},{"$i":"spckTitle","$v":"輸入 SPCK 碼"},{"$i":"nck1Title","$v":"Enter NCK1 code"},{"$i":"nck2Title","$v":"Enter NCK2 code"},{"$i":"hnckTitle","$v":"Enter HNCK code"},{"$i":"rcckTitle","$v":"Enter RCCK code"},{"$i":"rspckTitle","$v":"Enter RSPCK code"},{"$i":"newpinTitle","$v":"設定 PIN 碼"},{"$i":"inputCodeRetriesLeft","$v":{"one":"最後一次機會。","two":["還有 ",{"t":"idOrVar","v":"n"}," 次機會。"],"few":["還有 ",{"t":"idOrVar","v":"n"}," 次機會。"],"many":["還有 ",{"t":"idOrVar","v":"n"}," 次機會。"],"other":["還有 ",{"t":"idOrVar","v":"n"}," 次機會。"]},"$x":[{"t":"idOrVar","v":"plural"},"n"]},{"$i":"pinErrorMsg","$v":"PIN 不正確。"},{"$i":"pinAttemptMsg2","$v":{"one":"這是您最後一次輸入正確 PIN 碼的機會。若您這次輸入的 PIN 碼還是錯誤，您的 SIM 卡將會被鎖定。","two":["您還有 ",{"t":"idOrVar","v":"n"}," 次輸入正確 PIN 碼的機會。若您一直輸入錯誤的 PIN 碼，您的 SIM 卡將會被鎖定。"],"few":["您還有 ",{"t":"idOrVar","v":"n"}," 次輸入正確 PIN 碼的機會。若您一直輸入錯誤的 PIN 碼，您的 SIM 卡將會被鎖定。"],"many":["您還有 ",{"t":"idOrVar","v":"n"}," 次輸入正確 PIN 碼的機會。若您一直輸入錯誤的 PIN 碼，您的 SIM 卡將會被鎖定。"],"other":["您還有 ",{"t":"idOrVar","v":"n"}," 次輸入正確 PIN 碼的機會。若您一直輸入錯誤的 PIN 碼，您的 SIM 卡將會被鎖定。"]},"$x":[{"t":"idOrVar","v":"plural"},"n"]},{"$i":"pinLastChanceMsg","$v":"這是您最後一次能輸入正確 PIN 碼的機會。否則您必須輸入 PUK 碼才能使用此 SIM 卡。"},{"$i":"simCardLockedMsg","$v":"SIM 卡已鎖定。"},{"$i":"enterPukMsg","$v":"您必須輸入 SIM 卡的 PUK 碼。若需更多資訊，請參考您的 SIM 卡文件或洽詢您的電信業者。"},{"$i":"pukErrorMsg","$v":"PUK 碼不正確。"},{"$i":"pukAttemptMsg2","$v":{"one":"您只剩下最後一次輸入正確 PUK 碼的機會，若您這次輸入的 PUK 碼還是錯誤，您的 SIM 卡將會永久無法使用。請參考您的 SIM 卡文件或聯絡您的電信業者以取得更多資訊。","two":["您還有 ",{"t":"idOrVar","v":"n"}," 次機會可以輸入正確的 PUK 解鎖碼，否則此 SIM 卡將永久失效。若需更多資訊，請參考您的 SIM 卡文件或洽詢您的電信業者。"],"few":["您還有 ",{"t":"idOrVar","v":"n"}," 次機會可以輸入正確的 PUK 解鎖碼，否則此 SIM 卡將永久失效。若需更多資訊，請參考您的 SIM 卡文件或洽詢您的電信業者。"],"many":["您還有 ",{"t":"idOrVar","v":"n"}," 次機會可以輸入正確的 PUK 解鎖碼，否則此 SIM 卡將永久失效。若需更多資訊，請參考您的 SIM 卡文件或洽詢您的電信業者。"],"other":["您還有 ",{"t":"idOrVar","v":"n"}," 次機會可以輸入正確的 PUK 解鎖碼，否則此 SIM 卡將永久失效。若需更多資訊，請參考您的 SIM 卡文件或洽詢您的電信業者。"]},"$x":[{"t":"idOrVar","v":"plural"},"n"]},{"$i":"pukLastChanceMsg","$v":"這是您最後一次能輸入正確 PUK 解鎖碼的機會。若您這次還是輸入錯誤，您的 SIM 將會永久失效。若需更多資訊，請參考您的 SIM 卡文件或洽詢您的電信業者。"},{"$i":"newSimPinMsg","$v":"設定 PIN（須包含 4 ~ 8 碼數字）"},{"$i":"confirmNewSimPinMsg","$v":"確認新 PIN 碼"},{"$i":"newPinErrorMsg","$v":"兩次輸入的 PIN 不相同。"},{"$i":"nckErrorMsg","$v":"NCK 碼不正確。"},{"$i":"nckAttemptMsg2","$v":{"one":"請求網路解鎖失敗。您只剩下最後一次機會可以輸入正確的 NCK 碼。請參考您的裝置說明書或聯絡電信商以取得更多資訊。","two":["請求網路解鎖失敗。您還剩下 ",{"t":"idOrVar","v":"n"}," 次機會可以輸入正確的 NCK 碼。請參考您的裝置說明書或聯絡電信商以取得更多資訊。"],"few":["請求網路解鎖失敗。您還剩下 ",{"t":"idOrVar","v":"n"}," 次機會可以輸入正確的 NCK 碼。請參考您的裝置說明書或聯絡電信商以取得更多資訊。"],"many":["請求網路解鎖失敗。您還剩下 ",{"t":"idOrVar","v":"n"}," 次機會可以輸入正確的 NCK 碼。請參考您的裝置說明書或聯絡電信商以取得更多資訊。"],"other":["請求網路解鎖失敗。您還剩下 ",{"t":"idOrVar","v":"n"}," 次機會可以輸入正確的 NCK 碼。請參考您的裝置說明書或聯絡電信商以取得更多資訊。"]},"$x":[{"t":"idOrVar","v":"plural"},"n"]},{"$i":"nckLastChanceMsg","$v":"請求網路解鎖失敗。您還剩下最後一次機會可以輸入正確的 NCK 碼。請參考您的裝置說明書或聯絡電信商以取得更多資訊。"},{"$i":"activity-pick","$v":"自下列項目選擇:"},{"$i":"activity-view","$v":"使用下列項目檢視:"},{"$i":"activity-test","$v":"使用下列項目測試:"},{"$i":"activity-share","$v":"使用下列項目分享:"},{"$i":"activity-new","$v":"使用下列項目建立:"},{"$i":"activity-open","$v":"使用下列項目開啟:"},{"$i":"activity-save-bookmark","$v":"加入書籤到:"},{"$i":"activity-record","$v":"使用下列項目錄製:"},{"$i":"activity-browse","$v":"使用下列項目瀏覽:"},{"$i":"activity-configure","$v":"使用下列項目設定:"},{"$i":"activity-dial","$v":"使用下列項目撥號:"},{"$i":"persona-signin","$v":"登入"},{"$i":"payment-flow","$v":"購買"},{"$i":"remoteDebuggerMessage","$v":"偵測到遠端除錯連線的請求，要允許連線嗎？"},{"$i":"fullscreen-request","$v":[{"t":"idOrVar","v":"origin"}," 已進入全螢幕模式。"]},{"$i":"captive-wifi-available","$v":["找到 ",{"t":"idOrVar","v":"networkName"},"。加入該網路？"]},{"$i":"ceWarningtitle","$v":"音量警告"},{"$i":"ceWarningcontent","$v":"為了避免聽力損傷發生，請不要長時間使用大音量聆聽音樂。"},{"$i":"notification-powersaving-mode-on-title","$v":"省電模式"},{"$i":"notification-powersaving-mode-on-description","$v":"已開啟省電模式。"},{"$i":"low-device-storage","$v":"裝置空間不足。\\n"},{"$i":"free-space","$v":{"zero":"剩餘空間不足。","one":["剩下不到 ",{"t":"idOrVar","v":"value"}," ",{"t":"idOrVar","v":"unit"},"。"],"two":["剩下不到 ",{"t":"idOrVar","v":"value"}," ",{"t":"idOrVar","v":"unit"},"。"],"few":["剩下不到 ",{"t":"idOrVar","v":"value"}," ",{"t":"idOrVar","v":"unit"},"。"],"many":["剩下不到 ",{"t":"idOrVar","v":"value"}," ",{"t":"idOrVar","v":"unit"},"。"],"other":["剩下不到 ",{"t":"idOrVar","v":"value"}," ",{"t":"idOrVar","v":"unit"},"。"]},"$x":[{"t":"idOrVar","v":"plural"},"value"]},{"$i":"unknown-free-space","$v":"剩餘空間未知。"},{"$i":"system-alert","$v":"系統警示"},{"$i":"cb-channel","$v":["頻道 ",{"t":"idOrVar","v":"channel"}]},{"$i":"cb-etws-warningType-earthquake","$v":"Earthquake warning!"},{"$i":"cb-etws-warningType-tsunami","$v":"Tsunami warning!"},{"$i":"cb-etws-warningType-earthquake-tsunami","$v":"Earthquake-tsunami warning!"},{"$i":"cb-etws-warningType-test","$v":"Alert system is being tested."},{"$i":"cb-etws-warningType-other","$v":"Emergency warning!"},{"$i":"icc-message-maintitle","$v":"Operator message"},{"$i":"icc-message-subtitle","$v":["SIM ",{"t":"idOrVar","v":"id"}]},{"$i":"icc-confirmCall-defaultmessage","$v":["打給 ",{"t":"idOrVar","v":"number"},"？"]},{"$i":"icc-alertMessage-defaultmessage","$v":"傳送訊息"},{"$i":"icc-confirmMessage-defaultmessage","$v":"傳送訊息？"},{"$i":"icc-inputbox-maintitle","$v":"STK Query"},{"$i":"icc-inputbox-subtitle","$v":["SIM ",{"t":"idOrVar","v":"id"}]},{"$i":"emergency-callback-mode","$v":"緊急通話回電模式"},{"$i":"emergency-callback-message","$v":"您不能在開啟緊急回撥模式時撥打電話、傳送簡訊或連線至網路。您想要關閉嗎？"},{"$i":"cdma-record-info","$v":"CDMA 紀錄資訊"},{"$i":"ime-switching-title","$v":[{"t":"idOrVar","v":"appName"},": ",{"t":"idOrVar","v":"name"}]},{"$i":"ime-switching-tip","$v":"點擊以切換輸入法"},{"$i":"shrinking-tip","$v":"滑動以分享"},{"$i":"download_started","$v":"已開始下載"},{"$i":"download_stopped","$v":"下載已停止"},{"$i":"download_downloading","$v":"下載中…"},{"$i":"download_succeeded","$v":"下載完成"},{"$i":"download_failed","$v":"下載失敗"},{"$i":"download_text_by_default","$v":[{"t":"idOrVar","v":"name"}]},{"$i":"download_downloading_text_2","$v":[{"t":"idOrVar","v":"percentage"},"% - ",{"t":"idOrVar","v":"name"}]},{"$i":"search-the-web","$v":"Search the web"},{"$i":"search-or-enter-address","$v":"Search or enter address","placeholder":"Search or enter address"},{"$i":"back-button","ariaLabel":"Back"},{"$i":"forward-button","ariaLabel":"Forward"},{"$i":"reload-button","ariaLabel":"Reload"},{"$i":"stop-button","ariaLabel":"Stop"},{"$i":"windows-button","ariaLabel":"Show windows"},{"$i":"noSIMCardInHotspot3","$v":"Hotspot off: SIM card missing or inserted incorrectly."},{"$i":"noHotspotWhenAPMisOnWifiHotspot","$v":"Turn off airplane mode to use Wi-Fi hotspot."},{"$i":"noHotspotWhenAPMisOnUsbHotspot","$v":"Turn off airplane mode to use USB tethering."},{"$i":"apmActivated","$v":"Airplane mode activated"},{"$i":"noConnectivityHead","$v":"No data connection"},{"$i":"noConnectivityMessageWifiHotspot","$v":"Wi-Fi hotspot is disabled because there is no data connection."},{"$i":"noConnectivityMessageUsbHotspot","$v":"USB tethering is disabled because there is no data connection."},{"$i":"open-in-new-window","$v":"Open in new window"},{"$i":"open-in-new-private-window","$v":"Open in new private window"},{"$i":"add-link-to-home-screen","$v":"Add link to home screen"},{"$i":"share-link","$v":"Share link"},{"$i":"save-image","$v":"Save Image"},{"$i":"save-video","$v":"Save Video"},{"$i":"save-audio","$v":"Save Audio"},{"$i":"save-link","$v":"Save linked file"},{"$i":"share-image","$v":"Share Image"},{"$i":"share-video","$v":"Share Video"},{"$i":"share-audio","$v":"Share Audio"},{"$i":"private-browser","$v":"Private Browser"},{"$i":"private-browser-title","$v":"You’re browsing privately"},{"$i":"private-browser-detail1","$v":[{"t":"idOrVar","v":"brandShortName"}," won’t remember any history for this window."]},{"$i":"private-browser-detail2","$v":"That includes browsing history, search history, download history, web form history, cookies, and temporary internet files. However, files you download and bookmarks you make will be kept."},{"$i":"private-browser-detail3","$v":"While this device won’t have a record of your browsing history, your employer or internet service provider can still track the pages you visit."},{"$i":"private-browser-learn-more","$v":"Learn More."},{"$i":"okCharsLeft","$v":["OK (",{"t":"idOrVar","v":"n"},")"]},{"$i":"firefox-accounts-title","$v":"Firefox Accounts"},{"$i":"fxa-next","$v":"Next"},{"$i":"fxa-back","$v":"Back"},{"$i":"fxa-done","$v":"Done"},{"$i":"fxa-ok","$v":"OK"},{"$i":"fxa-connection-error-title","$v":"Unable to Connect"},{"$i":"fxa-connection-error-message","$v":"You can create an account or sign in from Settings."},{"$i":"fxa-reset-password-error-title","$v":"Reset Password"},{"$i":"fxa-reset-password-error-message","$v":"You can reset your password from Settings."},{"$i":"fxa-coppa-failure-error-title","$v":"Cannot Create Account"},{"$i":"fxa-coppa-failure-error-message","$v":["You must meet certain age requirements to create a Firefox Account. ",{"t":"idOrVar","v":"learnmore"}]},{"$i":"fxa-learn-more","$v":"Learn more"},{"$i":"fxa-offline-error-title","$v":"Unable to Connect"},{"$i":"fxa-offline-error-message","$v":"Please connect to a network from Settings."},{"$i":"fxa-invalid-email-title","$v":"Error"},{"$i":"fxa-invalid-email-message","$v":"Please enter a valid email."},{"$i":"fxa-invalid-password-title","$v":"Invalid Password"},{"$i":"fxa-invalid-password-message","$v":"Please check your password and try again."},{"$i":"fxa-unknown-error-title","$v":"Unable to Connect"},{"$i":"fxa-unknown-error-message","$v":"System unavailable, try again soon."},{"$i":"fxa-connecting","$v":"Connecting"},{"$i":"fxa-enter-email-input","placeholder":"Enter your email"},{"$i":"fxa-use-email-to-sign-in","$v":"Use your email address to create an account or sign in."},{"$i":"fxa-notice","$v":["By proceeding, I agree to the ",{"t":"idOrVar","v":"tos"}," and ",{"t":"idOrVar","v":"pn"}," of Firefox cloud services."]},{"$i":"fxa-tos","$v":"Terms of Service"},{"$i":"fxa-pn","$v":"Privacy Notice"},{"$i":"fxa-create-password-title","$v":"Create a Password"},{"$i":"fxa-enter-password-title","$v":"Enter Your Password"},{"$i":"fxa-hello-user","$v":["Hello, ",{"t":"idOrVar","v":"email"}]},{"$i":"fxa-password-refresh","$v":"Please enter your Firefox Account password to continue."},{"$i":"fxa-password","placeholder":"Password"},{"$i":"fxa-forgot-your-password","$v":"Forgot your password?"},{"$i":"fxa-show-password","$v":"Show password"},{"$i":"fxa-password-length-requirement","$v":"Your password must be at least 8 characters long."},{"$i":"fxa-success","$v":"Success!"},{"$i":"fxa-ready-to-go","$v":"Your Firefox Account is ready to go! "},{"$i":"fxa-use-features","$v":"Now you can use features like Find My Device and apps like the Firefox Marketplace."},{"$i":"fxa-access-manage-account-settings","$v":"In the future, you can access and manage your account from Settings."},{"$i":"fxa-confirm-account","$v":"Confirm Your Account"},{"$i":"fxa-will-send-email","$v":["We will send an email to: ",{"t":"idOrVar","v":"email"}]},{"$i":"fxa-signup-click-verification-link-in-email","$v":"Next time you check your email, click the verification link to confirm your Firefox Account."},{"$i":"fxa-age-verification","$v":"Age Verification"},{"$i":"fxa-age-earlier","$v":[{"t":"idOrVar","v":"year"}," or earlier"]},{"$i":"fxa-year-of-birth","$v":"Year of Birth"},{"$i":"network-error-in-app","$v":"No access to the Internet right now."},{"$i":"network-error-launching","$v":[{"t":"idOrVar","v":"name"}," requires an Internet connection."]},{"$i":"server-not-found","$v":"Server not found"},{"$i":"server-not-found-error","$v":["Can’t find the server at ",{"t":"idOrVar","v":"name"},"."]},{"$i":"file-not-found","$v":"File not found"},{"$i":"file-not-found-error","$v":"The device can’t display this page because the file cannot be found."},{"$i":"connection-failed","$v":"Unable to connect"},{"$i":"connection-failed-error","$v":"A network error occurred while trying to reach the site."},{"$i":"invalid-connection","$v":"Unable to connect"},{"$i":"invalid-connection-error","$v":"A network error occurred while trying to reach the site."},{"$i":"malformed-uri","$v":"URL not valid"},{"$i":"malformed-uri-error","$v":"The URL entered is not valid and cannot be loaded."},{"$i":"redirect-loop","$v":"Can’t display page"},{"$i":"redirect-loop-error","$v":"The device can’t display this page because the page is not redirecting properly. Try this page again at a later time."},{"$i":"not-cached","$v":"Page expired"},{"$i":"not-cached-error","$v":"As a security precaution, this page cannot be displayed by the device because it has expired."},{"$i":"is-printing-error","$v":"The document cannot change while Printing or in Print Preview."},{"$i":"denied-port-access","$v":"This address is restricted"},{"$i":"denied-port-access-error","$v":"This address uses a network port which is normally used for purposes other than Web browsing. The device has cancelled the request for your protection."},{"$i":"proxy-resolve-failure","$v":"Proxy Server Error"},{"$i":"proxy-resolve-failure-error","$v":"The device is configured to use a proxy server that can’t be found."},{"$i":"proxy-connect-failure","$v":"Proxy Server Error"},{"$i":"proxy-connect-failure-error","$v":"The device is configured to use a proxy server that is refusing connections."},{"$i":"content-encoding","$v":"Can’t display page"},{"$i":"content-encoding-error","$v":"The device can’t display this page because a content encoding error occurred."},{"$i":"remote-xul","$v":"Page unsupported"},{"$i":"remote-xul-error","$v":"This page can’t be displayed because it uses a technology that is not supported on the device."},{"$i":"phishing-blocked","$v":"Warning"},{"$i":"phishing-blocked-error","$v":"The website has been reported as a web forgery designed to trick users into sharing personal or financial information."},{"$i":"malware-blocked","$v":"Malware attack blocked"},{"$i":"malware-blocked-error","$v":"The site at has been reported as an attack site and has been blocked."},{"$i":"unsafe-content-type","$v":"Unsafe content"},{"$i":"unsafe-content-type-error","$v":"The page cannot be shown because it may not be safe to open."},{"$i":"corrupted-content","$v":"Can’t display page"},{"$i":"corrupted-content-error","$v":"The page cannot be shown because an error in the data transmission was detected."},{"$i":"try-again","$v":"Try again"},{"$i":"check-settings","$v":"Check settings"},{"$i":"resend","$v":"Resend"},{"$i":"connecting","$v":"Connecting"},{"$i":"verify","$v":"Verify"},{"$i":"verifying","$v":"Verifying"},{"$i":"verified","$v":"Verified"},{"$i":"mobileIDExplanation","$v":[{"t":"idOrVar","v":"app_name"}," would like to know and verify your phone number. Please choose which one you want to share or enter a new one."]},{"$i":"verificationCodeExplanation","$v":["We’ve sent a code to ",{"t":"idOrVar","v":"phone_number"},". We’ll try to pick it up automatically, but you’ll have to enter it manually if it’s not in use in this device."]},{"$i":"successMessage","$v":["Awesome! Your number ",{"t":"idOrVar","v":"phone_number"}," is now verified and available to ",{"t":"idOrVar","v":"app_name"},"."]},{"$i":"serverErrorMessage","$v":"The verification server is unavailable at this time. Please check your Internet connection, try again or wait a few minutes."},{"$i":"timeoutErrorMessage","$v":"There seems to be a problem with your verification code. Let's try once again!"},{"$i":"errorTitle","$v":"Mobile identity"},{"$i":"addPhoneNumber","$v":"Or add your phone number"},{"$i":"selectPhoneNumber","$v":"Or select a phone number from the list"},{"$i":"accessibility-enableScreenReaderSteps","$v":"To enable screen reader, press volume up then volume down buttons three more times"},{"$i":"accessibility-disableScreenReaderSteps","$v":"To disable screen reader, press volume up then volume down buttons three more times"},{"$i":"accessibility-screenReaderStarted","$v":"Screen reader started"},{"$i":"accessibility-screenReaderStopped","$v":"Screen reader stopped"},{"$i":"accessibility-menubar","$v":"menu bar"},{"$i":"accessibility-scrollbar","$v":"scroll bar"},{"$i":"accessibility-grip","$v":"grip"},{"$i":"accessibility-alert","$v":"alert"},{"$i":"accessibility-menupopup","$v":"menu popup"},{"$i":"accessibility-document","$v":"document"},{"$i":"accessibility-pane","$v":"pane"},{"$i":"accessibility-dialog","$v":"dialog"},{"$i":"accessibility-separator","$v":"separator"},{"$i":"accessibility-toolbar","$v":"toolbar"},{"$i":"accessibility-statusbar","$v":"status bar"},{"$i":"accessibility-table","$v":"table"},{"$i":"accessibility-columnheader","$v":"column header"},{"$i":"accessibility-rowheader","$v":"row header"},{"$i":"accessibility-column","$v":"column"},{"$i":"accessibility-row","$v":"row"},{"$i":"accessibility-cell","$v":"cell"},{"$i":"accessibility-link","$v":"link"},{"$i":"accessibility-list","$v":"list"},{"$i":"accessibility-listitem","$v":"list item"},{"$i":"accessibility-outline","$v":"outline"},{"$i":"accessibility-outlineitem","$v":"outline item"},{"$i":"accessibility-pagetab","$v":"tab"},{"$i":"accessibility-propertypage","$v":"property page"},{"$i":"accessibility-graphic","$v":"graphic"},{"$i":"accessibility-pushbutton","$v":"button"},{"$i":"accessibility-checkbutton","$v":"check button"},{"$i":"accessibility-radiobutton","$v":"radio button"},{"$i":"accessibility-combobox","$v":"combo box"},{"$i":"accessibility-progressbar","$v":"progress bar"},{"$i":"accessibility-slider","$v":"slider"},{"$i":"accessibility-spinbutton","$v":"spin button"},{"$i":"accessibility-diagram","$v":"diagram"},{"$i":"accessibility-animation","$v":"animation"},{"$i":"accessibility-equation","$v":"equation"},{"$i":"accessibility-buttonmenu","$v":"button menu"},{"$i":"accessibility-whitespace","$v":"white space"},{"$i":"accessibility-pagetablist","$v":"tab list"},{"$i":"accessibility-canvas","$v":"canvas"},{"$i":"accessibility-checkmenuitem","$v":"check menu item"},{"$i":"accessibility-label","$v":"label"},{"$i":"accessibility-passwordtext","$v":"password text"},{"$i":"accessibility-radiomenuitem","$v":"radio menu item"},{"$i":"accessibility-textcontainer","$v":"text container"},{"$i":"accessibility-togglebutton","$v":"toggle button"},{"$i":"accessibility-treetable","$v":"tree table"},{"$i":"accessibility-header","$v":"header"},{"$i":"accessibility-footer","$v":"footer"},{"$i":"accessibility-paragraph","$v":"paragraph"},{"$i":"accessibility-entry","$v":"entry"},{"$i":"accessibility-caption","$v":"caption"},{"$i":"accessibility-heading","$v":"heading"},{"$i":"accessibility-section","$v":"section"},{"$i":"accessibility-form","$v":"form"},{"$i":"accessibility-comboboxlist","$v":"combo box list"},{"$i":"accessibility-comboboxoption","$v":"combo box option"},{"$i":"accessibility-imagemap","$v":"image map"},{"$i":"accessibility-listboxoption","$v":"option"},{"$i":"accessibility-listbox","$v":"list box"},{"$i":"accessibility-flatequation","$v":"flat equation"},{"$i":"accessibility-gridcell","$v":"gridcell"},{"$i":"accessibility-note","$v":"note"},{"$i":"accessibility-figure","$v":"figure"},{"$i":"accessibility-definitionlist","$v":"definition list"},{"$i":"accessibility-term","$v":"term"},{"$i":"accessibility-definition","$v":"definition"},{"$i":"accessibility-textarea","$v":"text area"},{"$i":"accessibility-textInputType_date","$v":"date"},{"$i":"accessibility-textInputType_email","$v":"e-mail"},{"$i":"accessibility-textInputType_search","$v":"search"},{"$i":"accessibility-textInputType_tel","$v":"telephone"},{"$i":"accessibility-textInputType_url","$v":"URL"},{"$i":"accessibility-headingLevel","$v":["heading level ",{"t":"idOrVar","v":"0"}]},{"$i":"accessibility-listStart","$v":"First item"},{"$i":"accessibility-listEnd","$v":"Last item"},{"$i":"accessibility-listItemsCount","$v":{"zero":[{"t":"idOrVar","v":"count"}," items"],"one":[{"t":"idOrVar","v":"count"}," item"],"two":[{"t":"idOrVar","v":"count"}," items"],"few":[{"t":"idOrVar","v":"count"}," items"],"many":[{"t":"idOrVar","v":"count"}," items"],"other":[{"t":"idOrVar","v":"count"}," items"]},"$x":[{"t":"idOrVar","v":"plural"},"count"]},{"$i":"accessibility-objItemOfN","$v":[{"t":"idOrVar","v":"0"}," of ",{"t":"idOrVar","v":"1"}]},{"$i":"accessibility-banner","$v":"banner"},{"$i":"accessibility-complementary","$v":"complementary"},{"$i":"accessibility-contentinfo","$v":"content info"},{"$i":"accessibility-main","$v":"main"},{"$i":"accessibility-navigation","$v":"navigation"},{"$i":"accessibility-search","$v":"search"},{"$i":"accessibility-tblColumnInfo","$v":{"zero":["with ",{"t":"idOrVar","v":"count"}," columns"],"one":["with ",{"t":"idOrVar","v":"count"}," column"],"two":["with ",{"t":"idOrVar","v":"count"}," columns"],"few":["with ",{"t":"idOrVar","v":"count"}," columns"],"many":["with ",{"t":"idOrVar","v":"count"}," columns"],"other":["with ",{"t":"idOrVar","v":"count"}," columns"]},"$x":[{"t":"idOrVar","v":"plural"},"count"]},{"$i":"accessibility-tblRowInfo","$v":{"zero":["and ",{"t":"idOrVar","v":"count"}," rows"],"one":["and ",{"t":"idOrVar","v":"count"}," row"],"two":["and ",{"t":"idOrVar","v":"count"}," rows"],"few":["and ",{"t":"idOrVar","v":"count"}," rows"],"many":["and ",{"t":"idOrVar","v":"count"}," rows"],"other":["and ",{"t":"idOrVar","v":"count"}," rows"]},"$x":[{"t":"idOrVar","v":"plural"},"count"]},{"$i":"accessibility-columnInfo","$v":["Column ",{"t":"idOrVar","v":"0"}]},{"$i":"accessibility-rowInfo","$v":["Row ",{"t":"idOrVar","v":"0"}]},{"$i":"accessibility-spansColumns","$v":{"zero":["spans ",{"t":"idOrVar","v":"0"}," columns"],"one":["spans ",{"t":"idOrVar","v":"0"}," column"],"two":["spans ",{"t":"idOrVar","v":"0"}," columns"],"few":["spans ",{"t":"idOrVar","v":"0"}," columns"],"many":["spans ",{"t":"idOrVar","v":"0"}," columns"],"other":["spans ",{"t":"idOrVar","v":"0"}," columns"]},"$x":[{"t":"idOrVar","v":"plural"},"0"]},{"$i":"accessibility-spansRows","$v":{"zero":["spans ",{"t":"idOrVar","v":"0"}," rows"],"one":["spans ",{"t":"idOrVar","v":"0"}," row"],"two":["spans ",{"t":"idOrVar","v":"0"}," rows"],"few":["spans ",{"t":"idOrVar","v":"0"}," rows"],"many":["spans ",{"t":"idOrVar","v":"0"}," rows"],"other":["spans ",{"t":"idOrVar","v":"0"}," rows"]},"$x":[{"t":"idOrVar","v":"plural"},"0"]},{"$i":"accessibility-jumpAction","$v":"jumped"},{"$i":"accessibility-pressAction","$v":"pressed"},{"$i":"accessibility-checkAction","$v":"checked"},{"$i":"accessibility-uncheckAction","$v":"unchecked"},{"$i":"accessibility-selectAction","$v":"selected"},{"$i":"accessibility-unselectAction","$v":"unselected"},{"$i":"accessibility-openAction","$v":"opened"},{"$i":"accessibility-closeAction","$v":"closed"},{"$i":"accessibility-switchAction","$v":"switched"},{"$i":"accessibility-clickAction","$v":"clicked"},{"$i":"accessibility-collapseAction","$v":"collapsed"},{"$i":"accessibility-expandAction","$v":"expanded"},{"$i":"accessibility-activateAction","$v":"activated"},{"$i":"accessibility-cycleAction","$v":"cycled"},{"$i":"accessibility-hidden","$v":"hidden"},{"$i":"accessibility-tabLoading","$v":"loading"},{"$i":"accessibility-tabLoaded","$v":"loaded"},{"$i":"accessibility-tabNew","$v":"new tab"},{"$i":"accessibility-tabLoadStopped","$v":"loading stopped"},{"$i":"accessibility-tabReload","$v":"reloading"},{"$i":"accessibility-stateChecked","$v":"checked"},{"$i":"accessibility-stateNotChecked","$v":"not checked"},{"$i":"accessibility-statePressed","$v":"pressed"},{"$i":"accessibility-stateExpanded","$v":"expanded"},{"$i":"accessibility-stateCollapsed","$v":"collapsed"},{"$i":"accessibility-stateUnavailable","$v":"unavailable"},{"$i":"accessibility-stateRequired","$v":"required"},{"$i":"accessibility-stateTraversed","$v":"visited"},{"$i":"accessibility-stateHasPopup","$v":"has pop up"},{"$i":"accessibility-stateSelected","$v":"selected"},{"$i":"accessibility-editingMode","$v":"editing"},{"$i":"accessibility-navigationMode","$v":"navigating"},{"$i":"accessibility-quicknav_Simple","$v":"Default"},{"$i":"accessibility-quicknav_Anchor","$v":"Anchors"},{"$i":"accessibility-quicknav_Button","$v":"Buttons"},{"$i":"accessibility-quicknav_Combobox","$v":"Combo boxes"},{"$i":"accessibility-quicknav_Landmark","$v":"Landmarks"},{"$i":"accessibility-quicknav_Entry","$v":"Entries"},{"$i":"accessibility-quicknav_FormElement","$v":"Form elements"},{"$i":"accessibility-quicknav_Graphic","$v":"Images"},{"$i":"accessibility-quicknav_Heading","$v":"Headings"},{"$i":"accessibility-quicknav_ListItem","$v":"List items"},{"$i":"accessibility-quicknav_Link","$v":"Links"},{"$i":"accessibility-quicknav_List","$v":"Lists"},{"$i":"accessibility-quicknav_PageTab","$v":"Page tabs"},{"$i":"accessibility-quicknav_RadioButton","$v":"Radio buttons"},{"$i":"accessibility-quicknav_Separator","$v":"Separators"},{"$i":"accessibility-quicknav_Table","$v":"Tables"},{"$i":"accessibility-quicknav_Checkbox","$v":"Check boxes"},{"$i":"accessibility-menubarAbbr","$v":"menu bar"},{"$i":"accessibility-scrollbarAbbr","$v":"scroll bar"},{"$i":"accessibility-gripAbbr","$v":"grip"},{"$i":"accessibility-alertAbbr","$v":"alert"},{"$i":"accessibility-menupopupAbbr","$v":"menu popup"},{"$i":"accessibility-documentAbbr","$v":"document"},{"$i":"accessibility-paneAbbr","$v":"pane"},{"$i":"accessibility-dialogAbbr","$v":"dialog"},{"$i":"accessibility-separatorAbbr","$v":"separator"},{"$i":"accessibility-toolbarAbbr","$v":"toolbar"},{"$i":"accessibility-statusbarAbbr","$v":"status bar"},{"$i":"accessibility-tableAbbr","$v":"tbl"},{"$i":"accessibility-columnheaderAbbr","$v":"column header"},{"$i":"accessibility-rowheaderAbbr","$v":"row header"},{"$i":"accessibility-columnAbbr","$v":"column"},{"$i":"accessibility-rowAbbr","$v":"row"},{"$i":"accessibility-cellAbbr","$v":"cell"},{"$i":"accessibility-linkAbbr","$v":"lnk"},{"$i":"accessibility-listAbbr","$v":"list"},{"$i":"accessibility-listitemAbbr","$v":"list item"},{"$i":"accessibility-outlineAbbr","$v":"outline"},{"$i":"accessibility-outlineitemAbbr","$v":"outline item"},{"$i":"accessibility-pagetabAbbr","$v":"tab"},{"$i":"accessibility-propertypageAbbr","$v":"property page"},{"$i":"accessibility-graphicAbbr","$v":"graphic"},{"$i":"accessibility-pushbuttonAbbr","$v":"btn"},{"$i":"accessibility-checkbuttonAbbr","$v":"check button"},{"$i":"accessibility-radiobuttonAbbr","$v":"radio button"},{"$i":"accessibility-comboboxAbbr","$v":"combo box"},{"$i":"accessibility-progressbarAbbr","$v":"progress bar"},{"$i":"accessibility-sliderAbbr","$v":"slider"},{"$i":"accessibility-spinbuttonAbbr","$v":"spin button"},{"$i":"accessibility-diagramAbbr","$v":"diagram"},{"$i":"accessibility-animationAbbr","$v":"animation"},{"$i":"accessibility-equationAbbr","$v":"equation"},{"$i":"accessibility-buttonmenuAbbr","$v":"button menu"},{"$i":"accessibility-whitespaceAbbr","$v":"white space"},{"$i":"accessibility-pagetablistAbbr","$v":"tab list"},{"$i":"accessibility-canvasAbbr","$v":"canvas"},{"$i":"accessibility-checkmenuitemAbbr","$v":"check menu item"},{"$i":"accessibility-labelAbbr","$v":"label"},{"$i":"accessibility-passwordtextAbbr","$v":"passwdtxt"},{"$i":"accessibility-radiomenuitemAbbr","$v":"radio menu item"},{"$i":"accessibility-textcontainerAbbr","$v":"text container"},{"$i":"accessibility-togglebuttonAbbr","$v":"toggle button"},{"$i":"accessibility-treetableAbbr","$v":"tree table"},{"$i":"accessibility-headerAbbr","$v":"header"},{"$i":"accessibility-footerAbbr","$v":"footer"},{"$i":"accessibility-paragraphAbbr","$v":"paragraph"},{"$i":"accessibility-entryAbbr","$v":"entry"},{"$i":"accessibility-captionAbbr","$v":"caption"},{"$i":"accessibility-headingAbbr","$v":"heading"},{"$i":"accessibility-sectionAbbr","$v":"section"},{"$i":"accessibility-formAbbr","$v":"form"},{"$i":"accessibility-comboboxlistAbbr","$v":"combo box list"},{"$i":"accessibility-comboboxoptionAbbr","$v":"combo box option"},{"$i":"accessibility-imagemapAbbr","$v":"imgmap"},{"$i":"accessibility-listboxoptionAbbr","$v":"option"},{"$i":"accessibility-listboxAbbr","$v":"list box"},{"$i":"accessibility-flatequationAbbr","$v":"flat equation"},{"$i":"accessibility-gridcellAbbr","$v":"gridcell"},{"$i":"accessibility-noteAbbr","$v":"note"},{"$i":"accessibility-figureAbbr","$v":"fig"},{"$i":"accessibility-definitionlistAbbr","$v":"definition list"},{"$i":"accessibility-termAbbr","$v":"term"},{"$i":"accessibility-definitionAbbr","$v":"definition"},{"$i":"accessibility-textareaAbbr","$v":"txtarea"},{"$i":"accessibility-tblColumnInfoAbbr","$v":{"one":[{"t":"idOrVar","v":"count"},"c"],"two":[{"t":"idOrVar","v":"count"},"c"],"few":[{"t":"idOrVar","v":"count"},"c"],"many":[{"t":"idOrVar","v":"count"},"c"],"other":[{"t":"idOrVar","v":"count"},"c"]},"$x":[{"t":"idOrVar","v":"plural"},"count"]},{"$i":"accessibility-tblRowInfoAbbr","$v":{"one":[{"t":"idOrVar","v":"count"},"r"],"two":[{"t":"idOrVar","v":"count"},"r"],"few":[{"t":"idOrVar","v":"count"},"r"],"many":[{"t":"idOrVar","v":"count"},"r"],"other":[{"t":"idOrVar","v":"count"},"r"]},"$x":[{"t":"idOrVar","v":"plural"},"count"]},{"$i":"accessibility-cellInfoAbbr","$v":["c",{"t":"idOrVar","v":"0"},"r",{"t":"idOrVar","v":"1"}]},{"$i":"accessibility-stateCheckedAbbr","$v":"(x)"},{"$i":"accessibility-stateUncheckedAbbr","$v":"( )"},{"$i":"accessibility-statePressedAbbr","$v":"(x)"},{"$i":"accessibility-stateUnpressedAbbr","$v":"( )"},{"$i":"weekday-0-long","$v":"星期日"},{"$i":"weekday-1-long","$v":"星期一"},{"$i":"weekday-2-long","$v":"星期二"},{"$i":"weekday-3-long","$v":"星期三"},{"$i":"weekday-4-long","$v":"星期四"},{"$i":"weekday-5-long","$v":"星期五"},{"$i":"weekday-6-long","$v":"星期六"},{"$i":"weekday-0-short","$v":"週日"},{"$i":"weekday-1-short","$v":"週一"},{"$i":"weekday-2-short","$v":"週二"},{"$i":"weekday-3-short","$v":"週三"},{"$i":"weekday-4-short","$v":"週四"},{"$i":"weekday-5-short","$v":"週五"},{"$i":"weekday-6-short","$v":"週六"},{"$i":"month-0-long","$v":"一月"},{"$i":"month-1-long","$v":"二月"},{"$i":"month-2-long","$v":"三月"},{"$i":"month-3-long","$v":"四月"},{"$i":"month-4-long","$v":"五月"},{"$i":"month-5-long","$v":"六月"},{"$i":"month-6-long","$v":"七月"},{"$i":"month-7-long","$v":"八月"},{"$i":"month-8-long","$v":"九月"},{"$i":"month-9-long","$v":"十月"},{"$i":"month-10-long","$v":"十一月"},{"$i":"month-11-long","$v":"十二月"},{"$i":"month-0-genitive","$v":"1 月"},{"$i":"month-1-genitive","$v":"2 月"},{"$i":"month-2-genitive","$v":"3 月"},{"$i":"month-3-genitive","$v":"4 月"},{"$i":"month-4-genitive","$v":"5 月"},{"$i":"month-5-genitive","$v":"6 月"},{"$i":"month-6-genitive","$v":"7 月"},{"$i":"month-7-genitive","$v":"8 月"},{"$i":"month-8-genitive","$v":"9 月"},{"$i":"month-9-genitive","$v":"10 月"},{"$i":"month-10-genitive","$v":"11 月"},{"$i":"month-11-genitive","$v":"12 月"},{"$i":"month-0-short","$v":"1 月"},{"$i":"month-1-short","$v":"2 月"},{"$i":"month-2-short","$v":"3 月"},{"$i":"month-3-short","$v":"4 月"},{"$i":"month-4-short","$v":"5 月"},{"$i":"month-5-short","$v":"6 月"},{"$i":"month-6-short","$v":"7 月"},{"$i":"month-7-short","$v":"8 月"},{"$i":"month-8-short","$v":"9 月"},{"$i":"month-9-short","$v":"10 月"},{"$i":"month-10-short","$v":"11 月"},{"$i":"month-11-short","$v":"12 月"},{"$i":"minutes-ago-long","$v":{"zero":"剛剛","one":"1 分鐘前","two":[{"t":"idOrVar","v":"value"}," 分鐘前"],"few":[{"t":"idOrVar","v":"value"}," 分鐘前"],"many":[{"t":"idOrVar","v":"value"}," 分鐘前"],"other":[{"t":"idOrVar","v":"value"}," 分鐘前"]},"$x":[{"t":"idOrVar","v":"plural"},"value"]},{"$i":"hours-ago-long","$v":{"zero":"剛剛","one":"1 小時前","two":[{"t":"idOrVar","v":"value"}," 小時前"],"few":[{"t":"idOrVar","v":"value"}," 小時前"],"many":[{"t":"idOrVar","v":"value"}," 小時前"],"other":[{"t":"idOrVar","v":"value"}," 小時前"]},"$x":[{"t":"idOrVar","v":"plural"},"value"]},{"$i":"days-ago-long","$v":{"zero":"今天","one":"昨天","two":[{"t":"idOrVar","v":"value"}," 天前"],"few":[{"t":"idOrVar","v":"value"}," 天前"],"many":[{"t":"idOrVar","v":"value"}," 天前"],"other":[{"t":"idOrVar","v":"value"}," 天前"]},"$x":[{"t":"idOrVar","v":"plural"},"value"]},{"$i":"weeks-ago-long","$v":{"zero":"本週","one":"上週","two":[{"t":"idOrVar","v":"value"}," 週前"],"few":[{"t":"idOrVar","v":"value"}," 週前"],"many":[{"t":"idOrVar","v":"value"}," 週前"],"other":[{"t":"idOrVar","v":"value"}," 週前"]},"$x":[{"t":"idOrVar","v":"plural"},"value"]},{"$i":"months-ago-long","$v":{"zero":"本月","one":"上月","two":[{"t":"idOrVar","v":"value"}," 月前"],"few":[{"t":"idOrVar","v":"value"}," 月前"],"many":[{"t":"idOrVar","v":"value"}," 月前"],"other":[{"t":"idOrVar","v":"value"}," 月前"]},"$x":[{"t":"idOrVar","v":"plural"},"value"]},{"$i":"years-ago-long","$v":{"zero":"今年","one":"去年","two":[{"t":"idOrVar","v":"value"}," 年前"],"few":[{"t":"idOrVar","v":"value"}," 年前"],"many":[{"t":"idOrVar","v":"value"}," 年前"],"other":[{"t":"idOrVar","v":"value"}," 年前"]},"$x":[{"t":"idOrVar","v":"plural"},"value"]},{"$i":"minutes-until-long","$v":{"zero":"現在","one":"1 分鐘內","two":[{"t":"idOrVar","v":"value"}," 分鐘內"],"few":[{"t":"idOrVar","v":"value"}," 分鐘內"],"many":[{"t":"idOrVar","v":"value"}," 分鐘內"],"other":[{"t":"idOrVar","v":"value"}," 分鐘內"]},"$x":[{"t":"idOrVar","v":"plural"},"value"]},{"$i":"hours-until-long","$v":{"zero":"現在","one":"1 小時內","two":[{"t":"idOrVar","v":"value"}," 小時前"],"few":[{"t":"idOrVar","v":"value"}," 小時前"],"many":[{"t":"idOrVar","v":"value"}," 小時前"],"other":[{"t":"idOrVar","v":"value"}," 小時前"]},"$x":[{"t":"idOrVar","v":"plural"},"value"]},{"$i":"days-until-long","$v":{"zero":"今天","one":"明天","two":[{"t":"idOrVar","v":"value"}," 天內"],"few":[{"t":"idOrVar","v":"value"}," 天內"],"many":[{"t":"idOrVar","v":"value"}," 天內"],"other":[{"t":"idOrVar","v":"value"}," 天內"]},"$x":[{"t":"idOrVar","v":"plural"},"value"]},{"$i":"weeks-until-long","$v":{"zero":"本週","one":"下週","two":[{"t":"idOrVar","v":"value"}," 週內"],"few":[{"t":"idOrVar","v":"value"}," 週內"],"many":[{"t":"idOrVar","v":"value"}," 週內"],"other":[{"t":"idOrVar","v":"value"}," 週內"]},"$x":[{"t":"idOrVar","v":"plural"},"value"]},{"$i":"months-until-long","$v":{"zero":"本月","one":"下月","two":[{"t":"idOrVar","v":"value"}," 月內"],"few":[{"t":"idOrVar","v":"value"}," 月內"],"many":[{"t":"idOrVar","v":"value"}," 月內"],"other":[{"t":"idOrVar","v":"value"}," 月內"]},"$x":[{"t":"idOrVar","v":"plural"},"value"]},{"$i":"years-until-long","$v":{"zero":"今年","one":"明年","two":[{"t":"idOrVar","v":"value"}," 年內"],"few":[{"t":"idOrVar","v":"value"}," 年內"],"many":[{"t":"idOrVar","v":"value"}," 年內"],"other":[{"t":"idOrVar","v":"value"}," 年內"]},"$x":[{"t":"idOrVar","v":"plural"},"value"]},{"$i":"minutes-ago-short","$v":{"zero":"剛剛","other":[{"t":"idOrVar","v":"value"}," 分前"]},"$x":[{"t":"idOrVar","v":"plural"},"value"]},{"$i":"hours-ago-short","$v":{"zero":"剛剛","other":[{"t":"idOrVar","v":"value"}," 時前"]},"$x":[{"t":"idOrVar","v":"plural"},"value"]},{"$i":"days-ago-short","$v":{"zero":"今天","other":[{"t":"idOrVar","v":"value"}," 天前"]},"$x":[{"t":"idOrVar","v":"plural"},"value"]},{"$i":"minutes-until-short","$v":{"zero":"現在","other":[{"t":"idOrVar","v":"value"}," 分內"]},"$x":[{"t":"idOrVar","v":"plural"},"value"]},{"$i":"hours-until-short","$v":{"zero":"現在","other":[{"t":"idOrVar","v":"value"}," 時內"]},"$x":[{"t":"idOrVar","v":"plural"},"value"]},{"$i":"days-until-short","$v":{"zero":"今天","other":[{"t":"idOrVar","v":"value"}," 天內"]},"$x":[{"t":"idOrVar","v":"plural"},"value"]},{"$i":"incorrectDate","$v":"（日期不正確）"},{"$i":"dateTimeFormat_%c","$v":"%Y年%b%d日 %a %p %I:%M:%S"},{"$i":"dateTimeFormat_%x","$v":"%Y/%m/%d"},{"$i":"dateTimeFormat_%X","$v":"%p %I:%M:%S"},{"$i":"shortTimeFormat","$v":"%p %I:%M"},{"$i":"shortTimeFormat12","$v":"%I:%M %p"},{"$i":"shortTimeFormat24","$v":"%H:%M"},{"$i":"shortDateTimeFormat","$v":"%x %p %I:%M"},{"$i":"weekStartsOnMonday","$v":"1"},{"$i":"time_am","$v":"上午"},{"$i":"time_pm","$v":"下午"},{"$i":"title-app","$v":"App Permission"},{"$i":"title-web","$v":"Website Permission"},{"$i":"title-cam","$v":"Select Camera"},{"$i":"perm-alarms","$v":"Schedule Alarms"},{"$i":"perm-audio-capture","$v":"麥克風"},{"$i":"perm-audio-capture-appRequest","$v":["您想要與 ",{"t":"idOrVar","v":"app"}," 分享您的麥克風嗎？"]},{"$i":"perm-audio-capture-webRequest","$v":["您想要與 ",{"t":"idOrVar","v":"site"}," 分享您的麥克風嗎？"]},{"$i":"perm-audio-channel-content","$v":"Play Sounds"},{"$i":"perm-audio-channel-notification","$v":"Play Notification Sounds"},{"$i":"perm-audio-channel-ringer","$v":"Play Ringtone Sounds"},{"$i":"perm-background-sensors","$v":"Access Sensor Data"},{"$i":"perm-bluetooth","$v":"Bluetooth"},{"$i":"perm-browser","$v":"Inspect Web Pages"},{"$i":"perm-camera","$v":"Cameras"},{"$i":"perm-camera-selector-appRequest","$v":["Select a camera for ",{"t":"idOrVar","v":"app"},"."]},{"$i":"perm-camera-selector-webRequest","$v":["Select a camera for ",{"t":"idOrVar","v":"site"},"."]},{"$i":"perm-cellbroadcast","$v":"Cell Broadcasts"},{"$i":"perm-contacts","$v":"聯絡人"},{"$i":"perm-contacts-appRequest","$v":[{"t":"idOrVar","v":"app"}," 想要存取您的聯絡人清單。"]},{"$i":"perm-contacts-webRequest","$v":[{"t":"idOrVar","v":"site"}," 想要存取您的聯絡人清單。"]},{"$i":"perm-desktop-notification","$v":"通知"},{"$i":"perm-desktop-notification-appRequest","$v":[{"t":"idOrVar","v":"app"}," 想要顯示通知。"]},{"$i":"perm-desktop-notification-webRequest","$v":[{"t":"idOrVar","v":"site"}," 想要顯示通知。"]},{"$i":"perm-device-storage-apps","$v":"Apps Storage"},{"$i":"perm-device-storage-music","$v":"音樂儲存空間"},{"$i":"perm-device-storage-music-appRequest","$v":[{"t":"idOrVar","v":"app"}," 想要存取您的音樂。"]},{"$i":"perm-device-storage-music-webRequest","$v":[{"t":"idOrVar","v":"site"}," 想要存取您的音樂。"]},{"$i":"perm-device-storage-pictures","$v":"圖片儲存空間"},{"$i":"perm-device-storage-pictures-appRequest","$v":[{"t":"idOrVar","v":"app"}," 想要存取您的圖片。"]},{"$i":"perm-device-storage-pictures-webRequest","$v":[{"t":"idOrVar","v":"site"}," 想要存取您的圖片。"]},{"$i":"perm-device-storage-sdcard","$v":"記憶卡儲存空間"},{"$i":"perm-device-storage-sdcard-appRequest","$v":[{"t":"idOrVar","v":"app"}," 想要存取您的記憶卡。"]},{"$i":"perm-device-storage-sdcard-webRequest","$v":[{"t":"idOrVar","v":"site"}," 想要存取您的記憶卡。"]},{"$i":"perm-device-storage-videos","$v":"影片儲存空間"},{"$i":"perm-device-storage-videos-appRequest","$v":[{"t":"idOrVar","v":"app"}," 想要存取您的影片庫。"]},{"$i":"perm-device-storage-videos-webRequest","$v":[{"t":"idOrVar","v":"site"}," 想要存取您的影片庫。"]},{"$i":"perm-embed-apps","$v":"Embed Apps"},{"$i":"perm-fmradio","$v":"FM 收音機"},{"$i":"perm-fmradio-appRequest","$v":[{"t":"idOrVar","v":"app"}," 想要使用 FM 收音機。"]},{"$i":"perm-fmradio-webRequest","$v":[{"t":"idOrVar","v":"site"}," 想要使用 FM 收音機。"]},{"$i":"perm-geolocation","$v":"地理資訊"},{"$i":"perm-geolocation-appRequest","$v":[{"t":"idOrVar","v":"app"}," 想要知道您所在的地理位置。"]},{"$i":"perm-geolocation-more-info","$v":[{"t":"idOrVar","v":"brandShortName"}," 將會使用諸如 GPS、Wi-Fi、與您附近的數據網路基地台等資料來幫助判斷您的大略位置。這些資料將會傳送到 Mozilla 與其他的服務提供者，並結合起來改善位置資料庫的準確度。這些資料可能也會儲存在您的裝置上；就算沒有執行程式時也可能會收集這些資料。"]},{"$i":"perm-geolocation-webRequest","$v":[{"t":"idOrVar","v":"site"}," 想要知道您所在的地理位置。"]},{"$i":"perm-idle","$v":"See Idle Status"},{"$i":"perm-indexedDB-chrome-settings","$v":"Privileged IndexedDB"},{"$i":"perm-indexedDB-unlimited","$v":"Unlimited IndexedDB Storage"},{"$i":"perm-input-manage","$v":"Manage Keyboards"},{"$i":"perm-input","$v":"Act as a Keyboard"},{"$i":"perm-media-capture","$v":"相機與麥克風"},{"$i":"perm-media-capture-appRequest","$v":["您想要與 ",{"t":"idOrVar","v":"app"}," 分享您的相機與麥克風嗎？"]},{"$i":"perm-media-capture-webRequest","$v":["您想要與 ",{"t":"idOrVar","v":"site"}," 分享您的相機與麥克風嗎？"]},{"$i":"perm-mobileconnection","$v":"Mobile Connection"},{"$i":"perm-mobileid","$v":"Mobile Identity"},{"$i":"perm-network-events","$v":"Network Events"},{"$i":"perm-open-remote-window","$v":"Start an App"},{"$i":"perm-permissions","$v":"Modify Apps Permissions"},{"$i":"perm-power","$v":"Power Settings"},{"$i":"perm-settings","$v":"Modify Settings"},{"$i":"perm-systemXHR","$v":"Cross-Origin Requests"},{"$i":"perm-telephony","$v":"Telephony"},{"$i":"perm-video-capture","$v":"相機"},{"$i":"perm-video-capture-appRequest","$v":["您想要與 ",{"t":"idOrVar","v":"app"}," 分享您的相機嗎？"]},{"$i":"perm-video-capture-webRequest","$v":["您想要與 ",{"t":"idOrVar","v":"site"}," 分享您的相機嗎？"]},{"$i":"perm-voicemail","$v":"Control Voicemail"},{"$i":"perm-webapps-manage","$v":"Install Webapps"},{"$i":"perm-wifi-manage","$v":"Manage Wi-Fi"},{"$i":"perm-attention","$v":"Open Overlay Popups"},{"$i":"perm-audio-channel-alarm","$v":"Play Alarm Sounds"},{"$i":"perm-audio-channel-normal","$v":"Play Sounds"},{"$i":"perm-audio-channel-publicnotification","$v":"Play public notification sounds"},{"$i":"perm-audio-channel-telephony","$v":"Play Telephony Sounds"},{"$i":"perm-backgroundservice","$v":"Act as a Background Service"},{"$i":"perm-device-storage-crashes","$v":"Crash Data Storage"},{"$i":"perm-downloads","$v":"Access Downloads"},{"$i":"perm-embed-widgets","$v":"Embed Widgets"},{"$i":"perm-feature-detection","$v":"Feature Detection"},{"$i":"perm-firefox-accounts","$v":"Firefox Accounts"},{"$i":"perm-mobilenetwork","$v":"Mobile Network"},{"$i":"perm-moz-attention","$v":"Open Overlay Popups (moz)"},{"$i":"perm-moz-audio-channel-ringer","$v":"Play Ringtone Sounds (moz)"},{"$i":"perm-moz-audio-channel-telephony","$v":"Play Telephony Sounds (moz)"},{"$i":"perm-moz-firefox-accounts","$v":"Firefox Accounts (moz)"},{"$i":"perm-networkstats-manage","$v":"Control Usage Stats"},{"$i":"perm-nfc","$v":"NFC"},{"$i":"perm-nfc-hci-events","$v":"NFC HCI Events"},{"$i":"perm-nfc-manager","$v":"Manage NFC"},{"$i":"perm-phonenumberservice","$v":"Phone Number Service"},{"$i":"perm-push","$v":"Push API"},{"$i":"perm-resourcestats-manage","$v":"Resource Stats"},{"$i":"perm-sms","$v":"Send and Read SMS"},{"$i":"perm-speaker-control","$v":"Control Volume"},{"$i":"perm-storage","$v":"Access Storage"},{"$i":"perm-tcp-socket","$v":"TCP Sockets"},{"$i":"perm-test-permission","$v":"Test Permission"},{"$i":"perm-time","$v":"Set Date and Time"},{"$i":"perm-udp-socket","$v":"UDP Sockets"},{"$i":"perm-wappush","$v":"WAP Push"},{"$i":"stopped_download_title","$v":"下載已停止"},{"$i":"stopped_download_message","$v":"已經停止下載，要再試著下載一次嗎？"},{"$i":"stopped_download_left_button","$v":"取消"},{"$i":"stopped_download_right_button","$v":"重試"},{"$i":"failed_download_title","$v":"下載失敗"},{"$i":"failed_download_message","$v":[{"t":"idOrVar","v":"name"}," 下載失敗，要再試著下載一次嗎？"]},{"$i":"failed_download_left_button","$v":"取消"},{"$i":"failed_download_right_button","$v":"重試"},{"$i":"stop_download_title","$v":"停止下載"},{"$i":"stop_download_message","$v":"您確定真的要停止下載嗎？"},{"$i":"stop_download_left_button","$v":"否"},{"$i":"stop_download_right_button","$v":"是"},{"$i":"delete_download_title","$v":"刪除"},{"$i":"delete_download_message","$v":["刪除 ",{"t":"idOrVar","v":"name"},"？"]},{"$i":"delete_download_left_button","$v":"取消"},{"$i":"delete_download_right_button","$v":"刪除"},{"$i":"delete_all_download_title","$v":"刪除"},{"$i":"delete_all_download_left_button","$v":"取消"},{"$i":"delete_all_download_right_button","$v":"刪除"},{"$i":"delete_all_download_message","$v":{"zero":"不刪除檔案？","one":"刪除 1 個檔案？","two":["刪除 ",{"t":"idOrVar","v":"number"}," 個檔案？"],"few":["刪除 ",{"t":"idOrVar","v":"number"}," 個檔案？"],"many":["刪除 ",{"t":"idOrVar","v":"number"}," 個檔案？"],"other":["刪除 ",{"t":"idOrVar","v":"number"}," 個檔案？"]},"$x":[{"t":"idOrVar","v":"plural"},"number"]},{"$i":"unsupported_file_type_download_title","$v":"無法開啟"},{"$i":"unsupported_file_type_download_message","$v":["沒有應用程式可開啟 ",{"t":"idOrVar","v":"name"},"。您想要儲存或刪除該檔案？"]},{"$i":"unsupported_file_type_download_left_button","$v":"保留檔案"},{"$i":"unsupported_file_type_download_right_button","$v":"刪除"},{"$i":"file_not_found_download_title","$v":"找不到檔案"},{"$i":"file_not_found_download_message","$v":"無法在裝置中找到該檔案"},{"$i":"file_not_found_download_right_button","$v":"確定"},{"$i":"unmounted_sdcard_2_download_title","$v":"記憶卡現正使用中"},{"$i":"unmounted_sdcard_2_download_message","$v":"拔除傳輸線"},{"$i":"unmounted_sdcard_2_download_right_button","$v":"確定"},{"$i":"no_provider_download_title","$v":"無法分享"},{"$i":"no_provider_download_message","$v":"找不到提供者"},{"$i":"no_provider_download_right_button","$v":"確定"},{"$i":"no_memory_download_title","$v":"SD 卡已滿"},{"$i":"no_memory_download_message","$v":"您的 SD 卡上已經沒有剩餘空間可以儲存下載檔案，請先移除一些檔案再重新下載。"},{"$i":"no_memory_download_right_button","$v":"確定"},{"$i":"no_sdcard_found_2_download_title","$v":"找不到記憶卡"},{"$i":"no_sdcard_found_2_download_message","$v":"插入記憶卡或在設定中選擇不同的預設媒體儲存位置"},{"$i":"no_sdcard_found_2_download_right_button","$v":"確定"},{"$i":"file_open_error_download_title","$v":"無法開啟"},{"$i":"file_open_error_download_message","$v":["開啟 ",{"t":"idOrVar","v":"name"}," 時發生問題。您想要儲存或刪除該檔案？"]},{"$i":"file_open_error_download_left_button","$v":"保留檔案"},{"$i":"file_open_error_download_right_button","$v":"刪除"},{"$i":"restart_download_error","$v":"重新開始下載時發生錯誤，請再次下載。"},{"$i":"no-downloads","$v":"沒有任何下載檔案"},{"$i":"percentage","$v":[{"t":"idOrVar","v":"percentage"}," %"]},{"$i":"partialResult","$v":[{"t":"idOrVar","v":"total"}," 當中的第 ",{"t":"idOrVar","v":"partial"}," 個"]},{"$i":"summary","$v":[{"t":"idOrVar","v":"date"}," - ",{"t":"idOrVar","v":"status"}]},{"$i":"download-stopped","$v":"停止"},{"$i":"download-failed","$v":"下載失敗"},{"$i":"open_downloaded_file","$v":"開啟"},{"$i":"share_downloaded_file","$v":"分享"},{"$i":"wallpaper_downloaded_file","$v":"設為桌面背景"},{"$i":"ringtone_downloaded_file","$v":"設為鈴聲"},{"$i":"cancel_downloaded_file","$v":"取消"},{"$i":"voicemailNoNumberTitle","$v":"Voicemail number is unavailable"},{"$i":"voicemailNoNumberText","$v":"Unable to call the voicemail. Set up the voicemail number to place the call."},{"$i":"voicemailNoNumberSettings","$v":"Settings"},{"$i":"voicemailNoNumberCancel","$v":"Cancel"},{"$i":"airplaneMode","$v":"飛航模式"},{"$i":"searching","$v":"搜尋中…"},{"$i":"noNetwork","$v":"無網路"},{"$i":"roaming","$v":[{"t":"idOrVar","v":"operator"},"（漫遊中）"]},{"$i":"operator-info","$v":[{"t":"idOrVar","v":"carrier"}," ",{"t":"idOrVar","v":"region"}]},{"$i":"emergencyCallsOnly","$v":"僅可撥打緊急電話"},{"$i":"emergencyCallsOnly-unknownSIMState","$v":"(SIM 卡狀態未知)"},{"$i":"emergencyCallsOnly-noSIM","$v":"(無 SIM 卡)"},{"$i":"emergencyCallsOnly-pinRequired","$v":"(需要輸入 SIM PIN)"},{"$i":"emergencyCallsOnly-pukRequired","$v":"(需要輸入 SIM PUK)"},{"$i":"emergencyCallsOnly-networkLocked","$v":"(網路已鎖定)"},{"$i":"emergencyCallsOnly-serviceProviderLocked","$v":"(電信業者已鎖定)"},{"$i":"emergencyCallsOnly-corporateLocked","$v":"(公司已鎖定)"},{"$i":"emergencyCallsOnly-network1Locked","$v":"(network1 locked)"},{"$i":"emergencyCallsOnly-network2Locked","$v":"(network2 locked)"},{"$i":"emergencyCallsOnly-hrpdNetworkLocked","$v":"(hrpd network locked)"},{"$i":"emergencyCallsOnly-ruimCorporateLocked","$v":"(ruim corporate locked)"},{"$i":"emergencyCallsOnly-ruimServiceProviderLocked","$v":"(ruim service provider locked)"},{"$i":"lockscreen-sim-id","$v":["SIM ",{"t":"idOrVar","v":"n"}]},{"$i":"gaia-menu-cancel","$v":"Cancel"}]